file,layout,mirror,cond,run_order,label,cx,cy,x0,y0,x1,y1,target_rgb,target_hex,target_wcagL,target_Lstar,target_Cstar,distractor_rgb,bg_rgb,bg_contrast,text_contrast,layout_seed,block_seed,boxes
d3_L00_gray_N.png,0,0,gray,0,로그인,562,521,487,494,637,548,"179,179,179",#b3b3b3,0.4508,72.94,0.0,"179,179,179","70,70,70",4.502,8.786,500,7000,"[{""label"": ""로그인"", ""x0"": 487, ""y0"": 494, ""x1"": 637, ""y1"": 548, ""rgb"": [179, 179, 179]}, {""label"": ""취소"", ""x0"": 276, ""y0"": 399, ""x1"": 426, ""y1"": 453, ""rgb"": [179, 179, 179]}, {""label"": ""설정"", ""x0"": 232, ""y0"": 125, ""x1"": 382, ""y1"": 179, ""rgb"": [179, 179, 179]}, {""label"": ""검색"", ""x0"": 33, ""y0"": 222, ""x1"": 183, ""y1"": 276, ""rgb"": [179, 179, 179]}, {""label"": ""저장"", ""x0"": 353, ""y0"": 252, ""x1"": 503, ""y1"": 306, ""rgb"": [179, 179, 179]}, {""label"": ""홈"", ""x0"": 653, ""y0"": 329, ""x1"": 803, ""y1"": 383, ""rgb"": [179, 179, 179]}, {""label"": ""도움말"", ""x0"": 514, ""y0"": 134, ""x1"": 664, ""y1"": 188, ""rgb"": [179, 179, 179]}, {""label"": ""삭제"", ""x0"": 635, ""y0"": 22, ""x1"": 785, ""y1"": 76, ""rgb"": [179, 179, 179]}]"
d3_L00_h335_N.png,0,0,335,1,로그인,562,521,487,494,637,548,"230,155,211",#e69bd3,0.4497,72.87,40.22,"179,179,179","70,70,70",4.492,8.767,500,7000,"[{""label"": ""로그인"", ""x0"": 487, ""y0"": 494, ""x1"": 637, ""y1"": 548, ""rgb"": [230, 155, 211]}, {""label"": ""취소"", ""x0"": 276, ""y0"": 399, ""x1"": 426, ""y1"": 453, ""rgb"": [179, 179, 179]}, {""label"": ""설정"", ""x0"": 232, ""y0"": 125, ""x1"": 382, ""y1"": 179, ""rgb"": [179, 179, 179]}, {""label"": ""검색"", ""x0"": 33, ""y0"": 222, ""x1"": 183, ""y1"": 276, ""rgb"": [179, 179, 179]}, {""label"": ""저장"", ""x0"": 353, ""y0"": 252, ""x1"": 503, ""y1"": 306, ""rgb"": [179, 179, 179]}, {""label"": ""홈"", ""x0"": 653, ""y0"": 329, ""x1"": 803, ""y1"": 383, ""rgb"": [179, 179, 179]}, {""label"": ""도움말"", ""x0"": 514, ""y0"": 134, ""x1"": 664, ""y1"": 188, ""rgb"": [179, 179, 179]}, {""label"": ""삭제"", ""x0"": 635, ""y0"": 22, ""x1"": 785, ""y1"": 76, ""rgb"": [179, 179, 179]}]"
d3_L00_h290_N.png,0,0,290,2,로그인,562,521,487,494,637,548,"165,174,248",#a5aef8,0.4505,72.92,40.21,"179,179,179","70,70,70",4.499,8.781,500,7000,"[{""label"": ""로그인"", ""x0"": 487, ""y0"": 494, ""x1"": 637, ""y1"": 548, ""rgb"": [165, 174, 248]}, {""label"": ""취소"", ""x0"": 276, ""y0"": 399, ""x1"": 426, ""y1"": 453, ""rgb"": [179, 179, 179]}, {""label"": ""설정"", ""x0"": 232, ""y0"": 125, ""x1"": 382, ""y1"": 179, ""rgb"": [179, 179, 179]}, {""label"": ""검색"", ""x0"": 33, ""y0"": 222, ""x1"": 183, ""y1"": 276, ""rgb"": [179, 179, 179]}, {""label"": ""저장"", ""x0"": 353, ""y0"": 252, ""x1"": 503, ""y1"": 306, ""rgb"": [179, 179, 179]}, {""label"": ""홈"", ""x0"": 653, ""y0"": 329, ""x1"": 803, ""y1"": 383, ""rgb"": [179, 179, 179]}, {""label"": ""도움말"", ""x0"": 514, ""y0"": 134, ""x1"": 664, ""y1"": 188, ""rgb"": [179, 179, 179]}, {""label"": ""삭제"", ""x0"": 635, ""y0"": 22, ""x1"": 785, ""y1"": 76, ""rgb"": [179, 179, 179]}]"
d3_L00_h155_N.png,0,0,155,3,로그인,562,521,487,494,637,548,"113,196,147",#71c493,0.451,72.95,39.99,"179,179,179","70,70,70",4.503,8.789,500,7000,"[{""label"": ""로그인"", ""x0"": 487, ""y0"": 494, ""x1"": 637, ""y1"": 548, ""rgb"": [113, 196, 147]}, {""label"": ""취소"", ""x0"": 276, ""y0"": 399, ""x1"": 426, ""y1"": 453, ""rgb"": [179, 179, 179]}, {""label"": ""설정"", ""x0"": 232, ""y0"": 125, ""x1"": 382, ""y1"": 179, ""rgb"": [179, 179, 179]}, {""label"": ""검색"", ""x0"": 33, ""y0"": 222, ""x1"": 183, ""y1"": 276, ""rgb"": [179, 179, 179]}, {""label"": ""저장"", ""x0"": 353, ""y0"": 252, ""x1"": 503, ""y1"": 306, ""rgb"": [179, 179, 179]}, {""label"": ""홈"", ""x0"": 653, ""y0"": 329, ""x1"": 803, ""y1"": 383, ""rgb"": [179, 179, 179]}, {""label"": ""도움말"", ""x0"": 514, ""y0"": 134, ""x1"": 664, ""y1"": 188, ""rgb"": [179, 179, 179]}, {""label"": ""삭제"", ""x0"": 635, ""y0"": 22, ""x1"": 785, ""y1"": 76, ""rgb"": [179, 179, 179]}]"
d3_L00_h65_N.png,0,0,65,4,로그인,562,521,487,494,637,548,"228,166,113",#e4a671,0.4496,72.87,40.03,"179,179,179","70,70,70",4.491,8.766,500,7000,"[{""label"": ""로그인"", ""x0"": 487, ""y0"": 494, ""x1"": 637, ""y1"": 548, ""rgb"": [228, 166, 113]}, {""label"": ""취소"", ""x0"": 276, ""y0"": 399, ""x1"": 426, ""y1"": 453, ""rgb"": [179, 179, 179]}, {""label"": ""설정"", ""x0"": 232, ""y0"": 125, ""x1"": 382, ""y1"": 179, ""rgb"": [179, 179, 179]}, {""label"": ""검색"", ""x0"": 33, ""y0"": 222, ""x1"": 183, ""y1"": 276, ""rgb"": [179, 179, 179]}, {""label"": ""저장"", ""x0"": 353, ""y0"": 252, ""x1"": 503, ""y1"": 306, ""rgb"": [179, 179, 179]}, {""label"": ""홈"", ""x0"": 653, ""y0"": 329, ""x1"": 803, ""y1"": 383, ""rgb"": [179, 179, 179]}, {""label"": ""도움말"", ""x0"": 514, ""y0"": 134, ""x1"": 664, ""y1"": 188, ""rgb"": [179, 179, 179]}, {""label"": ""삭제"", ""x0"": 635, ""y0"": 22, ""x1"": 785, ""y1"": 76, ""rgb"": [179, 179, 179]}]"
d3_L00_h200_N.png,0,0,200,5,로그인,562,521,487,494,637,548,"24,198,203",#18c6cb,0.4489,72.82,39.91,"179,179,179","70,70,70",4.485,8.754,500,7000,"[{""label"": ""로그인"", ""x0"": 487, ""y0"": 494, ""x1"": 637, ""y1"": 548, ""rgb"": [24, 198, 203]}, {""label"": ""취소"", ""x0"": 276, ""y0"": 399, ""x1"": 426, ""y1"": 453, ""rgb"": [179, 179, 179]}, {""label"": ""설정"", ""x0"": 232, ""y0"": 125, ""x1"": 382, ""y1"": 179, ""rgb"": [179, 179, 179]}, {""label"": ""검색"", ""x0"": 33, ""y0"": 222, ""x1"": 183, ""y1"": 276, ""rgb"": [179, 179, 179]}, {""label"": ""저장"", ""x0"": 353, ""y0"": 252, ""x1"": 503, ""y1"": 306, ""rgb"": [179, 179, 179]}, {""label"": ""홈"", ""x0"": 653, ""y0"": 329, ""x1"": 803, ""y1"": 383, ""rgb"": [179, 179, 179]}, {""label"": ""도움말"", ""x0"": 514, ""y0"": 134, ""x1"": 664, ""y1"": 188, ""rgb"": [179, 179, 179]}, {""label"": ""삭제"", ""x0"": 635, ""y0"": 22, ""x1"": 785, ""y1"": 76, ""rgb"": [179, 179, 179]}]"
d3_L00_h110_N.png,0,0,110,6,로그인,562,521,487,494,637,548,"178,184,109",#b2b86d,0.4485,72.79,39.73,"179,179,179","70,70,70",4.481,8.746,500,7000,"[{""label"": ""로그인"", ""x0"": 487, ""y0"": 494, ""x1"": 637, ""y1"": 548, ""rgb"": [178, 184, 109]}, {""label"": ""취소"", ""x0"": 276, ""y0"": 399, ""x1"": 426, ""y1"": 453, ""rgb"": [179, 179, 179]}, {""label"": ""설정"", ""x0"": 232, ""y0"": 125, ""x1"": 382, ""y1"": 179, ""rgb"": [179, 179, 179]}, {""label"": ""검색"", ""x0"": 33, ""y0"": 222, ""x1"": 183, ""y1"": 276, ""rgb"": [179, 179, 179]}, {""label"": ""저장"", ""x0"": 353, ""y0"": 252, ""x1"": 503, ""y1"": 306, ""rgb"": [179, 179, 179]}, {""label"": ""홈"", ""x0"": 653, ""y0"": 329, ""x1"": 803, ""y1"": 383, ""rgb"": [179, 179, 179]}, {""label"": ""도움말"", ""x0"": 514, ""y0"": 134, ""x1"": 664, ""y1"": 188, ""rgb"": [179, 179, 179]}, {""label"": ""삭제"", ""x0"": 635, ""y0"": 22, ""x1"": 785, ""y1"": 76, ""rgb"": [179, 179, 179]}]"
d3_L00_h20_N.png,0,0,20,7,로그인,562,521,487,494,637,548,"250,151,156",#fa979c,0.4486,72.8,39.94,"179,179,179","70,70,70",4.482,8.748,500,7000,"[{""label"": ""로그인"", ""x0"": 487, ""y0"": 494, ""x1"": 637, ""y1"": 548, ""rgb"": [250, 151, 156]}, {""label"": ""취소"", ""x0"": 276, ""y0"": 399, ""x1"": 426, ""y1"": 453, ""rgb"": [179, 179, 179]}, {""label"": ""설정"", ""x0"": 232, ""y0"": 125, ""x1"": 382, ""y1"": 179, ""rgb"": [179, 179, 179]}, {""label"": ""검색"", ""x0"": 33, ""y0"": 222, ""x1"": 183, ""y1"": 276, ""rgb"": [179, 179, 179]}, {""label"": ""저장"", ""x0"": 353, ""y0"": 252, ""x1"": 503, ""y1"": 306, ""rgb"": [179, 179, 179]}, {""label"": ""홈"", ""x0"": 653, ""y0"": 329, ""x1"": 803, ""y1"": 383, ""rgb"": [179, 179, 179]}, {""label"": ""도움말"", ""x0"": 514, ""y0"": 134, ""x1"": 664, ""y1"": 188, ""rgb"": [179, 179, 179]}, {""label"": ""삭제"", ""x0"": 635, ""y0"": 22, ""x1"": 785, ""y1"": 76, ""rgb"": [179, 179, 179]}]"
d3_L00_h245_N.png,0,0,245,8,로그인,562,521,487,494,637,548,"67,191,244",#43bff4,0.4498,72.88,39.9,"179,179,179","70,70,70",4.493,8.77,500,7000,"[{""label"": ""로그인"", ""x0"": 487, ""y0"": 494, ""x1"": 637, ""y1"": 548, ""rgb"": [67, 191, 244]}, {""label"": ""취소"", ""x0"": 276, ""y0"": 399, ""x1"": 426, ""y1"": 453, ""rgb"": [179, 179, 179]}, {""label"": ""설정"", ""x0"": 232, ""y0"": 125, ""x1"": 382, ""y1"": 179, ""rgb"": [179, 179, 179]}, {""label"": ""검색"", ""x0"": 33, ""y0"": 222, ""x1"": 183, ""y1"": 276, ""rgb"": [179, 179, 179]}, {""label"": ""저장"", ""x0"": 353, ""y0"": 252, ""x1"": 503, ""y1"": 306, ""rgb"": [179, 179, 179]}, {""label"": ""홈"", ""x0"": 653, ""y0"": 329, ""x1"": 803, ""y1"": 383, ""rgb"": [179, 179, 179]}, {""label"": ""도움말"", ""x0"": 514, ""y0"": 134, ""x1"": 664, ""y1"": 188, ""rgb"": [179, 179, 179]}, {""label"": ""삭제"", ""x0"": 635, ""y0"": 22, ""x1"": 785, ""y1"": 76, ""rgb"": [179, 179, 179]}]"
d3_L00_h200_M.png,0,1,200,9,로그인,318,521,243,494,393,548,"24,198,203",#18c6cb,0.4489,72.82,39.91,"179,179,179","70,70,70",4.485,8.754,500,7001,"[{""label"": ""로그인"", ""x0"": 243, ""y0"": 494, ""x1"": 393, ""y1"": 548, ""rgb"": [24, 198, 203]}, {""label"": ""취소"", ""x0"": 454, ""y0"": 399, ""x1"": 604, ""y1"": 453, ""rgb"": [179, 179, 179]}, {""label"": ""설정"", ""x0"": 498, ""y0"": 125, ""x1"": 648, ""y1"": 179, ""rgb"": [179, 179, 179]}, {""label"": ""검색"", ""x0"": 697, ""y0"": 222, ""x1"": 847, ""y1"": 276, ""rgb"": [179, 179, 179]}, {""label"": ""저장"", ""x0"": 377, ""y0"": 252, ""x1"": 527, ""y1"": 306, ""rgb"": [179, 179, 179]}, {""label"": ""홈"", ""x0"": 77, ""y0"": 329, ""x1"": 227, ""y1"": 383, ""rgb"": [179, 179, 179]}, {""label"": ""도움말"", ""x0"": 216, ""y0"": 134, ""x1"": 366, ""y1"": 188, ""rgb"": [179, 179, 179]}, {""label"": ""삭제"", ""x0"": 95, ""y0"": 22, ""x1"": 245, ""y1"": 76, ""rgb"": [179, 179, 179]}]"
d3_L00_h20_M.png,0,1,20,10,로그인,318,521,243,494,393,548,"250,151,156",#fa979c,0.4486,72.8,39.94,"179,179,179","70,70,70",4.482,8.748,500,7001,"[{""label"": ""로그인"", ""x0"": 243, ""y0"": 494, ""x1"": 393, ""y1"": 548, ""rgb"": [250, 151, 156]}, {""label"": ""취소"", ""x0"": 454, ""y0"": 399, ""x1"": 604, ""y1"": 453, ""rgb"": [179, 179, 179]}, {""label"": ""설정"", ""x0"": 498, ""y0"": 125, ""x1"": 648, ""y1"": 179, ""rgb"": [179, 179, 179]}, {""label"": ""검색"", ""x0"": 697, ""y0"": 222, ""x1"": 847, ""y1"": 276, ""rgb"": [179, 179, 179]}, {""label"": ""저장"", ""x0"": 377, ""y0"": 252, ""x1"": 527, ""y1"": 306, ""rgb"": [179, 179, 179]}, {""label"": ""홈"", ""x0"": 77, ""y0"": 329, ""x1"": 227, ""y1"": 383, ""rgb"": [179, 179, 179]}, {""label"": ""도움말"", ""x0"": 216, ""y0"": 134, ""x1"": 366, ""y1"": 188, ""rgb"": [179, 179, 179]}, {""label"": ""삭제"", ""x0"": 95, ""y0"": 22, ""x1"": 245, ""y1"": 76, ""rgb"": [179, 179, 179]}]"
d3_L00_h155_M.png,0,1,155,11,로그인,318,521,243,494,393,548,"113,196,147",#71c493,0.451,72.95,39.99,"179,179,179","70,70,70",4.503,8.789,500,7001,"[{""label"": ""로그인"", ""x0"": 243, ""y0"": 494, ""x1"": 393, ""y1"": 548, ""rgb"": [113, 196, 147]}, {""label"": ""취소"", ""x0"": 454, ""y0"": 399, ""x1"": 604, ""y1"": 453, ""rgb"": [179, 179, 179]}, {""label"": ""설정"", ""x0"": 498, ""y0"": 125, ""x1"": 648, ""y1"": 179, ""rgb"": [179, 179, 179]}, {""label"": ""검색"", ""x0"": 697, ""y0"": 222, ""x1"": 847, ""y1"": 276, ""rgb"": [179, 179, 179]}, {""label"": ""저장"", ""x0"": 377, ""y0"": 252, ""x1"": 527, ""y1"": 306, ""rgb"": [179, 179, 179]}, {""label"": ""홈"", ""x0"": 77, ""y0"": 329, ""x1"": 227, ""y1"": 383, ""rgb"": [179, 179, 179]}, {""label"": ""도움말"", ""x0"": 216, ""y0"": 134, ""x1"": 366, ""y1"": 188, ""rgb"": [179, 179, 179]}, {""label"": ""삭제"", ""x0"": 95, ""y0"": 22, ""x1"": 245, ""y1"": 76, ""rgb"": [179, 179, 179]}]"
d3_L00_h290_M.png,0,1,290,12,로그인,318,521,243,494,393,548,"165,174,248",#a5aef8,0.4505,72.92,40.21,"179,179,179","70,70,70",4.499,8.781,500,7001,"[{""label"": ""로그인"", ""x0"": 243, ""y0"": 494, ""x1"": 393, ""y1"": 548, ""rgb"": [165, 174, 248]}, {""label"": ""취소"", ""x0"": 454, ""y0"": 399, ""x1"": 604, ""y1"": 453, ""rgb"": [179, 179, 179]}, {""label"": ""설정"", ""x0"": 498, ""y0"": 125, ""x1"": 648, ""y1"": 179, ""rgb"": [179, 179, 179]}, {""label"": ""검색"", ""x0"": 697, ""y0"": 222, ""x1"": 847, ""y1"": 276, ""rgb"": [179, 179, 179]}, {""label"": ""저장"", ""x0"": 377, ""y0"": 252, ""x1"": 527, ""y1"": 306, ""rgb"": [179, 179, 179]}, {""label"": ""홈"", ""x0"": 77, ""y0"": 329, ""x1"": 227, ""y1"": 383, ""rgb"": [179, 179, 179]}, {""label"": ""도움말"", ""x0"": 216, ""y0"": 134, ""x1"": 366, ""y1"": 188, ""rgb"": [179, 179, 179]}, {""label"": ""삭제"", ""x0"": 95, ""y0"": 22, ""x1"": 245, ""y1"": 76, ""rgb"": [179, 179, 179]}]"
d3_L00_gray_M.png,0,1,gray,13,로그인,318,521,243,494,393,548,"179,179,179",#b3b3b3,0.4508,72.94,0.0,"179,179,179","70,70,70",4.502,8.786,500,7001,"[{""label"": ""로그인"", ""x0"": 243, ""y0"": 494, ""x1"": 393, ""y1"": 548, ""rgb"": [179, 179, 179]}, {""label"": ""취소"", ""x0"": 454, ""y0"": 399, ""x1"": 604, ""y1"": 453, ""rgb"": [179, 179, 179]}, {""label"": ""설정"", ""x0"": 498, ""y0"": 125, ""x1"": 648, ""y1"": 179, ""rgb"": [179, 179, 179]}, {""label"": ""검색"", ""x0"": 697, ""y0"": 222, ""x1"": 847, ""y1"": 276, ""rgb"": [179, 179, 179]}, {""label"": ""저장"", ""x0"": 377, ""y0"": 252, ""x1"": 527, ""y1"": 306, ""rgb"": [179, 179, 179]}, {""label"": ""홈"", ""x0"": 77, ""y0"": 329, ""x1"": 227, ""y1"": 383, ""rgb"": [179, 179, 179]}, {""label"": ""도움말"", ""x0"": 216, ""y0"": 134, ""x1"": 366, ""y1"": 188, ""rgb"": [179, 179, 179]}, {""label"": ""삭제"", ""x0"": 95, ""y0"": 22, ""x1"": 245, ""y1"": 76, ""rgb"": [179, 179, 179]}]"
d3_L00_h110_M.png,0,1,110,14,로그인,318,521,243,494,393,548,"178,184,109",#b2b86d,0.4485,72.79,39.73,"179,179,179","70,70,70",4.481,8.746,500,7001,"[{""label"": ""로그인"", ""x0"": 243, ""y0"": 494, ""x1"": 393, ""y1"": 548, ""rgb"": [178, 184, 109]}, {""label"": ""취소"", ""x0"": 454, ""y0"": 399, ""x1"": 604, ""y1"": 453, ""rgb"": [179, 179, 179]}, {""label"": ""설정"", ""x0"": 498, ""y0"": 125, ""x1"": 648, ""y1"": 179, ""rgb"": [179, 179, 179]}, {""label"": ""검색"", ""x0"": 697, ""y0"": 222, ""x1"": 847, ""y1"": 276, ""rgb"": [179, 179, 179]}, {""label"": ""저장"", ""x0"": 377, ""y0"": 252, ""x1"": 527, ""y1"": 306, ""rgb"": [179, 179, 179]}, {""label"": ""홈"", ""x0"": 77, ""y0"": 329, ""x1"": 227, ""y1"": 383, ""rgb"": [179, 179, 179]}, {""label"": ""도움말"", ""x0"": 216, ""y0"": 134, ""x1"": 366, ""y1"": 188, ""rgb"": [179, 179, 179]}, {""label"": ""삭제"", ""x0"": 95, ""y0"": 22, ""x1"": 245, ""y1"": 76, ""rgb"": [179, 179, 179]}]"
d3_L00_h335_M.png,0,1,335,15,로그인,318,521,243,494,393,548,"230,155,211",#e69bd3,0.4497,72.87,40.22,"179,179,179","70,70,70",4.492,8.767,500,7001,"[{""label"": ""로그인"", ""x0"": 243, ""y0"": 494, ""x1"": 393, ""y1"": 548, ""rgb"": [230, 155, 211]}, {""label"": ""취소"", ""x0"": 454, ""y0"": 399, ""x1"": 604, ""y1"": 453, ""rgb"": [179, 179, 179]}, {""label"": ""설정"", ""x0"": 498, ""y0"": 125, ""x1"": 648, ""y1"": 179, ""rgb"": [179, 179, 179]}, {""label"": ""검색"", ""x0"": 697, ""y0"": 222, ""x1"": 847, ""y1"": 276, ""rgb"": [179, 179, 179]}, {""label"": ""저장"", ""x0"": 377, ""y0"": 252, ""x1"": 527, ""y1"": 306, ""rgb"": [179, 179, 179]}, {""label"": ""홈"", ""x0"": 77, ""y0"": 329, ""x1"": 227, ""y1"": 383, ""rgb"": [179, 179, 179]}, {""label"": ""도움말"", ""x0"": 216, ""y0"": 134, ""x1"": 366, ""y1"": 188, ""rgb"": [179, 179, 179]}, {""label"": ""삭제"", ""x0"": 95, ""y0"": 22, ""x1"": 245, ""y1"": 76, ""rgb"": [179, 179, 179]}]"
d3_L00_h245_M.png,0,1,245,16,로그인,318,521,243,494,393,548,"67,191,244",#43bff4,0.4498,72.88,39.9,"179,179,179","70,70,70",4.493,8.77,500,7001,"[{""label"": ""로그인"", ""x0"": 243, ""y0"": 494, ""x1"": 393, ""y1"": 548, ""rgb"": [67, 191, 244]}, {""label"": ""취소"", ""x0"": 454, ""y0"": 399, ""x1"": 604, ""y1"": 453, ""rgb"": [179, 179, 179]}, {""label"": ""설정"", ""x0"": 498, ""y0"": 125, ""x1"": 648, ""y1"": 179, ""rgb"": [179, 179, 179]}, {""label"": ""검색"", ""x0"": 697, ""y0"": 222, ""x1"": 847, ""y1"": 276, ""rgb"": [179, 179, 179]}, {""label"": ""저장"", ""x0"": 377, ""y0"": 252, ""x1"": 527, ""y1"": 306, ""rgb"": [179, 179, 179]}, {""label"": ""홈"", ""x0"": 77, ""y0"": 329, ""x1"": 227, ""y1"": 383, ""rgb"": [179, 179, 179]}, {""label"": ""도움말"", ""x0"": 216, ""y0"": 134, ""x1"": 366, ""y1"": 188, ""rgb"": [179, 179, 179]}, {""label"": ""삭제"", ""x0"": 95, ""y0"": 22, ""x1"": 245, ""y1"": 76, ""rgb"": [179, 179, 179]}]"
d3_L00_h65_M.png,0,1,65,17,로그인,318,521,243,494,393,548,"228,166,113",#e4a671,0.4496,72.87,40.03,"179,179,179","70,70,70",4.491,8.766,500,7001,"[{""label"": ""로그인"", ""x0"": 243, ""y0"": 494, ""x1"": 393, ""y1"": 548, ""rgb"": [228, 166, 113]}, {""label"": ""취소"", ""x0"": 454, ""y0"": 399, ""x1"": 604, ""y1"": 453, ""rgb"": [179, 179, 179]}, {""label"": ""설정"", ""x0"": 498, ""y0"": 125, ""x1"": 648, ""y1"": 179, ""rgb"": [179, 179, 179]}, {""label"": ""검색"", ""x0"": 697, ""y0"": 222, ""x1"": 847, ""y1"": 276, ""rgb"": [179, 179, 179]}, {""label"": ""저장"", ""x0"": 377, ""y0"": 252, ""x1"": 527, ""y1"": 306, ""rgb"": [179, 179, 179]}, {""label"": ""홈"", ""x0"": 77, ""y0"": 329, ""x1"": 227, ""y1"": 383, ""rgb"": [179, 179, 179]}, {""label"": ""도움말"", ""x0"": 216, ""y0"": 134, ""x1"": 366, ""y1"": 188, ""rgb"": [179, 179, 179]}, {""label"": ""삭제"", ""x0"": 95, ""y0"": 22, ""x1"": 245, ""y1"": 76, ""rgb"": [179, 179, 179]}]"
d3_L01_h155_N.png,1,0,155,18,로그인,744,331,669,304,819,358,"113,196,147",#71c493,0.451,72.95,39.99,"179,179,179","70,70,70",4.503,8.789,501,7002,"[{""label"": ""로그인"", ""x0"": 669, ""y0"": 304, ""x1"": 819, ""y1"": 358, ""rgb"": [113, 196, 147]}, {""label"": ""취소"", ""x0"": 261, ""y0"": 350, ""x1"": 411, ""y1"": 404, ""rgb"": [179, 179, 179]}, {""label"": ""설정"", ""x0"": 375, ""y0"": 476, ""x1"": 525, ""y1"": 530, ""rgb"": [179, 179, 179]}, {""label"": ""검색"", ""x0"": 485, ""y0"": 25, ""x1"": 635, ""y1"": 79, ""rgb"": [179, 179, 179]}, {""label"": ""저장"", ""x0"": 35, ""y0"": 393, ""x1"": 185, ""y1"": 447, ""rgb"": [179, 179, 179]}, {""label"": ""홈"", ""x0"": 233, ""y0"": 153, ""x1"": 383, ""y1"": 207, ""rgb"": [179, 179, 179]}, {""label"": ""도움말"", ""x0"": 492, ""y0"": 152, ""x1"": 642, ""y1"": 206, ""rgb"": [179, 179, 179]}, {""label"": ""삭제"", ""x0"": 120, ""y0"": 44, ""x1"": 270, ""y1"": 98, ""rgb"": [179, 179, 179]}]"
d3_L01_h290_N.png,1,0,290,19,로그인,744,331,669,304,819,358,"165,174,248",#a5aef8,0.4505,72.92,40.21,"179,179,179","70,70,70",4.499,8.781,501,7002,"[{""label"": ""로그인"", ""x0"": 669, ""y0"": 304, ""x1"": 819, ""y1"": 358, ""rgb"": [165, 174, 248]}, {""label"": ""취소"", ""x0"": 261, ""y0"": 350, ""x1"": 411, ""y1"": 404, ""rgb"": [179, 179, 179]}, {""label"": ""설정"", ""x0"": 375, ""y0"": 476, ""x1"": 525, ""y1"": 530, ""rgb"": [179, 179, 179]}, {""label"": ""검색"", ""x0"": 485, ""y0"": 25, ""x1"": 635, ""y1"": 79, ""rgb"": [179, 179, 179]}, {""label"": ""저장"", ""x0"": 35, ""y0"": 393, ""x1"": 185, ""y1"": 447, ""rgb"": [179, 179, 179]}, {""label"": ""홈"", ""x0"": 233, ""y0"": 153, ""x1"": 383, ""y1"": 207, ""rgb"": [179, 179, 179]}, {""label"": ""도움말"", ""x0"": 492, ""y0"": 152, ""x1"": 642, ""y1"": 206, ""rgb"": [179, 179, 179]}, {""label"": ""삭제"", ""x0"": 120, ""y0"": 44, ""x1"": 270, ""y1"": 98, ""rgb"": [179, 179, 179]}]"
d3_L01_h65_N.png,1,0,65,20,로그인,744,331,669,304,819,358,"228,166,113",#e4a671,0.4496,72.87,40.03,"179,179,179","70,70,70",4.491,8.766,501,7002,"[{""label"": ""로그인"", ""x0"": 669, ""y0"": 304, ""x1"": 819, ""y1"": 358, ""rgb"": [228, 166, 113]}, {""label"": ""취소"", ""x0"": 261, ""y0"": 350, ""x1"": 411, ""y1"": 404, ""rgb"": [179, 179, 179]}, {""label"": ""설정"", ""x0"": 375, ""y0"": 476, ""x1"": 525, ""y1"": 530, ""rgb"": [179, 179, 179]}, {""label"": ""검색"", ""x0"": 485, ""y0"": 25, ""x1"": 635, ""y1"": 79, ""rgb"": [179, 179, 179]}, {""label"": ""저장"", ""x0"": 35, ""y0"": 393, ""x1"": 185, ""y1"": 447, ""rgb"": [179, 179, 179]}, {""label"": ""홈"", ""x0"": 233, ""y0"": 153, ""x1"": 383, ""y1"": 207, ""rgb"": [179, 179, 179]}, {""label"": ""도움말"", ""x0"": 492, ""y0"": 152, ""x1"": 642, ""y1"": 206, ""rgb"": [179, 179, 179]}, {""label"": ""삭제"", ""x0"": 120, ""y0"": 44, ""x1"": 270, ""y1"": 98, ""rgb"": [179, 179, 179]}]"
d3_L01_h110_N.png,1,0,110,21,로그인,744,331,669,304,819,358,"178,184,109",#b2b86d,0.4485,72.79,39.73,"179,179,179","70,70,70",4.481,8.746,501,7002,"[{""label"": ""로그인"", ""x0"": 669, ""y0"": 304, ""x1"": 819, ""y1"": 358, ""rgb"": [178, 184, 109]}, {""label"": ""취소"", ""x0"": 261, ""y0"": 350, ""x1"": 411, ""y1"": 404, ""rgb"": [179, 179, 179]}, {""label"": ""설정"", ""x0"": 375, ""y0"": 476, ""x1"": 525, ""y1"": 530, ""rgb"": [179, 179, 179]}, {""label"": ""검색"", ""x0"": 485, ""y0"": 25, ""x1"": 635, ""y1"": 79, ""rgb"": [179, 179, 179]}, {""label"": ""저장"", ""x0"": 35, ""y0"": 393, ""x1"": 185, ""y1"": 447, ""rgb"": [179, 179, 179]}, {""label"": ""홈"", ""x0"": 233, ""y0"": 153, ""x1"": 383, ""y1"": 207, ""rgb"": [179, 179, 179]}, {""label"": ""도움말"", ""x0"": 492, ""y0"": 152, ""x1"": 642, ""y1"": 206, ""rgb"": [179, 179, 179]}, {""label"": ""삭제"", ""x0"": 120, ""y0"": 44, ""x1"": 270, ""y1"": 98, ""rgb"": [179, 179, 179]}]"
d3_L01_h200_N.png,1,0,200,22,로그인,744,331,669,304,819,358,"24,198,203",#18c6cb,0.4489,72.82,39.91,"179,179,179","70,70,70",4.485,8.754,501,7002,"[{""label"": ""로그인"", ""x0"": 669, ""y0"": 304, ""x1"": 819, ""y1"": 358, ""rgb"": [24, 198, 203]}, {""label"": ""취소"", ""x0"": 261, ""y0"": 350, ""x1"": 411, ""y1"": 404, ""rgb"": [179, 179, 179]}, {""label"": ""설정"", ""x0"": 375, ""y0"": 476, ""x1"": 525, ""y1"": 530, ""rgb"": [179, 179, 179]}, {""label"": ""검색"", ""x0"": 485, ""y0"": 25, ""x1"": 635, ""y1"": 79, ""rgb"": [179, 179, 179]}, {""label"": ""저장"", ""x0"": 35, ""y0"": 393, ""x1"": 185, ""y1"": 447, ""rgb"": [179, 179, 179]}, {""label"": ""홈"", ""x0"": 233, ""y0"": 153, ""x1"": 383, ""y1"": 207, ""rgb"": [179, 179, 179]}, {""label"": ""도움말"", ""x0"": 492, ""y0"": 152, ""x1"": 642, ""y1"": 206, ""rgb"": [179, 179, 179]}, {""label"": ""삭제"", ""x0"": 120, ""y0"": 44, ""x1"": 270, ""y1"": 98, ""rgb"": [179, 179, 179]}]"
d3_L01_h245_N.png,1,0,245,23,로그인,744,331,669,304,819,358,"67,191,244",#43bff4,0.4498,72.88,39.9,"179,179,179","70,70,70",4.493,8.77,501,7002,"[{""label"": ""로그인"", ""x0"": 669, ""y0"": 304, ""x1"": 819, ""y1"": 358, ""rgb"": [67, 191, 244]}, {""label"": ""취소"", ""x0"": 261, ""y0"": 350, ""x1"": 411, ""y1"": 404, ""rgb"": [179, 179, 179]}, {""label"": ""설정"", ""x0"": 375, ""y0"": 476, ""x1"": 525, ""y1"": 530, ""rgb"": [179, 179, 179]}, {""label"": ""검색"", ""x0"": 485, ""y0"": 25, ""x1"": 635, ""y1"": 79, ""rgb"": [179, 179, 179]}, {""label"": ""저장"", ""x0"": 35, ""y0"": 393, ""x1"": 185, ""y1"": 447, ""rgb"": [179, 179, 179]}, {""label"": ""홈"", ""x0"": 233, ""y0"": 153, ""x1"": 383, ""y1"": 207, ""rgb"": [179, 179, 179]}, {""label"": ""도움말"", ""x0"": 492, ""y0"": 152, ""x1"": 642, ""y1"": 206, ""rgb"": [179, 179, 179]}, {""label"": ""삭제"", ""x0"": 120, ""y0"": 44, ""x1"": 270, ""y1"": 98, ""rgb"": [179, 179, 179]}]"
d3_L01_h335_N.png,1,0,335,24,로그인,744,331,669,304,819,358,"230,155,211",#e69bd3,0.4497,72.87,40.22,"179,179,179","70,70,70",4.492,8.767,501,7002,"[{""label"": ""로그인"", ""x0"": 669, ""y0"": 304, ""x1"": 819, ""y1"": 358, ""rgb"": [230, 155, 211]}, {""label"": ""취소"", ""x0"": 261, ""y0"": 350, ""x1"": 411, ""y1"": 404, ""rgb"": [179, 179, 179]}, {""label"": ""설정"", ""x0"": 375, ""y0"": 476, ""x1"": 525, ""y1"": 530, ""rgb"": [179, 179, 179]}, {""label"": ""검색"", ""x0"": 485, ""y0"": 25, ""x1"": 635, ""y1"": 79, ""rgb"": [179, 179, 179]}, {""label"": ""저장"", ""x0"": 35, ""y0"": 393, ""x1"": 185, ""y1"": 447, ""rgb"": [179, 179, 179]}, {""label"": ""홈"", ""x0"": 233, ""y0"": 153, ""x1"": 383, ""y1"": 207, ""rgb"": [179, 179, 179]}, {""label"": ""도움말"", ""x0"": 492, ""y0"": 152, ""x1"": 642, ""y1"": 206, ""rgb"": [179, 179, 179]}, {""label"": ""삭제"", ""x0"": 120, ""y0"": 44, ""x1"": 270, ""y1"": 98, ""rgb"": [179, 179, 179]}]"
d3_L01_h20_N.png,1,0,20,25,로그인,744,331,669,304,819,358,"250,151,156",#fa979c,0.4486,72.8,39.94,"179,179,179","70,70,70",4.482,8.748,501,7002,"[{""label"": ""로그인"", ""x0"": 669, ""y0"": 304, ""x1"": 819, ""y1"": 358, ""rgb"": [250, 151, 156]}, {""label"": ""취소"", ""x0"": 261, ""y0"": 350, ""x1"": 411, ""y1"": 404, ""rgb"": [179, 179, 179]}, {""label"": ""설정"", ""x0"": 375, ""y0"": 476, ""x1"": 525, ""y1"": 530, ""rgb"": [179, 179, 179]}, {""label"": ""검색"", ""x0"": 485, ""y0"": 25, ""x1"": 635, ""y1"": 79, ""rgb"": [179, 179, 179]}, {""label"": ""저장"", ""x0"": 35, ""y0"": 393, ""x1"": 185, ""y1"": 447, ""rgb"": [179, 179, 179]}, {""label"": ""홈"", ""x0"": 233, ""y0"": 153, ""x1"": 383, ""y1"": 207, ""rgb"": [179, 179, 179]}, {""label"": ""도움말"", ""x0"": 492, ""y0"": 152, ""x1"": 642, ""y1"": 206, ""rgb"": [179, 179, 179]}, {""label"": ""삭제"", ""x0"": 120, ""y0"": 44, ""x1"": 270, ""y1"": 98, ""rgb"": [179, 179, 179]}]"
d3_L01_gray_N.png,1,0,gray,26,로그인,744,331,669,304,819,358,"179,179,179",#b3b3b3,0.4508,72.94,0.0,"179,179,179","70,70,70",4.502,8.786,501,7002,"[{""label"": ""로그인"", ""x0"": 669, ""y0"": 304, ""x1"": 819, ""y1"": 358, ""rgb"": [179, 179, 179]}, {""label"": ""취소"", ""x0"": 261, ""y0"": 350, ""x1"": 411, ""y1"": 404, ""rgb"": [179, 179, 179]}, {""label"": ""설정"", ""x0"": 375, ""y0"": 476, ""x1"": 525, ""y1"": 530, ""rgb"": [179, 179, 179]}, {""label"": ""검색"", ""x0"": 485, ""y0"": 25, ""x1"": 635, ""y1"": 79, ""rgb"": [179, 179, 179]}, {""label"": ""저장"", ""x0"": 35, ""y0"": 393, ""x1"": 185, ""y1"": 447, ""rgb"": [179, 179, 179]}, {""label"": ""홈"", ""x0"": 233, ""y0"": 153, ""x1"": 383, ""y1"": 207, ""rgb"": [179, 179, 179]}, {""label"": ""도움말"", ""x0"": 492, ""y0"": 152, ""x1"": 642, ""y1"": 206, ""rgb"": [179, 179, 179]}, {""label"": ""삭제"", ""x0"": 120, ""y0"": 44, ""x1"": 270, ""y1"": 98, ""rgb"": [179, 179, 179]}]"
d3_L01_gray_M.png,1,1,gray,27,로그인,136,331,61,304,211,358,"179,179,179",#b3b3b3,0.4508,72.94,0.0,"179,179,179","70,70,70",4.502,8.786,501,7003,"[{""label"": ""로그인"", ""x0"": 61, ""y0"": 304, ""x1"": 211, ""y1"": 358, ""rgb"": [179, 179, 179]}, {""label"": ""취소"", ""x0"": 469, ""y0"": 350, ""x1"": 619, ""y1"": 404, ""rgb"": [179, 179, 179]}, {""label"": ""설정"", ""x0"": 355, ""y0"": 476, ""x1"": 505, ""y1"": 530, ""rgb"": [179, 179, 179]}, {""label"": ""검색"", ""x0"": 245, ""y0"": 25, ""x1"": 395, ""y1"": 79, ""rgb"": [179, 179, 179]}, {""label"": ""저장"", ""x0"": 695, ""y0"": 393, ""x1"": 845, ""y1"": 447, ""rgb"": [179, 179, 179]}, {""label"": ""홈"", ""x0"": 497, ""y0"": 153, ""x1"": 647, ""y1"": 207, ""rgb"": [179, 179, 179]}, {""label"": ""도움말"", ""x0"": 238, ""y0"": 152, ""x1"": 388, ""y1"": 206, ""rgb"": [179, 179, 179]}, {""label"": ""삭제"", ""x0"": 610, ""y0"": 44, ""x1"": 760, ""y1"": 98, ""rgb"": [179, 179, 179]}]"
d3_L01_h200_M.png,1,1,200,28,로그인,136,331,61,304,211,358,"24,198,203",#18c6cb,0.4489,72.82,39.91,"179,179,179","70,70,70",4.485,8.754,501,7003,"[{""label"": ""로그인"", ""x0"": 61, ""y0"": 304, ""x1"": 211, ""y1"": 358, ""rgb"": [24, 198, 203]}, {""label"": ""취소"", ""x0"": 469, ""y0"": 350, ""x1"": 619, ""y1"": 404, ""rgb"": [179, 179, 179]}, {""label"": ""설정"", ""x0"": 355, ""y0"": 476, ""x1"": 505, ""y1"": 530, ""rgb"": [179, 179, 179]}, {""label"": ""검색"", ""x0"": 245, ""y0"": 25, ""x1"": 395, ""y1"": 79, ""rgb"": [179, 179, 179]}, {""label"": ""저장"", ""x0"": 695, ""y0"": 393, ""x1"": 845, ""y1"": 447, ""rgb"": [179, 179, 179]}, {""label"": ""홈"", ""x0"": 497, ""y0"": 153, ""x1"": 647, ""y1"": 207, ""rgb"": [179, 179, 179]}, {""label"": ""도움말"", ""x0"": 238, ""y0"": 152, ""x1"": 388, ""y1"": 206, ""rgb"": [179, 179, 179]}, {""label"": ""삭제"", ""x0"": 610, ""y0"": 44, ""x1"": 760, ""y1"": 98, ""rgb"": [179, 179, 179]}]"
d3_L01_h290_M.png,1,1,290,29,로그인,136,331,61,304,211,358,"165,174,248",#a5aef8,0.4505,72.92,40.21,"179,179,179","70,70,70",4.499,8.781,501,7003,"[{""label"": ""로그인"", ""x0"": 61, ""y0"": 304, ""x1"": 211, ""y1"": 358, ""rgb"": [165, 174, 248]}, {""label"": ""취소"", ""x0"": 469, ""y0"": 350, ""x1"": 619, ""y1"": 404, ""rgb"": [179, 179, 179]}, {""label"": ""설정"", ""x0"": 355, ""y0"": 476, ""x1"": 505, ""y1"": 530, ""rgb"": [179, 179, 179]}, {""label"": ""검색"", ""x0"": 245, ""y0"": 25, ""x1"": 395, ""y1"": 79, ""rgb"": [179, 179, 179]}, {""label"": ""저장"", ""x0"": 695, ""y0"": 393, ""x1"": 845, ""y1"": 447, ""rgb"": [179, 179, 179]}, {""label"": ""홈"", ""x0"": 497, ""y0"": 153, ""x1"": 647, ""y1"": 207, ""rgb"": [179, 179, 179]}, {""label"": ""도움말"", ""x0"": 238, ""y0"": 152, ""x1"": 388, ""y1"": 206, ""rgb"": [179, 179, 179]}, {""label"": ""삭제"", ""x0"": 610, ""y0"": 44, ""x1"": 760, ""y1"": 98, ""rgb"": [179, 179, 179]}]"
d3_L01_h245_M.png,1,1,245,30,로그인,136,331,61,304,211,358,"67,191,244",#43bff4,0.4498,72.88,39.9,"179,179,179","70,70,70",4.493,8.77,501,7003,"[{""label"": ""로그인"", ""x0"": 61, ""y0"": 304, ""x1"": 211, ""y1"": 358, ""rgb"": [67, 191, 244]}, {""label"": ""취소"", ""x0"": 469, ""y0"": 350, ""x1"": 619, ""y1"": 404, ""rgb"": [179, 179, 179]}, {""label"": ""설정"", ""x0"": 355, ""y0"": 476, ""x1"": 505, ""y1"": 530, ""rgb"": [179, 179, 179]}, {""label"": ""검색"", ""x0"": 245, ""y0"": 25, ""x1"": 395, ""y1"": 79, ""rgb"": [179, 179, 179]}, {""label"": ""저장"", ""x0"": 695, ""y0"": 393, ""x1"": 845, ""y1"": 447, ""rgb"": [179, 179, 179]}, {""label"": ""홈"", ""x0"": 497, ""y0"": 153, ""x1"": 647, ""y1"": 207, ""rgb"": [179, 179, 179]}, {""label"": ""도움말"", ""x0"": 238, ""y0"": 152, ""x1"": 388, ""y1"": 206, ""rgb"": [179, 179, 179]}, {""label"": ""삭제"", ""x0"": 610, ""y0"": 44, ""x1"": 760, ""y1"": 98, ""rgb"": [179, 179, 179]}]"
d3_L01_h155_M.png,1,1,155,31,로그인,136,331,61,304,211,358,"113,196,147",#71c493,0.451,72.95,39.99,"179,179,179","70,70,70",4.503,8.789,501,7003,"[{""label"": ""로그인"", ""x0"": 61, ""y0"": 304, ""x1"": 211, ""y1"": 358, ""rgb"": [113, 196, 147]}, {""label"": ""취소"", ""x0"": 469, ""y0"": 350, ""x1"": 619, ""y1"": 404, ""rgb"": [179, 179, 179]}, {""label"": ""설정"", ""x0"": 355, ""y0"": 476, ""x1"": 505, ""y1"": 530, ""rgb"": [179, 179, 179]}, {""label"": ""검색"", ""x0"": 245, ""y0"": 25, ""x1"": 395, ""y1"": 79, ""rgb"": [179, 179, 179]}, {""label"": ""저장"", ""x0"": 695, ""y0"": 393, ""x1"": 845, ""y1"": 447, ""rgb"": [179, 179, 179]}, {""label"": ""홈"", ""x0"": 497, ""y0"": 153, ""x1"": 647, ""y1"": 207, ""rgb"": [179, 179, 179]}, {""label"": ""도움말"", ""x0"": 238, ""y0"": 152, ""x1"": 388, ""y1"": 206, ""rgb"": [179, 179, 179]}, {""label"": ""삭제"", ""x0"": 610, ""y0"": 44, ""x1"": 760, ""y1"": 98, ""rgb"": [179, 179, 179]}]"
d3_L01_h110_M.png,1,1,110,32,로그인,136,331,61,304,211,358,"178,184,109",#b2b86d,0.4485,72.79,39.73,"179,179,179","70,70,70",4.481,8.746,501,7003,"[{""label"": ""로그인"", ""x0"": 61, ""y0"": 304, ""x1"": 211, ""y1"": 358, ""rgb"": [178, 184, 109]}, {""label"": ""취소"", ""x0"": 469, ""y0"": 350, ""x1"": 619, ""y1"": 404, ""rgb"": [179, 179, 179]}, {""label"": ""설정"", ""x0"": 355, ""y0"": 476, ""x1"": 505, ""y1"": 530, ""rgb"": [179, 179, 179]}, {""label"": ""검색"", ""x0"": 245, ""y0"": 25, ""x1"": 395, ""y1"": 79, ""rgb"": [179, 179, 179]}, {""label"": ""저장"", ""x0"": 695, ""y0"": 393, ""x1"": 845, ""y1"": 447, ""rgb"": [179, 179, 179]}, {""label"": ""홈"", ""x0"": 497, ""y0"": 153, ""x1"": 647, ""y1"": 207, ""rgb"": [179, 179, 179]}, {""label"": ""도움말"", ""x0"": 238, ""y0"": 152, ""x1"": 388, ""y1"": 206, ""rgb"": [179, 179, 179]}, {""label"": ""삭제"", ""x0"": 610, ""y0"": 44, ""x1"": 760, ""y1"": 98, ""rgb"": [179, 179, 179]}]"
d3_L01_h20_M.png,1,1,20,33,로그인,136,331,61,304,211,358,"250,151,156",#fa979c,0.4486,72.8,39.94,"179,179,179","70,70,70",4.482,8.748,501,7003,"[{""label"": ""로그인"", ""x0"": 61, ""y0"": 304, ""x1"": 211, ""y1"": 358, ""rgb"": [250, 151, 156]}, {""label"": ""취소"", ""x0"": 469, ""y0"": 350, ""x1"": 619, ""y1"": 404, ""rgb"": [179, 179, 179]}, {""label"": ""설정"", ""x0"": 355, ""y0"": 476, ""x1"": 505, ""y1"": 530, ""rgb"": [179, 179, 179]}, {""label"": ""검색"", ""x0"": 245, ""y0"": 25, ""x1"": 395, ""y1"": 79, ""rgb"": [179, 179, 179]}, {""label"": ""저장"", ""x0"": 695, ""y0"": 393, ""x1"": 845, ""y1"": 447, ""rgb"": [179, 179, 179]}, {""label"": ""홈"", ""x0"": 497, ""y0"": 153, ""x1"": 647, ""y1"": 207, ""rgb"": [179, 179, 179]}, {""label"": ""도움말"", ""x0"": 238, ""y0"": 152, ""x1"": 388, ""y1"": 206, ""rgb"": [179, 179, 179]}, {""label"": ""삭제"", ""x0"": 610, ""y0"": 44, ""x1"": 760, ""y1"": 98, ""rgb"": [179, 179, 179]}]"
d3_L01_h335_M.png,1,1,335,34,로그인,136,331,61,304,211,358,"230,155,211",#e69bd3,0.4497,72.87,40.22,"179,179,179","70,70,70",4.492,8.767,501,7003,"[{""label"": ""로그인"", ""x0"": 61, ""y0"": 304, ""x1"": 211, ""y1"": 358, ""rgb"": [230, 155, 211]}, {""label"": ""취소"", ""x0"": 469, ""y0"": 350, ""x1"": 619, ""y1"": 404, ""rgb"": [179, 179, 179]}, {""label"": ""설정"", ""x0"": 355, ""y0"": 476, ""x1"": 505, ""y1"": 530, ""rgb"": [179, 179, 179]}, {""label"": ""검색"", ""x0"": 245, ""y0"": 25, ""x1"": 395, ""y1"": 79, ""rgb"": [179, 179, 179]}, {""label"": ""저장"", ""x0"": 695, ""y0"": 393, ""x1"": 845, ""y1"": 447, ""rgb"": [179, 179, 179]}, {""label"": ""홈"", ""x0"": 497, ""y0"": 153, ""x1"": 647, ""y1"": 207, ""rgb"": [179, 179, 179]}, {""label"": ""도움말"", ""x0"": 238, ""y0"": 152, ""x1"": 388, ""y1"": 206, ""rgb"": [179, 179, 179]}, {""label"": ""삭제"", ""x0"": 610, ""y0"": 44, ""x1"": 760, ""y1"": 98, ""rgb"": [179, 179, 179]}]"
d3_L01_h65_M.png,1,1,65,35,로그인,136,331,61,304,211,358,"228,166,113",#e4a671,0.4496,72.87,40.03,"179,179,179","70,70,70",4.491,8.766,501,7003,"[{""label"": ""로그인"", ""x0"": 61, ""y0"": 304, ""x1"": 211, ""y1"": 358, ""rgb"": [228, 166, 113]}, {""label"": ""취소"", ""x0"": 469, ""y0"": 350, ""x1"": 619, ""y1"": 404, ""rgb"": [179, 179, 179]}, {""label"": ""설정"", ""x0"": 355, ""y0"": 476, ""x1"": 505, ""y1"": 530, ""rgb"": [179, 179, 179]}, {""label"": ""검색"", ""x0"": 245, ""y0"": 25, ""x1"": 395, ""y1"": 79, ""rgb"": [179, 179, 179]}, {""label"": ""저장"", ""x0"": 695, ""y0"": 393, ""x1"": 845, ""y1"": 447, ""rgb"": [179, 179, 179]}, {""label"": ""홈"", ""x0"": 497, ""y0"": 153, ""x1"": 647, ""y1"": 207, ""rgb"": [179, 179, 179]}, {""label"": ""도움말"", ""x0"": 238, ""y0"": 152, ""x1"": 388, ""y1"": 206, ""rgb"": [179, 179, 179]}, {""label"": ""삭제"", ""x0"": 610, ""y0"": 44, ""x1"": 760, ""y1"": 98, ""rgb"": [179, 179, 179]}]"
d3_L02_h155_N.png,2,0,155,36,로그인,607,414,532,387,682,441,"113,196,147",#71c493,0.451,72.95,39.99,"179,179,179","70,70,70",4.503,8.789,502,7004,"[{""label"": ""로그인"", ""x0"": 532, ""y0"": 387, ""x1"": 682, ""y1"": 441, ""rgb"": [113, 196, 147]}, {""label"": ""취소"", ""x0"": 187, ""y0"": 375, ""x1"": 337, ""y1"": 429, ""rgb"": [179, 179, 179]}, {""label"": ""설정"", ""x0"": 188, ""y0"": 451, ""x1"": 338, ""y1"": 505, ""rgb"": [179, 179, 179]}, {""label"": ""검색"", ""x0"": 533, ""y0"": 94, ""x1"": 683, ""y1"": 148, ""rgb"": [179, 179, 179]}, {""label"": ""저장"", ""x0"": 216, ""y0"": 125, ""x1"": 366, ""y1"": 179, ""rgb"": [179, 179, 179]}, {""label"": ""홈"", ""x0"": 566, ""y0"": 254, ""x1"": 716, ""y1"": 308, ""rgb"": [179, 179, 179]}, {""label"": ""도움말"", ""x0"": 216, ""y0"": 47, ""x1"": 366, ""y1"": 101, ""rgb"": [179, 179, 179]}, {""label"": ""삭제"", ""x0"": 31, ""y0"": 188, ""x1"": 181, ""y1"": 242, ""rgb"": [179, 179, 179]}]"
d3_L02_h200_N.png,2,0,200,37,로그인,607,414,532,387,682,441,"24,198,203",#18c6cb,0.4489,72.82,39.91,"179,179,179","70,70,70",4.485,8.754,502,7004,"[{""label"": ""로그인"", ""x0"": 532, ""y0"": 387, ""x1"": 682, ""y1"": 441, ""rgb"": [24, 198, 203]}, {""label"": ""취소"", ""x0"": 187, ""y0"": 375, ""x1"": 337, ""y1"": 429, ""rgb"": [179, 179, 179]}, {""label"": ""설정"", ""x0"": 188, ""y0"": 451, ""x1"": 338, ""y1"": 505, ""rgb"": [179, 179, 179]}, {""label"": ""검색"", ""x0"": 533, ""y0"": 94, ""x1"": 683, ""y1"": 148, ""rgb"": [179, 179, 179]}, {""label"": ""저장"", ""x0"": 216, ""y0"": 125, ""x1"": 366, ""y1"": 179, ""rgb"": [179, 179, 179]}, {""label"": ""홈"", ""x0"": 566, ""y0"": 254, ""x1"": 716, ""y1"": 308, ""rgb"": [179, 179, 179]}, {""label"": ""도움말"", ""x0"": 216, ""y0"": 47, ""x1"": 366, ""y1"": 101, ""rgb"": [179, 179, 179]}, {""label"": ""삭제"", ""x0"": 31, ""y0"": 188, ""x1"": 181, ""y1"": 242, ""rgb"": [179, 179, 179]}]"
d3_L02_h20_N.png,2,0,20,38,로그인,607,414,532,387,682,441,"250,151,156",#fa979c,0.4486,72.8,39.94,"179,179,179","70,70,70",4.482,8.748,502,7004,"[{""label"": ""로그인"", ""x0"": 532, ""y0"": 387, ""x1"": 682, ""y1"": 441, ""rgb"": [250, 151, 156]}, {""label"": ""취소"", ""x0"": 187, ""y0"": 375, ""x1"": 337, ""y1"": 429, ""rgb"": [179, 179, 179]}, {""label"": ""설정"", ""x0"": 188, ""y0"": 451, ""x1"": 338, ""y1"": 505, ""rgb"": [179, 179, 179]}, {""label"": ""검색"", ""x0"": 533, ""y0"": 94, ""x1"": 683, ""y1"": 148, ""rgb"": [179, 179, 179]}, {""label"": ""저장"", ""x0"": 216, ""y0"": 125, ""x1"": 366, ""y1"": 179, ""rgb"": [179, 179, 179]}, {""label"": ""홈"", ""x0"": 566, ""y0"": 254, ""x1"": 716, ""y1"": 308, ""rgb"": [179, 179, 179]}, {""label"": ""도움말"", ""x0"": 216, ""y0"": 47, ""x1"": 366, ""y1"": 101, ""rgb"": [179, 179, 179]}, {""label"": ""삭제"", ""x0"": 31, ""y0"": 188, ""x1"": 181, ""y1"": 242, ""rgb"": [179, 179, 179]}]"
d3_L02_gray_N.png,2,0,gray,39,로그인,607,414,532,387,682,441,"179,179,179",#b3b3b3,0.4508,72.94,0.0,"179,179,179","70,70,70",4.502,8.786,502,7004,"[{""label"": ""로그인"", ""x0"": 532, ""y0"": 387, ""x1"": 682, ""y1"": 441, ""rgb"": [179, 179, 179]}, {""label"": ""취소"", ""x0"": 187, ""y0"": 375, ""x1"": 337, ""y1"": 429, ""rgb"": [179, 179, 179]}, {""label"": ""설정"", ""x0"": 188, ""y0"": 451, ""x1"": 338, ""y1"": 505, ""rgb"": [179, 179, 179]}, {""label"": ""검색"", ""x0"": 533, ""y0"": 94, ""x1"": 683, ""y1"": 148, ""rgb"": [179, 179, 179]}, {""label"": ""저장"", ""x0"": 216, ""y0"": 125, ""x1"": 366, ""y1"": 179, ""rgb"": [179, 179, 179]}, {""label"": ""홈"", ""x0"": 566, ""y0"": 254, ""x1"": 716, ""y1"": 308, ""rgb"": [179, 179, 179]}, {""label"": ""도움말"", ""x0"": 216, ""y0"": 47, ""x1"": 366, ""y1"": 101, ""rgb"": [179, 179, 179]}, {""label"": ""삭제"", ""x0"": 31, ""y0"": 188, ""x1"": 181, ""y1"": 242, ""rgb"": [179, 179, 179]}]"
d3_L02_h245_N.png,2,0,245,40,로그인,607,414,532,387,682,441,"67,191,244",#43bff4,0.4498,72.88,39.9,"179,179,179","70,70,70",4.493,8.77,502,7004,"[{""label"": ""로그인"", ""x0"": 532, ""y0"": 387, ""x1"": 682, ""y1"": 441, ""rgb"": [67, 191, 244]}, {""label"": ""취소"", ""x0"": 187, ""y0"": 375, ""x1"": 337, ""y1"": 429, ""rgb"": [179, 179, 179]}, {""label"": ""설정"", ""x0"": 188, ""y0"": 451, ""x1"": 338, ""y1"": 505, ""rgb"": [179, 179, 179]}, {""label"": ""검색"", ""x0"": 533, ""y0"": 94, ""x1"": 683, ""y1"": 148, ""rgb"": [179, 179, 179]}, {""label"": ""저장"", ""x0"": 216, ""y0"": 125, ""x1"": 366, ""y1"": 179, ""rgb"": [179, 179, 179]}, {""label"": ""홈"", ""x0"": 566, ""y0"": 254, ""x1"": 716, ""y1"": 308, ""rgb"": [179, 179, 179]}, {""label"": ""도움말"", ""x0"": 216, ""y0"": 47, ""x1"": 366, ""y1"": 101, ""rgb"": [179, 179, 179]}, {""label"": ""삭제"", ""x0"": 31, ""y0"": 188, ""x1"": 181, ""y1"": 242, ""rgb"": [179, 179, 179]}]"
d3_L02_h290_N.png,2,0,290,41,로그인,607,414,532,387,682,441,"165,174,248",#a5aef8,0.4505,72.92,40.21,"179,179,179","70,70,70",4.499,8.781,502,7004,"[{""label"": ""로그인"", ""x0"": 532, ""y0"": 387, ""x1"": 682, ""y1"": 441, ""rgb"": [165, 174, 248]}, {""label"": ""취소"", ""x0"": 187, ""y0"": 375, ""x1"": 337, ""y1"": 429, ""rgb"": [179, 179, 179]}, {""label"": ""설정"", ""x0"": 188, ""y0"": 451, ""x1"": 338, ""y1"": 505, ""rgb"": [179, 179, 179]}, {""label"": ""검색"", ""x0"": 533, ""y0"": 94, ""x1"": 683, ""y1"": 148, ""rgb"": [179, 179, 179]}, {""label"": ""저장"", ""x0"": 216, ""y0"": 125, ""x1"": 366, ""y1"": 179, ""rgb"": [179, 179, 179]}, {""label"": ""홈"", ""x0"": 566, ""y0"": 254, ""x1"": 716, ""y1"": 308, ""rgb"": [179, 179, 179]}, {""label"": ""도움말"", ""x0"": 216, ""y0"": 47, ""x1"": 366, ""y1"": 101, ""rgb"": [179, 179, 179]}, {""label"": ""삭제"", ""x0"": 31, ""y0"": 188, ""x1"": 181, ""y1"": 242, ""rgb"": [179, 179, 179]}]"
d3_L02_h335_N.png,2,0,335,42,로그인,607,414,532,387,682,441,"230,155,211",#e69bd3,0.4497,72.87,40.22,"179,179,179","70,70,70",4.492,8.767,502,7004,"[{""label"": ""로그인"", ""x0"": 532, ""y0"": 387, ""x1"": 682, ""y1"": 441, ""rgb"": [230, 155, 211]}, {""label"": ""취소"", ""x0"": 187, ""y0"": 375, ""x1"": 337, ""y1"": 429, ""rgb"": [179, 179, 179]}, {""label"": ""설정"", ""x0"": 188, ""y0"": 451, ""x1"": 338, ""y1"": 505, ""rgb"": [179, 179, 179]}, {""label"": ""검색"", ""x0"": 533, ""y0"": 94, ""x1"": 683, ""y1"": 148, ""rgb"": [179, 179, 179]}, {""label"": ""저장"", ""x0"": 216, ""y0"": 125, ""x1"": 366, ""y1"": 179, ""rgb"": [179, 179, 179]}, {""label"": ""홈"", ""x0"": 566, ""y0"": 254, ""x1"": 716, ""y1"": 308, ""rgb"": [179, 179, 179]}, {""label"": ""도움말"", ""x0"": 216, ""y0"": 47, ""x1"": 366, ""y1"": 101, ""rgb"": [179, 179, 179]}, {""label"": ""삭제"", ""x0"": 31, ""y0"": 188, ""x1"": 181, ""y1"": 242, ""rgb"": [179, 179, 179]}]"
d3_L02_h65_N.png,2,0,65,43,로그인,607,414,532,387,682,441,"228,166,113",#e4a671,0.4496,72.87,40.03,"179,179,179","70,70,70",4.491,8.766,502,7004,"[{""label"": ""로그인"", ""x0"": 532, ""y0"": 387, ""x1"": 682, ""y1"": 441, ""rgb"": [228, 166, 113]}, {""label"": ""취소"", ""x0"": 187, ""y0"": 375, ""x1"": 337, ""y1"": 429, ""rgb"": [179, 179, 179]}, {""label"": ""설정"", ""x0"": 188, ""y0"": 451, ""x1"": 338, ""y1"": 505, ""rgb"": [179, 179, 179]}, {""label"": ""검색"", ""x0"": 533, ""y0"": 94, ""x1"": 683, ""y1"": 148, ""rgb"": [179, 179, 179]}, {""label"": ""저장"", ""x0"": 216, ""y0"": 125, ""x1"": 366, ""y1"": 179, ""rgb"": [179, 179, 179]}, {""label"": ""홈"", ""x0"": 566, ""y0"": 254, ""x1"": 716, ""y1"": 308, ""rgb"": [179, 179, 179]}, {""label"": ""도움말"", ""x0"": 216, ""y0"": 47, ""x1"": 366, ""y1"": 101, ""rgb"": [179, 179, 179]}, {""label"": ""삭제"", ""x0"": 31, ""y0"": 188, ""x1"": 181, ""y1"": 242, ""rgb"": [179, 179, 179]}]"
d3_L02_h110_N.png,2,0,110,44,로그인,607,414,532,387,682,441,"178,184,109",#b2b86d,0.4485,72.79,39.73,"179,179,179","70,70,70",4.481,8.746,502,7004,"[{""label"": ""로그인"", ""x0"": 532, ""y0"": 387, ""x1"": 682, ""y1"": 441, ""rgb"": [178, 184, 109]}, {""label"": ""취소"", ""x0"": 187, ""y0"": 375, ""x1"": 337, ""y1"": 429, ""rgb"": [179, 179, 179]}, {""label"": ""설정"", ""x0"": 188, ""y0"": 451, ""x1"": 338, ""y1"": 505, ""rgb"": [179, 179, 179]}, {""label"": ""검색"", ""x0"": 533, ""y0"": 94, ""x1"": 683, ""y1"": 148, ""rgb"": [179, 179, 179]}, {""label"": ""저장"", ""x0"": 216, ""y0"": 125, ""x1"": 366, ""y1"": 179, ""rgb"": [179, 179, 179]}, {""label"": ""홈"", ""x0"": 566, ""y0"": 254, ""x1"": 716, ""y1"": 308, ""rgb"": [179, 179, 179]}, {""label"": ""도움말"", ""x0"": 216, ""y0"": 47, ""x1"": 366, ""y1"": 101, ""rgb"": [179, 179, 179]}, {""label"": ""삭제"", ""x0"": 31, ""y0"": 188, ""x1"": 181, ""y1"": 242, ""rgb"": [179, 179, 179]}]"
d3_L02_h155_M.png,2,1,155,45,로그인,273,414,198,387,348,441,"113,196,147",#71c493,0.451,72.95,39.99,"179,179,179","70,70,70",4.503,8.789,502,7005,"[{""label"": ""로그인"", ""x0"": 198, ""y0"": 387, ""x1"": 348, ""y1"": 441, ""rgb"": [113, 196, 147]}, {""label"": ""취소"", ""x0"": 543, ""y0"": 375, ""x1"": 693, ""y1"": 429, ""rgb"": [179, 179, 179]}, {""label"": ""설정"", ""x0"": 542, ""y0"": 451, ""x1"": 692, ""y1"": 505, ""rgb"": [179, 179, 179]}, {""label"": ""검색"", ""x0"": 197, ""y0"": 94, ""x1"": 347, ""y1"": 148, ""rgb"": [179, 179, 179]}, {""label"": ""저장"", ""x0"": 514, ""y0"": 125, ""x1"": 664, ""y1"": 179, ""rgb"": [179, 179, 179]}, {""label"": ""홈"", ""x0"": 164, ""y0"": 254, ""x1"": 314, ""y1"": 308, ""rgb"": [179, 179, 179]}, {""label"": ""도움말"", ""x0"": 514, ""y0"": 47, ""x1"": 664, ""y1"": 101, ""rgb"": [179, 179, 179]}, {""label"": ""삭제"", ""x0"": 699, ""y0"": 188, ""x1"": 849, ""y1"": 242, ""rgb"": [179, 179, 179]}]"
d3_L02_h110_M.png,2,1,110,46,로그인,273,414,198,387,348,441,"178,184,109",#b2b86d,0.4485,72.79,39.73,"179,179,179","70,70,70",4.481,8.746,502,7005,"[{""label"": ""로그인"", ""x0"": 198, ""y0"": 387, ""x1"": 348, ""y1"": 441, ""rgb"": [178, 184, 109]}, {""label"": ""취소"", ""x0"": 543, ""y0"": 375, ""x1"": 693, ""y1"": 429, ""rgb"": [179, 179, 179]}, {""label"": ""설정"", ""x0"": 542, ""y0"": 451, ""x1"": 692, ""y1"": 505, ""rgb"": [179, 179, 179]}, {""label"": ""검색"", ""x0"": 197, ""y0"": 94, ""x1"": 347, ""y1"": 148, ""rgb"": [179, 179, 179]}, {""label"": ""저장"", ""x0"": 514, ""y0"": 125, ""x1"": 664, ""y1"": 179, ""rgb"": [179, 179, 179]}, {""label"": ""홈"", ""x0"": 164, ""y0"": 254, ""x1"": 314, ""y1"": 308, ""rgb"": [179, 179, 179]}, {""label"": ""도움말"", ""x0"": 514, ""y0"": 47, ""x1"": 664, ""y1"": 101, ""rgb"": [179, 179, 179]}, {""label"": ""삭제"", ""x0"": 699, ""y0"": 188, ""x1"": 849, ""y1"": 242, ""rgb"": [179, 179, 179]}]"
d3_L02_h65_M.png,2,1,65,47,로그인,273,414,198,387,348,441,"228,166,113",#e4a671,0.4496,72.87,40.03,"179,179,179","70,70,70",4.491,8.766,502,7005,"[{""label"": ""로그인"", ""x0"": 198, ""y0"": 387, ""x1"": 348, ""y1"": 441, ""rgb"": [228, 166, 113]}, {""label"": ""취소"", ""x0"": 543, ""y0"": 375, ""x1"": 693, ""y1"": 429, ""rgb"": [179, 179, 179]}, {""label"": ""설정"", ""x0"": 542, ""y0"": 451, ""x1"": 692, ""y1"": 505, ""rgb"": [179, 179, 179]}, {""label"": ""검색"", ""x0"": 197, ""y0"": 94, ""x1"": 347, ""y1"": 148, ""rgb"": [179, 179, 179]}, {""label"": ""저장"", ""x0"": 514, ""y0"": 125, ""x1"": 664, ""y1"": 179, ""rgb"": [179, 179, 179]}, {""label"": ""홈"", ""x0"": 164, ""y0"": 254, ""x1"": 314, ""y1"": 308, ""rgb"": [179, 179, 179]}, {""label"": ""도움말"", ""x0"": 514, ""y0"": 47, ""x1"": 664, ""y1"": 101, ""rgb"": [179, 179, 179]}, {""label"": ""삭제"", ""x0"": 699, ""y0"": 188, ""x1"": 849, ""y1"": 242, ""rgb"": [179, 179, 179]}]"
d3_L02_gray_M.png,2,1,gray,48,로그인,273,414,198,387,348,441,"179,179,179",#b3b3b3,0.4508,72.94,0.0,"179,179,179","70,70,70",4.502,8.786,502,7005,"[{""label"": ""로그인"", ""x0"": 198, ""y0"": 387, ""x1"": 348, ""y1"": 441, ""rgb"": [179, 179, 179]}, {""label"": ""취소"", ""x0"": 543, ""y0"": 375, ""x1"": 693, ""y1"": 429, ""rgb"": [179, 179, 179]}, {""label"": ""설정"", ""x0"": 542, ""y0"": 451, ""x1"": 692, ""y1"": 505, ""rgb"": [179, 179, 179]}, {""label"": ""검색"", ""x0"": 197, ""y0"": 94, ""x1"": 347, ""y1"": 148, ""rgb"": [179, 179, 179]}, {""label"": ""저장"", ""x0"": 514, ""y0"": 125, ""x1"": 664, ""y1"": 179, ""rgb"": [179, 179, 179]}, {""label"": ""홈"", ""x0"": 164, ""y0"": 254, ""x1"": 314, ""y1"": 308, ""rgb"": [179, 179, 179]}, {""label"": ""도움말"", ""x0"": 514, ""y0"": 47, ""x1"": 664, ""y1"": 101, ""rgb"": [179, 179, 179]}, {""label"": ""삭제"", ""x0"": 699, ""y0"": 188, ""x1"": 849, ""y1"": 242, ""rgb"": [179, 179, 179]}]"
d3_L02_h245_M.png,2,1,245,49,로그인,273,414,198,387,348,441,"67,191,244",#43bff4,0.4498,72.88,39.9,"179,179,179","70,70,70",4.493,8.77,502,7005,"[{""label"": ""로그인"", ""x0"": 198, ""y0"": 387, ""x1"": 348, ""y1"": 441, ""rgb"": [67, 191, 244]}, {""label"": ""취소"", ""x0"": 543, ""y0"": 375, ""x1"": 693, ""y1"": 429, ""rgb"": [179, 179, 179]}, {""label"": ""설정"", ""x0"": 542, ""y0"": 451, ""x1"": 692, ""y1"": 505, ""rgb"": [179, 179, 179]}, {""label"": ""검색"", ""x0"": 197, ""y0"": 94, ""x1"": 347, ""y1"": 148, ""rgb"": [179, 179, 179]}, {""label"": ""저장"", ""x0"": 514, ""y0"": 125, ""x1"": 664, ""y1"": 179, ""rgb"": [179, 179, 179]}, {""label"": ""홈"", ""x0"": 164, ""y0"": 254, ""x1"": 314, ""y1"": 308, ""rgb"": [179, 179, 179]}, {""label"": ""도움말"", ""x0"": 514, ""y0"": 47, ""x1"": 664, ""y1"": 101, ""rgb"": [179, 179, 179]}, {""label"": ""삭제"", ""x0"": 699, ""y0"": 188, ""x1"": 849, ""y1"": 242, ""rgb"": [179, 179, 179]}]"
d3_L02_h20_M.png,2,1,20,50,로그인,273,414,198,387,348,441,"250,151,156",#fa979c,0.4486,72.8,39.94,"179,179,179","70,70,70",4.482,8.748,502,7005,"[{""label"": ""로그인"", ""x0"": 198, ""y0"": 387, ""x1"": 348, ""y1"": 441, ""rgb"": [250, 151, 156]}, {""label"": ""취소"", ""x0"": 543, ""y0"": 375, ""x1"": 693, ""y1"": 429, ""rgb"": [179, 179, 179]}, {""label"": ""설정"", ""x0"": 542, ""y0"": 451, ""x1"": 692, ""y1"": 505, ""rgb"": [179, 179, 179]}, {""label"": ""검색"", ""x0"": 197, ""y0"": 94, ""x1"": 347, ""y1"": 148, ""rgb"": [179, 179, 179]}, {""label"": ""저장"", ""x0"": 514, ""y0"": 125, ""x1"": 664, ""y1"": 179, ""rgb"": [179, 179, 179]}, {""label"": ""홈"", ""x0"": 164, ""y0"": 254, ""x1"": 314, ""y1"": 308, ""rgb"": [179, 179, 179]}, {""label"": ""도움말"", ""x0"": 514, ""y0"": 47, ""x1"": 664, ""y1"": 101, ""rgb"": [179, 179, 179]}, {""label"": ""삭제"", ""x0"": 699, ""y0"": 188, ""x1"": 849, ""y1"": 242, ""rgb"": [179, 179, 179]}]"
d3_L02_h335_M.png,2,1,335,51,로그인,273,414,198,387,348,441,"230,155,211",#e69bd3,0.4497,72.87,40.22,"179,179,179","70,70,70",4.492,8.767,502,7005,"[{""label"": ""로그인"", ""x0"": 198, ""y0"": 387, ""x1"": 348, ""y1"": 441, ""rgb"": [230, 155, 211]}, {""label"": ""취소"", ""x0"": 543, ""y0"": 375, ""x1"": 693, ""y1"": 429, ""rgb"": [179, 179, 179]}, {""label"": ""설정"", ""x0"": 542, ""y0"": 451, ""x1"": 692, ""y1"": 505, ""rgb"": [179, 179, 179]}, {""label"": ""검색"", ""x0"": 197, ""y0"": 94, ""x1"": 347, ""y1"": 148, ""rgb"": [179, 179, 179]}, {""label"": ""저장"", ""x0"": 514, ""y0"": 125, ""x1"": 664, ""y1"": 179, ""rgb"": [179, 179, 179]}, {""label"": ""홈"", ""x0"": 164, ""y0"": 254, ""x1"": 314, ""y1"": 308, ""rgb"": [179, 179, 179]}, {""label"": ""도움말"", ""x0"": 514, ""y0"": 47, ""x1"": 664, ""y1"": 101, ""rgb"": [179, 179, 179]}, {""label"": ""삭제"", ""x0"": 699, ""y0"": 188, ""x1"": 849, ""y1"": 242, ""rgb"": [179, 179, 179]}]"
d3_L02_h200_M.png,2,1,200,52,로그인,273,414,198,387,348,441,"24,198,203",#18c6cb,0.4489,72.82,39.91,"179,179,179","70,70,70",4.485,8.754,502,7005,"[{""label"": ""로그인"", ""x0"": 198, ""y0"": 387, ""x1"": 348, ""y1"": 441, ""rgb"": [24, 198, 203]}, {""label"": ""취소"", ""x0"": 543, ""y0"": 375, ""x1"": 693, ""y1"": 429, ""rgb"": [179, 179, 179]}, {""label"": ""설정"", ""x0"": 542, ""y0"": 451, ""x1"": 692, ""y1"": 505, ""rgb"": [179, 179, 179]}, {""label"": ""검색"", ""x0"": 197, ""y0"": 94, ""x1"": 347, ""y1"": 148, ""rgb"": [179, 179, 179]}, {""label"": ""저장"", ""x0"": 514, ""y0"": 125, ""x1"": 664, ""y1"": 179, ""rgb"": [179, 179, 179]}, {""label"": ""홈"", ""x0"": 164, ""y0"": 254, ""x1"": 314, ""y1"": 308, ""rgb"": [179, 179, 179]}, {""label"": ""도움말"", ""x0"": 514, ""y0"": 47, ""x1"": 664, ""y1"": 101, ""rgb"": [179, 179, 179]}, {""label"": ""삭제"", ""x0"": 699, ""y0"": 188, ""x1"": 849, ""y1"": 242, ""rgb"": [179, 179, 179]}]"
d3_L02_h290_M.png,2,1,290,53,로그인,273,414,198,387,348,441,"165,174,248",#a5aef8,0.4505,72.92,40.21,"179,179,179","70,70,70",4.499,8.781,502,7005,"[{""label"": ""로그인"", ""x0"": 198, ""y0"": 387, ""x1"": 348, ""y1"": 441, ""rgb"": [165, 174, 248]}, {""label"": ""취소"", ""x0"": 543, ""y0"": 375, ""x1"": 693, ""y1"": 429, ""rgb"": [179, 179, 179]}, {""label"": ""설정"", ""x0"": 542, ""y0"": 451, ""x1"": 692, ""y1"": 505, ""rgb"": [179, 179, 179]}, {""label"": ""검색"", ""x0"": 197, ""y0"": 94, ""x1"": 347, ""y1"": 148, ""rgb"": [179, 179, 179]}, {""label"": ""저장"", ""x0"": 514, ""y0"": 125, ""x1"": 664, ""y1"": 179, ""rgb"": [179, 179, 179]}, {""label"": ""홈"", ""x0"": 164, ""y0"": 254, ""x1"": 314, ""y1"": 308, ""rgb"": [179, 179, 179]}, {""label"": ""도움말"", ""x0"": 514, ""y0"": 47, ""x1"": 664, ""y1"": 101, ""rgb"": [179, 179, 179]}, {""label"": ""삭제"", ""x0"": 699, ""y0"": 188, ""x1"": 849, ""y1"": 242, ""rgb"": [179, 179, 179]}]"
d3_L03_h200_N.png,3,0,200,54,로그인,265,197,190,170,340,224,"24,198,203",#18c6cb,0.4489,72.82,39.91,"179,179,179","70,70,70",4.485,8.754,503,7006,"[{""label"": ""로그인"", ""x0"": 190, ""y0"": 170, ""x1"": 340, ""y1"": 224, ""rgb"": [24, 198, 203]}, {""label"": ""취소"", ""x0"": 377, ""y0"": 211, ""x1"": 527, ""y1"": 265, ""rgb"": [179, 179, 179]}, {""label"": ""설정"", ""x0"": 401, ""y0"": 333, ""x1"": 551, ""y1"": 387, ""rgb"": [179, 179, 179]}, {""label"": ""검색"", ""x0"": 155, ""y0"": 34, ""x1"": 305, ""y1"": 88, ""rgb"": [179, 179, 179]}, {""label"": ""저장"", ""x0"": 57, ""y0"": 447, ""x1"": 207, ""y1"": 501, ""rgb"": [179, 179, 179]}, {""label"": ""홈"", ""x0"": 445, ""y0"": 54, ""x1"": 595, ""y1"": 108, ""rgb"": [179, 179, 179]}, {""label"": ""도움말"", ""x0"": 493, ""y0"": 445, ""x1"": 643, ""y1"": 499, ""rgb"": [179, 179, 179]}, {""label"": ""삭제"", ""x0"": 241, ""y0"": 455, ""x1"": 391, ""y1"": 509, ""rgb"": [179, 179, 179]}]"
d3_L03_h110_N.png,3,0,110,55,로그인,265,197,190,170,340,224,"178,184,109",#b2b86d,0.4485,72.79,39.73,"179,179,179","70,70,70",4.481,8.746,503,7006,"[{""label"": ""로그인"", ""x0"": 190, ""y0"": 170, ""x1"": 340, ""y1"": 224, ""rgb"": [178, 184, 109]}, {""label"": ""취소"", ""x0"": 377, ""y0"": 211, ""x1"": 527, ""y1"": 265, ""rgb"": [179, 179, 179]}, {""label"": ""설정"", ""x0"": 401, ""y0"": 333, ""x1"": 551, ""y1"": 387, ""rgb"": [179, 179, 179]}, {""label"": ""검색"", ""x0"": 155, ""y0"": 34, ""x1"": 305, ""y1"": 88, ""rgb"": [179, 179, 179]}, {""label"": ""저장"", ""x0"": 57, ""y0"": 447, ""x1"": 207, ""y1"": 501, ""rgb"": [179, 179, 179]}, {""label"": ""홈"", ""x0"": 445, ""y0"": 54, ""x1"": 595, ""y1"": 108, ""rgb"": [179, 179, 179]}, {""label"": ""도움말"", ""x0"": 493, ""y0"": 445, ""x1"": 643, ""y1"": 499, ""rgb"": [179, 179, 179]}, {""label"": ""삭제"", ""x0"": 241, ""y0"": 455, ""x1"": 391, ""y1"": 509, ""rgb"": [179, 179, 179]}]"
d3_L03_gray_N.png,3,0,gray,56,로그인,265,197,190,170,340,224,"179,179,179",#b3b3b3,0.4508,72.94,0.0,"179,179,179","70,70,70",4.502,8.786,503,7006,"[{""label"": ""로그인"", ""x0"": 190, ""y0"": 170, ""x1"": 340, ""y1"": 224, ""rgb"": [179, 179, 179]}, {""label"": ""취소"", ""x0"": 377, ""y0"": 211, ""x1"": 527, ""y1"": 265, ""rgb"": [179, 179, 179]}, {""label"": ""설정"", ""x0"": 401, ""y0"": 333, ""x1"": 551, ""y1"": 387, ""rgb"": [179, 179, 179]}, {""label"": ""검색"", ""x0"": 155, ""y0"": 34, ""x1"": 305, ""y1"": 88, ""rgb"": [179, 179, 179]}, {""label"": ""저장"", ""x0"": 57, ""y0"": 447, ""x1"": 207, ""y1"": 501, ""rgb"": [179, 179, 179]}, {""label"": ""홈"", ""x0"": 445, ""y0"": 54, ""x1"": 595, ""y1"": 108, ""rgb"": [179, 179, 179]}, {""label"": ""도움말"", ""x0"": 493, ""y0"": 445, ""x1"": 643, ""y1"": 499, ""rgb"": [179, 179, 179]}, {""label"": ""삭제"", ""x0"": 241, ""y0"": 455, ""x1"": 391, ""y1"": 509, ""rgb"": [179, 179, 179]}]"
d3_L03_h290_N.png,3,0,290,57,로그인,265,197,190,170,340,224,"165,174,248",#a5aef8,0.4505,72.92,40.21,"179,179,179","70,70,70",4.499,8.781,503,7006,"[{""label"": ""로그인"", ""x0"": 190, ""y0"": 170, ""x1"": 340, ""y1"": 224, ""rgb"": [165, 174, 248]}, {""label"": ""취소"", ""x0"": 377, ""y0"": 211, ""x1"": 527, ""y1"": 265, ""rgb"": [179, 179, 179]}, {""label"": ""설정"", ""x0"": 401, ""y0"": 333, ""x1"": 551, ""y1"": 387, ""rgb"": [179, 179, 179]}, {""label"": ""검색"", ""x0"": 155, ""y0"": 34, ""x1"": 305, ""y1"": 88, ""rgb"": [179, 179, 179]}, {""label"": ""저장"", ""x0"": 57, ""y0"": 447, ""x1"": 207, ""y1"": 501, ""rgb"": [179, 179, 179]}, {""label"": ""홈"", ""x0"": 445, ""y0"": 54, ""x1"": 595, ""y1"": 108, ""rgb"": [179, 179, 179]}, {""label"": ""도움말"", ""x0"": 493, ""y0"": 445, ""x1"": 643, ""y1"": 499, ""rgb"": [179, 179, 179]}, {""label"": ""삭제"", ""x0"": 241, ""y0"": 455, ""x1"": 391, ""y1"": 509, ""rgb"": [179, 179, 179]}]"
d3_L03_h65_N.png,3,0,65,58,로그인,265,197,190,170,340,224,"228,166,113",#e4a671,0.4496,72.87,40.03,"179,179,179","70,70,70",4.491,8.766,503,7006,"[{""label"": ""로그인"", ""x0"": 190, ""y0"": 170, ""x1"": 340, ""y1"": 224, ""rgb"": [228, 166, 113]}, {""label"": ""취소"", ""x0"": 377, ""y0"": 211, ""x1"": 527, ""y1"": 265, ""rgb"": [179, 179, 179]}, {""label"": ""설정"", ""x0"": 401, ""y0"": 333, ""x1"": 551, ""y1"": 387, ""rgb"": [179, 179, 179]}, {""label"": ""검색"", ""x0"": 155, ""y0"": 34, ""x1"": 305, ""y1"": 88, ""rgb"": [179, 179, 179]}, {""label"": ""저장"", ""x0"": 57, ""y0"": 447, ""x1"": 207, ""y1"": 501, ""rgb"": [179, 179, 179]}, {""label"": ""홈"", ""x0"": 445, ""y0"": 54, ""x1"": 595, ""y1"": 108, ""rgb"": [179, 179, 179]}, {""label"": ""도움말"", ""x0"": 493, ""y0"": 445, ""x1"": 643, ""y1"": 499, ""rgb"": [179, 179, 179]}, {""label"": ""삭제"", ""x0"": 241, ""y0"": 455, ""x1"": 391, ""y1"": 509, ""rgb"": [179, 179, 179]}]"
d3_L03_h335_N.png,3,0,335,59,로그인,265,197,190,170,340,224,"230,155,211",#e69bd3,0.4497,72.87,40.22,"179,179,179","70,70,70",4.492,8.767,503,7006,"[{""label"": ""로그인"", ""x0"": 190, ""y0"": 170, ""x1"": 340, ""y1"": 224, ""rgb"": [230, 155, 211]}, {""label"": ""취소"", ""x0"": 377, ""y0"": 211, ""x1"": 527, ""y1"": 265, ""rgb"": [179, 179, 179]}, {""label"": ""설정"", ""x0"": 401, ""y0"": 333, ""x1"": 551, ""y1"": 387, ""rgb"": [179, 179, 179]}, {""label"": ""검색"", ""x0"": 155, ""y0"": 34, ""x1"": 305, ""y1"": 88, ""rgb"": [179, 179, 179]}, {""label"": ""저장"", ""x0"": 57, ""y0"": 447, ""x1"": 207, ""y1"": 501, ""rgb"": [179, 179, 179]}, {""label"": ""홈"", ""x0"": 445, ""y0"": 54, ""x1"": 595, ""y1"": 108, ""rgb"": [179, 179, 179]}, {""label"": ""도움말"", ""x0"": 493, ""y0"": 445, ""x1"": 643, ""y1"": 499, ""rgb"": [179, 179, 179]}, {""label"": ""삭제"", ""x0"": 241, ""y0"": 455, ""x1"": 391, ""y1"": 509, ""rgb"": [179, 179, 179]}]"
d3_L03_h155_N.png,3,0,155,60,로그인,265,197,190,170,340,224,"113,196,147",#71c493,0.451,72.95,39.99,"179,179,179","70,70,70",4.503,8.789,503,7006,"[{""label"": ""로그인"", ""x0"": 190, ""y0"": 170, ""x1"": 340, ""y1"": 224, ""rgb"": [113, 196, 147]}, {""label"": ""취소"", ""x0"": 377, ""y0"": 211, ""x1"": 527, ""y1"": 265, ""rgb"": [179, 179, 179]}, {""label"": ""설정"", ""x0"": 401, ""y0"": 333, ""x1"": 551, ""y1"": 387, ""rgb"": [179, 179, 179]}, {""label"": ""검색"", ""x0"": 155, ""y0"": 34, ""x1"": 305, ""y1"": 88, ""rgb"": [179, 179, 179]}, {""label"": ""저장"", ""x0"": 57, ""y0"": 447, ""x1"": 207, ""y1"": 501, ""rgb"": [179, 179, 179]}, {""label"": ""홈"", ""x0"": 445, ""y0"": 54, ""x1"": 595, ""y1"": 108, ""rgb"": [179, 179, 179]}, {""label"": ""도움말"", ""x0"": 493, ""y0"": 445, ""x1"": 643, ""y1"": 499, ""rgb"": [179, 179, 179]}, {""label"": ""삭제"", ""x0"": 241, ""y0"": 455, ""x1"": 391, ""y1"": 509, ""rgb"": [179, 179, 179]}]"
d3_L03_h20_N.png,3,0,20,61,로그인,265,197,190,170,340,224,"250,151,156",#fa979c,0.4486,72.8,39.94,"179,179,179","70,70,70",4.482,8.748,503,7006,"[{""label"": ""로그인"", ""x0"": 190, ""y0"": 170, ""x1"": 340, ""y1"": 224, ""rgb"": [250, 151, 156]}, {""label"": ""취소"", ""x0"": 377, ""y0"": 211, ""x1"": 527, ""y1"": 265, ""rgb"": [179, 179, 179]}, {""label"": ""설정"", ""x0"": 401, ""y0"": 333, ""x1"": 551, ""y1"": 387, ""rgb"": [179, 179, 179]}, {""label"": ""검색"", ""x0"": 155, ""y0"": 34, ""x1"": 305, ""y1"": 88, ""rgb"": [179, 179, 179]}, {""label"": ""저장"", ""x0"": 57, ""y0"": 447, ""x1"": 207, ""y1"": 501, ""rgb"": [179, 179, 179]}, {""label"": ""홈"", ""x0"": 445, ""y0"": 54, ""x1"": 595, ""y1"": 108, ""rgb"": [179, 179, 179]}, {""label"": ""도움말"", ""x0"": 493, ""y0"": 445, ""x1"": 643, ""y1"": 499, ""rgb"": [179, 179, 179]}, {""label"": ""삭제"", ""x0"": 241, ""y0"": 455, ""x1"": 391, ""y1"": 509, ""rgb"": [179, 179, 179]}]"
d3_L03_h245_N.png,3,0,245,62,로그인,265,197,190,170,340,224,"67,191,244",#43bff4,0.4498,72.88,39.9,"179,179,179","70,70,70",4.493,8.77,503,7006,"[{""label"": ""로그인"", ""x0"": 190, ""y0"": 170, ""x1"": 340, ""y1"": 224, ""rgb"": [67, 191, 244]}, {""label"": ""취소"", ""x0"": 377, ""y0"": 211, ""x1"": 527, ""y1"": 265, ""rgb"": [179, 179, 179]}, {""label"": ""설정"", ""x0"": 401, ""y0"": 333, ""x1"": 551, ""y1"": 387, ""rgb"": [179, 179, 179]}, {""label"": ""검색"", ""x0"": 155, ""y0"": 34, ""x1"": 305, ""y1"": 88, ""rgb"": [179, 179, 179]}, {""label"": ""저장"", ""x0"": 57, ""y0"": 447, ""x1"": 207, ""y1"": 501, ""rgb"": [179, 179, 179]}, {""label"": ""홈"", ""x0"": 445, ""y0"": 54, ""x1"": 595, ""y1"": 108, ""rgb"": [179, 179, 179]}, {""label"": ""도움말"", ""x0"": 493, ""y0"": 445, ""x1"": 643, ""y1"": 499, ""rgb"": [179, 179, 179]}, {""label"": ""삭제"", ""x0"": 241, ""y0"": 455, ""x1"": 391, ""y1"": 509, ""rgb"": [179, 179, 179]}]"
d3_L03_h65_M.png,3,1,65,63,로그인,615,197,540,170,690,224,"228,166,113",#e4a671,0.4496,72.87,40.03,"179,179,179","70,70,70",4.491,8.766,503,7007,"[{""label"": ""로그인"", ""x0"": 540, ""y0"": 170, ""x1"": 690, ""y1"": 224, ""rgb"": [228, 166, 113]}, {""label"": ""취소"", ""x0"": 353, ""y0"": 211, ""x1"": 503, ""y1"": 265, ""rgb"": [179, 179, 179]}, {""label"": ""설정"", ""x0"": 329, ""y0"": 333, ""x1"": 479, ""y1"": 387, ""rgb"": [179, 179, 179]}, {""label"": ""검색"", ""x0"": 575, ""y0"": 34, ""x1"": 725, ""y1"": 88, ""rgb"": [179, 179, 179]}, {""label"": ""저장"", ""x0"": 673, ""y0"": 447, ""x1"": 823, ""y1"": 501, ""rgb"": [179, 179, 179]}, {""label"": ""홈"", ""x0"": 285, ""y0"": 54, ""x1"": 435, ""y1"": 108, ""rgb"": [179, 179, 179]}, {""label"": ""도움말"", ""x0"": 237, ""y0"": 445, ""x1"": 387, ""y1"": 499, ""rgb"": [179, 179, 179]}, {""label"": ""삭제"", ""x0"": 489, ""y0"": 455, ""x1"": 639, ""y1"": 509, ""rgb"": [179, 179, 179]}]"
d3_L03_h335_M.png,3,1,335,64,로그인,615,197,540,170,690,224,"230,155,211",#e69bd3,0.4497,72.87,40.22,"179,179,179","70,70,70",4.492,8.767,503,7007,"[{""label"": ""로그인"", ""x0"": 540, ""y0"": 170, ""x1"": 690, ""y1"": 224, ""rgb"": [230, 155, 211]}, {""label"": ""취소"", ""x0"": 353, ""y0"": 211, ""x1"": 503, ""y1"": 265, ""rgb"": [179, 179, 179]}, {""label"": ""설정"", ""x0"": 329, ""y0"": 333, ""x1"": 479, ""y1"": 387, ""rgb"": [179, 179, 179]}, {""label"": ""검색"", ""x0"": 575, ""y0"": 34, ""x1"": 725, ""y1"": 88, ""rgb"": [179, 179, 179]}, {""label"": ""저장"", ""x0"": 673, ""y0"": 447, ""x1"": 823, ""y1"": 501, ""rgb"": [179, 179, 179]}, {""label"": ""홈"", ""x0"": 285, ""y0"": 54, ""x1"": 435, ""y1"": 108, ""rgb"": [179, 179, 179]}, {""label"": ""도움말"", ""x0"": 237, ""y0"": 445, ""x1"": 387, ""y1"": 499, ""rgb"": [179, 179, 179]}, {""label"": ""삭제"", ""x0"": 489, ""y0"": 455, ""x1"": 639, ""y1"": 509, ""rgb"": [179, 179, 179]}]"
d3_L03_h155_M.png,3,1,155,65,로그인,615,197,540,170,690,224,"113,196,147",#71c493,0.451,72.95,39.99,"179,179,179","70,70,70",4.503,8.789,503,7007,"[{""label"": ""로그인"", ""x0"": 540, ""y0"": 170, ""x1"": 690, ""y1"": 224, ""rgb"": [113, 196, 147]}, {""label"": ""취소"", ""x0"": 353, ""y0"": 211, ""x1"": 503, ""y1"": 265, ""rgb"": [179, 179, 179]}, {""label"": ""설정"", ""x0"": 329, ""y0"": 333, ""x1"": 479, ""y1"": 387, ""rgb"": [179, 179, 179]}, {""label"": ""검색"", ""x0"": 575, ""y0"": 34, ""x1"": 725, ""y1"": 88, ""rgb"": [179, 179, 179]}, {""label"": ""저장"", ""x0"": 673, ""y0"": 447, ""x1"": 823, ""y1"": 501, ""rgb"": [179, 179, 179]}, {""label"": ""홈"", ""x0"": 285, ""y0"": 54, ""x1"": 435, ""y1"": 108, ""rgb"": [179, 179, 179]}, {""label"": ""도움말"", ""x0"": 237, ""y0"": 445, ""x1"": 387, ""y1"": 499, ""rgb"": [179, 179, 179]}, {""label"": ""삭제"", ""x0"": 489, ""y0"": 455, ""x1"": 639, ""y1"": 509, ""rgb"": [179, 179, 179]}]"
d3_L03_h290_M.png,3,1,290,66,로그인,615,197,540,170,690,224,"165,174,248",#a5aef8,0.4505,72.92,40.21,"179,179,179","70,70,70",4.499,8.781,503,7007,"[{""label"": ""로그인"", ""x0"": 540, ""y0"": 170, ""x1"": 690, ""y1"": 224, ""rgb"": [165, 174, 248]}, {""label"": ""취소"", ""x0"": 353, ""y0"": 211, ""x1"": 503, ""y1"": 265, ""rgb"": [179, 179, 179]}, {""label"": ""설정"", ""x0"": 329, ""y0"": 333, ""x1"": 479, ""y1"": 387, ""rgb"": [179, 179, 179]}, {""label"": ""검색"", ""x0"": 575, ""y0"": 34, ""x1"": 725, ""y1"": 88, ""rgb"": [179, 179, 179]}, {""label"": ""저장"", ""x0"": 673, ""y0"": 447, ""x1"": 823, ""y1"": 501, ""rgb"": [179, 179, 179]}, {""label"": ""홈"", ""x0"": 285, ""y0"": 54, ""x1"": 435, ""y1"": 108, ""rgb"": [179, 179, 179]}, {""label"": ""도움말"", ""x0"": 237, ""y0"": 445, ""x1"": 387, ""y1"": 499, ""rgb"": [179, 179, 179]}, {""label"": ""삭제"", ""x0"": 489, ""y0"": 455, ""x1"": 639, ""y1"": 509, ""rgb"": [179, 179, 179]}]"
d3_L03_h20_M.png,3,1,20,67,로그인,615,197,540,170,690,224,"250,151,156",#fa979c,0.4486,72.8,39.94,"179,179,179","70,70,70",4.482,8.748,503,7007,"[{""label"": ""로그인"", ""x0"": 540, ""y0"": 170, ""x1"": 690, ""y1"": 224, ""rgb"": [250, 151, 156]}, {""label"": ""취소"", ""x0"": 353, ""y0"": 211, ""x1"": 503, ""y1"": 265, ""rgb"": [179, 179, 179]}, {""label"": ""설정"", ""x0"": 329, ""y0"": 333, ""x1"": 479, ""y1"": 387, ""rgb"": [179, 179, 179]}, {""label"": ""검색"", ""x0"": 575, ""y0"": 34, ""x1"": 725, ""y1"": 88, ""rgb"": [179, 179, 179]}, {""label"": ""저장"", ""x0"": 673, ""y0"": 447, ""x1"": 823, ""y1"": 501, ""rgb"": [179, 179, 179]}, {""label"": ""홈"", ""x0"": 285, ""y0"": 54, ""x1"": 435, ""y1"": 108, ""rgb"": [179, 179, 179]}, {""label"": ""도움말"", ""x0"": 237, ""y0"": 445, ""x1"": 387, ""y1"": 499, ""rgb"": [179, 179, 179]}, {""label"": ""삭제"", ""x0"": 489, ""y0"": 455, ""x1"": 639, ""y1"": 509, ""rgb"": [179, 179, 179]}]"
d3_L03_h200_M.png,3,1,200,68,로그인,615,197,540,170,690,224,"24,198,203",#18c6cb,0.4489,72.82,39.91,"179,179,179","70,70,70",4.485,8.754,503,7007,"[{""label"": ""로그인"", ""x0"": 540, ""y0"": 170, ""x1"": 690, ""y1"": 224, ""rgb"": [24, 198, 203]}, {""label"": ""취소"", ""x0"": 353, ""y0"": 211, ""x1"": 503, ""y1"": 265, ""rgb"": [179, 179, 179]}, {""label"": ""설정"", ""x0"": 329, ""y0"": 333, ""x1"": 479, ""y1"": 387, ""rgb"": [179, 179, 179]}, {""label"": ""검색"", ""x0"": 575, ""y0"": 34, ""x1"": 725, ""y1"": 88, ""rgb"": [179, 179, 179]}, {""label"": ""저장"", ""x0"": 673, ""y0"": 447, ""x1"": 823, ""y1"": 501, ""rgb"": [179, 179, 179]}, {""label"": ""홈"", ""x0"": 285, ""y0"": 54, ""x1"": 435, ""y1"": 108, ""rgb"": [179, 179, 179]}, {""label"": ""도움말"", ""x0"": 237, ""y0"": 445, ""x1"": 387, ""y1"": 499, ""rgb"": [179, 179, 179]}, {""label"": ""삭제"", ""x0"": 489, ""y0"": 455, ""x1"": 639, ""y1"": 509, ""rgb"": [179, 179, 179]}]"
d3_L03_h110_M.png,3,1,110,69,로그인,615,197,540,170,690,224,"178,184,109",#b2b86d,0.4485,72.79,39.73,"179,179,179","70,70,70",4.481,8.746,503,7007,"[{""label"": ""로그인"", ""x0"": 540, ""y0"": 170, ""x1"": 690, ""y1"": 224, ""rgb"": [178, 184, 109]}, {""label"": ""취소"", ""x0"": 353, ""y0"": 211, ""x1"": 503, ""y1"": 265, ""rgb"": [179, 179, 179]}, {""label"": ""설정"", ""x0"": 329, ""y0"": 333, ""x1"": 479, ""y1"": 387, ""rgb"": [179, 179, 179]}, {""label"": ""검색"", ""x0"": 575, ""y0"": 34, ""x1"": 725, ""y1"": 88, ""rgb"": [179, 179, 179]}, {""label"": ""저장"", ""x0"": 673, ""y0"": 447, ""x1"": 823, ""y1"": 501, ""rgb"": [179, 179, 179]}, {""label"": ""홈"", ""x0"": 285, ""y0"": 54, ""x1"": 435, ""y1"": 108, ""rgb"": [179, 179, 179]}, {""label"": ""도움말"", ""x0"": 237, ""y0"": 445, ""x1"": 387, ""y1"": 499, ""rgb"": [179, 179, 179]}, {""label"": ""삭제"", ""x0"": 489, ""y0"": 455, ""x1"": 639, ""y1"": 509, ""rgb"": [179, 179, 179]}]"
d3_L03_h245_M.png,3,1,245,70,로그인,615,197,540,170,690,224,"67,191,244",#43bff4,0.4498,72.88,39.9,"179,179,179","70,70,70",4.493,8.77,503,7007,"[{""label"": ""로그인"", ""x0"": 540, ""y0"": 170, ""x1"": 690, ""y1"": 224, ""rgb"": [67, 191, 244]}, {""label"": ""취소"", ""x0"": 353, ""y0"": 211, ""x1"": 503, ""y1"": 265, ""rgb"": [179, 179, 179]}, {""label"": ""설정"", ""x0"": 329, ""y0"": 333, ""x1"": 479, ""y1"": 387, ""rgb"": [179, 179, 179]}, {""label"": ""검색"", ""x0"": 575, ""y0"": 34, ""x1"": 725, ""y1"": 88, ""rgb"": [179, 179, 179]}, {""label"": ""저장"", ""x0"": 673, ""y0"": 447, ""x1"": 823, ""y1"": 501, ""rgb"": [179, 179, 179]}, {""label"": ""홈"", ""x0"": 285, ""y0"": 54, ""x1"": 435, ""y1"": 108, ""rgb"": [179, 179, 179]}, {""label"": ""도움말"", ""x0"": 237, ""y0"": 445, ""x1"": 387, ""y1"": 499, ""rgb"": [179, 179, 179]}, {""label"": ""삭제"", ""x0"": 489, ""y0"": 455, ""x1"": 639, ""y1"": 509, ""rgb"": [179, 179, 179]}]"
d3_L03_gray_M.png,3,1,gray,71,로그인,615,197,540,170,690,224,"179,179,179",#b3b3b3,0.4508,72.94,0.0,"179,179,179","70,70,70",4.502,8.786,503,7007,"[{""label"": ""로그인"", ""x0"": 540, ""y0"": 170, ""x1"": 690, ""y1"": 224, ""rgb"": [179, 179, 179]}, {""label"": ""취소"", ""x0"": 353, ""y0"": 211, ""x1"": 503, ""y1"": 265, ""rgb"": [179, 179, 179]}, {""label"": ""설정"", ""x0"": 329, ""y0"": 333, ""x1"": 479, ""y1"": 387, ""rgb"": [179, 179, 179]}, {""label"": ""검색"", ""x0"": 575, ""y0"": 34, ""x1"": 725, ""y1"": 88, ""rgb"": [179, 179, 179]}, {""label"": ""저장"", ""x0"": 673, ""y0"": 447, ""x1"": 823, ""y1"": 501, ""rgb"": [179, 179, 179]}, {""label"": ""홈"", ""x0"": 285, ""y0"": 54, ""x1"": 435, ""y1"": 108, ""rgb"": [179, 179, 179]}, {""label"": ""도움말"", ""x0"": 237, ""y0"": 445, ""x1"": 387, ""y1"": 499, ""rgb"": [179, 179, 179]}, {""label"": ""삭제"", ""x0"": 489, ""y0"": 455, ""x1"": 639, ""y1"": 509, ""rgb"": [179, 179, 179]}]"
d3_L04_h65_N.png,4,0,65,72,로그인,564,417,489,390,639,444,"228,166,113",#e4a671,0.4496,72.87,40.03,"179,179,179","70,70,70",4.491,8.766,504,7008,"[{""label"": ""로그인"", ""x0"": 489, ""y0"": 390, ""x1"": 639, ""y1"": 444, ""rgb"": [228, 166, 113]}, {""label"": ""취소"", ""x0"": 27, ""y0"": 211, ""x1"": 177, ""y1"": 265, ""rgb"": [179, 179, 179]}, {""label"": ""설정"", ""x0"": 203, ""y0"": 398, ""x1"": 353, ""y1"": 452, ""rgb"": [179, 179, 179]}, {""label"": ""검색"", ""x0"": 541, ""y0"": 164, ""x1"": 691, ""y1"": 218, ""rgb"": [179, 179, 179]}, {""label"": ""저장"", ""x0"": 205, ""y0"": 133, ""x1"": 355, ""y1"": 187, ""rgb"": [179, 179, 179]}, {""label"": ""홈"", ""x0"": 426, ""y0"": 485, ""x1"": 576, ""y1"": 539, ""rgb"": [179, 179, 179]}, {""label"": ""도움말"", ""x0"": 626, ""y0"": 272, ""x1"": 776, ""y1"": 326, ""rgb"": [179, 179, 179]}, {""label"": ""삭제"", ""x0"": 708, ""y0"": 466, ""x1"": 858, ""y1"": 520, ""rgb"": [179, 179, 179]}]"
d3_L04_h245_N.png,4,0,245,73,로그인,564,417,489,390,639,444,"67,191,244",#43bff4,0.4498,72.88,39.9,"179,179,179","70,70,70",4.493,8.77,504,7008,"[{""label"": ""로그인"", ""x0"": 489, ""y0"": 390, ""x1"": 639, ""y1"": 444, ""rgb"": [67, 191, 244]}, {""label"": ""취소"", ""x0"": 27, ""y0"": 211, ""x1"": 177, ""y1"": 265, ""rgb"": [179, 179, 179]}, {""label"": ""설정"", ""x0"": 203, ""y0"": 398, ""x1"": 353, ""y1"": 452, ""rgb"": [179, 179, 179]}, {""label"": ""검색"", ""x0"": 541, ""y0"": 164, ""x1"": 691, ""y1"": 218, ""rgb"": [179, 179, 179]}, {""label"": ""저장"", ""x0"": 205, ""y0"": 133, ""x1"": 355, ""y1"": 187, ""rgb"": [179, 179, 179]}, {""label"": ""홈"", ""x0"": 426, ""y0"": 485, ""x1"": 576, ""y1"": 539, ""rgb"": [179, 179, 179]}, {""label"": ""도움말"", ""x0"": 626, ""y0"": 272, ""x1"": 776, ""y1"": 326, ""rgb"": [179, 179, 179]}, {""label"": ""삭제"", ""x0"": 708, ""y0"": 466, ""x1"": 858, ""y1"": 520, ""rgb"": [179, 179, 179]}]"
d3_L04_h290_N.png,4,0,290,74,로그인,564,417,489,390,639,444,"165,174,248",#a5aef8,0.4505,72.92,40.21,"179,179,179","70,70,70",4.499,8.781,504,7008,"[{""label"": ""로그인"", ""x0"": 489, ""y0"": 390, ""x1"": 639, ""y1"": 444, ""rgb"": [165, 174, 248]}, {""label"": ""취소"", ""x0"": 27, ""y0"": 211, ""x1"": 177, ""y1"": 265, ""rgb"": [179, 179, 179]}, {""label"": ""설정"", ""x0"": 203, ""y0"": 398, ""x1"": 353, ""y1"": 452, ""rgb"": [179, 179, 179]}, {""label"": ""검색"", ""x0"": 541, ""y0"": 164, ""x1"": 691, ""y1"": 218, ""rgb"": [179, 179, 179]}, {""label"": ""저장"", ""x0"": 205, ""y0"": 133, ""x1"": 355, ""y1"": 187, ""rgb"": [179, 179, 179]}, {""label"": ""홈"", ""x0"": 426, ""y0"": 485, ""x1"": 576, ""y1"": 539, ""rgb"": [179, 179, 179]}, {""label"": ""도움말"", ""x0"": 626, ""y0"": 272, ""x1"": 776, ""y1"": 326, ""rgb"": [179, 179, 179]}, {""label"": ""삭제"", ""x0"": 708, ""y0"": 466, ""x1"": 858, ""y1"": 520, ""rgb"": [179, 179, 179]}]"
d3_L04_h20_N.png,4,0,20,75,로그인,564,417,489,390,639,444,"250,151,156",#fa979c,0.4486,72.8,39.94,"179,179,179","70,70,70",4.482,8.748,504,7008,"[{""label"": ""로그인"", ""x0"": 489, ""y0"": 390, ""x1"": 639, ""y1"": 444, ""rgb"": [250, 151, 156]}, {""label"": ""취소"", ""x0"": 27, ""y0"": 211, ""x1"": 177, ""y1"": 265, ""rgb"": [179, 179, 179]}, {""label"": ""설정"", ""x0"": 203, ""y0"": 398, ""x1"": 353, ""y1"": 452, ""rgb"": [179, 179, 179]}, {""label"": ""검색"", ""x0"": 541, ""y0"": 164, ""x1"": 691, ""y1"": 218, ""rgb"": [179, 179, 179]}, {""label"": ""저장"", ""x0"": 205, ""y0"": 133, ""x1"": 355, ""y1"": 187, ""rgb"": [179, 179, 179]}, {""label"": ""홈"", ""x0"": 426, ""y0"": 485, ""x1"": 576, ""y1"": 539, ""rgb"": [179, 179, 179]}, {""label"": ""도움말"", ""x0"": 626, ""y0"": 272, ""x1"": 776, ""y1"": 326, ""rgb"": [179, 179, 179]}, {""label"": ""삭제"", ""x0"": 708, ""y0"": 466, ""x1"": 858, ""y1"": 520, ""rgb"": [179, 179, 179]}]"
d3_L04_h155_N.png,4,0,155,76,로그인,564,417,489,390,639,444,"113,196,147",#71c493,0.451,72.95,39.99,"179,179,179","70,70,70",4.503,8.789,504,7008,"[{""label"": ""로그인"", ""x0"": 489, ""y0"": 390, ""x1"": 639, ""y1"": 444, ""rgb"": [113, 196, 147]}, {""label"": ""취소"", ""x0"": 27, ""y0"": 211, ""x1"": 177, ""y1"": 265, ""rgb"": [179, 179, 179]}, {""label"": ""설정"", ""x0"": 203, ""y0"": 398, ""x1"": 353, ""y1"": 452, ""rgb"": [179, 179, 179]}, {""label"": ""검색"", ""x0"": 541, ""y0"": 164, ""x1"": 691, ""y1"": 218, ""rgb"": [179, 179, 179]}, {""label"": ""저장"", ""x0"": 205, ""y0"": 133, ""x1"": 355, ""y1"": 187, ""rgb"": [179, 179, 179]}, {""label"": ""홈"", ""x0"": 426, ""y0"": 485, ""x1"": 576, ""y1"": 539, ""rgb"": [179, 179, 179]}, {""label"": ""도움말"", ""x0"": 626, ""y0"": 272, ""x1"": 776, ""y1"": 326, ""rgb"": [179, 179, 179]}, {""label"": ""삭제"", ""x0"": 708, ""y0"": 466, ""x1"": 858, ""y1"": 520, ""rgb"": [179, 179, 179]}]"
d3_L04_h110_N.png,4,0,110,77,로그인,564,417,489,390,639,444,"178,184,109",#b2b86d,0.4485,72.79,39.73,"179,179,179","70,70,70",4.481,8.746,504,7008,"[{""label"": ""로그인"", ""x0"": 489, ""y0"": 390, ""x1"": 639, ""y1"": 444, ""rgb"": [178, 184, 109]}, {""label"": ""취소"", ""x0"": 27, ""y0"": 211, ""x1"": 177, ""y1"": 265, ""rgb"": [179, 179, 179]}, {""label"": ""설정"", ""x0"": 203, ""y0"": 398, ""x1"": 353, ""y1"": 452, ""rgb"": [179, 179, 179]}, {""label"": ""검색"", ""x0"": 541, ""y0"": 164, ""x1"": 691, ""y1"": 218, ""rgb"": [179, 179, 179]}, {""label"": ""저장"", ""x0"": 205, ""y0"": 133, ""x1"": 355, ""y1"": 187, ""rgb"": [179, 179, 179]}, {""label"": ""홈"", ""x0"": 426, ""y0"": 485, ""x1"": 576, ""y1"": 539, ""rgb"": [179, 179, 179]}, {""label"": ""도움말"", ""x0"": 626, ""y0"": 272, ""x1"": 776, ""y1"": 326, ""rgb"": [179, 179, 179]}, {""label"": ""삭제"", ""x0"": 708, ""y0"": 466, ""x1"": 858, ""y1"": 520, ""rgb"": [179, 179, 179]}]"
d3_L04_h335_N.png,4,0,335,78,로그인,564,417,489,390,639,444,"230,155,211",#e69bd3,0.4497,72.87,40.22,"179,179,179","70,70,70",4.492,8.767,504,7008,"[{""label"": ""로그인"", ""x0"": 489, ""y0"": 390, ""x1"": 639, ""y1"": 444, ""rgb"": [230, 155, 211]}, {""label"": ""취소"", ""x0"": 27, ""y0"": 211, ""x1"": 177, ""y1"": 265, ""rgb"": [179, 179, 179]}, {""label"": ""설정"", ""x0"": 203, ""y0"": 398, ""x1"": 353, ""y1"": 452, ""rgb"": [179, 179, 179]}, {""label"": ""검색"", ""x0"": 541, ""y0"": 164, ""x1"": 691, ""y1"": 218, ""rgb"": [179, 179, 179]}, {""label"": ""저장"", ""x0"": 205, ""y0"": 133, ""x1"": 355, ""y1"": 187, ""rgb"": [179, 179, 179]}, {""label"": ""홈"", ""x0"": 426, ""y0"": 485, ""x1"": 576, ""y1"": 539, ""rgb"": [179, 179, 179]}, {""label"": ""도움말"", ""x0"": 626, ""y0"": 272, ""x1"": 776, ""y1"": 326, ""rgb"": [179, 179, 179]}, {""label"": ""삭제"", ""x0"": 708, ""y0"": 466, ""x1"": 858, ""y1"": 520, ""rgb"": [179, 179, 179]}]"
d3_L04_gray_N.png,4,0,gray,79,로그인,564,417,489,390,639,444,"179,179,179",#b3b3b3,0.4508,72.94,0.0,"179,179,179","70,70,70",4.502,8.786,504,7008,"[{""label"": ""로그인"", ""x0"": 489, ""y0"": 390, ""x1"": 639, ""y1"": 444, ""rgb"": [179, 179, 179]}, {""label"": ""취소"", ""x0"": 27, ""y0"": 211, ""x1"": 177, ""y1"": 265, ""rgb"": [179, 179, 179]}, {""label"": ""설정"", ""x0"": 203, ""y0"": 398, ""x1"": 353, ""y1"": 452, ""rgb"": [179, 179, 179]}, {""label"": ""검색"", ""x0"": 541, ""y0"": 164, ""x1"": 691, ""y1"": 218, ""rgb"": [179, 179, 179]}, {""label"": ""저장"", ""x0"": 205, ""y0"": 133, ""x1"": 355, ""y1"": 187, ""rgb"": [179, 179, 179]}, {""label"": ""홈"", ""x0"": 426, ""y0"": 485, ""x1"": 576, ""y1"": 539, ""rgb"": [179, 179, 179]}, {""label"": ""도움말"", ""x0"": 626, ""y0"": 272, ""x1"": 776, ""y1"": 326, ""rgb"": [179, 179, 179]}, {""label"": ""삭제"", ""x0"": 708, ""y0"": 466, ""x1"": 858, ""y1"": 520, ""rgb"": [179, 179, 179]}]"
d3_L04_h200_N.png,4,0,200,80,로그인,564,417,489,390,639,444,"24,198,203",#18c6cb,0.4489,72.82,39.91,"179,179,179","70,70,70",4.485,8.754,504,7008,"[{""label"": ""로그인"", ""x0"": 489, ""y0"": 390, ""x1"": 639, ""y1"": 444, ""rgb"": [24, 198, 203]}, {""label"": ""취소"", ""x0"": 27, ""y0"": 211, ""x1"": 177, ""y1"": 265, ""rgb"": [179, 179, 179]}, {""label"": ""설정"", ""x0"": 203, ""y0"": 398, ""x1"": 353, ""y1"": 452, ""rgb"": [179, 179, 179]}, {""label"": ""검색"", ""x0"": 541, ""y0"": 164, ""x1"": 691, ""y1"": 218, ""rgb"": [179, 179, 179]}, {""label"": ""저장"", ""x0"": 205, ""y0"": 133, ""x1"": 355, ""y1"": 187, ""rgb"": [179, 179, 179]}, {""label"": ""홈"", ""x0"": 426, ""y0"": 485, ""x1"": 576, ""y1"": 539, ""rgb"": [179, 179, 179]}, {""label"": ""도움말"", ""x0"": 626, ""y0"": 272, ""x1"": 776, ""y1"": 326, ""rgb"": [179, 179, 179]}, {""label"": ""삭제"", ""x0"": 708, ""y0"": 466, ""x1"": 858, ""y1"": 520, ""rgb"": [179, 179, 179]}]"
d3_L04_h200_M.png,4,1,200,81,로그인,316,417,241,390,391,444,"24,198,203",#18c6cb,0.4489,72.82,39.91,"179,179,179","70,70,70",4.485,8.754,504,7009,"[{""label"": ""로그인"", ""x0"": 241, ""y0"": 390, ""x1"": 391, ""y1"": 444, ""rgb"": [24, 198, 203]}, {""label"": ""취소"", ""x0"": 703, ""y0"": 211, ""x1"": 853, ""y1"": 265, ""rgb"": [179, 179, 179]}, {""label"": ""설정"", ""x0"": 527, ""y0"": 398, ""x1"": 677, ""y1"": 452, ""rgb"": [179, 179, 179]}, {""label"": ""검색"", ""x0"": 189, ""y0"": 164, ""x1"": 339, ""y1"": 218, ""rgb"": [179, 179, 179]}, {""label"": ""저장"", ""x0"": 525, ""y0"": 133, ""x1"": 675, ""y1"": 187, ""rgb"": [179, 179, 179]}, {""label"": ""홈"", ""x0"": 304, ""y0"": 485, ""x1"": 454, ""y1"": 539, ""rgb"": [179, 179, 179]}, {""label"": ""도움말"", ""x0"": 104, ""y0"": 272, ""x1"": 254, ""y1"": 326, ""rgb"": [179, 179, 179]}, {""label"": ""삭제"", ""x0"": 22, ""y0"": 466, ""x1"": 172, ""y1"": 520, ""rgb"": [179, 179, 179]}]"
d3_L04_h65_M.png,4,1,65,82,로그인,316,417,241,390,391,444,"228,166,113",#e4a671,0.4496,72.87,40.03,"179,179,179","70,70,70",4.491,8.766,504,7009,"[{""label"": ""로그인"", ""x0"": 241, ""y0"": 390, ""x1"": 391, ""y1"": 444, ""rgb"": [228, 166, 113]}, {""label"": ""취소"", ""x0"": 703, ""y0"": 211, ""x1"": 853, ""y1"": 265, ""rgb"": [179, 179, 179]}, {""label"": ""설정"", ""x0"": 527, ""y0"": 398, ""x1"": 677, ""y1"": 452, ""rgb"": [179, 179, 179]}, {""label"": ""검색"", ""x0"": 189, ""y0"": 164, ""x1"": 339, ""y1"": 218, ""rgb"": [179, 179, 179]}, {""label"": ""저장"", ""x0"": 525, ""y0"": 133, ""x1"": 675, ""y1"": 187, ""rgb"": [179, 179, 179]}, {""label"": ""홈"", ""x0"": 304, ""y0"": 485, ""x1"": 454, ""y1"": 539, ""rgb"": [179, 179, 179]}, {""label"": ""도움말"", ""x0"": 104, ""y0"": 272, ""x1"": 254, ""y1"": 326, ""rgb"": [179, 179, 179]}, {""label"": ""삭제"", ""x0"": 22, ""y0"": 466, ""x1"": 172, ""y1"": 520, ""rgb"": [179, 179, 179]}]"
d3_L04_h20_M.png,4,1,20,83,로그인,316,417,241,390,391,444,"250,151,156",#fa979c,0.4486,72.8,39.94,"179,179,179","70,70,70",4.482,8.748,504,7009,"[{""label"": ""로그인"", ""x0"": 241, ""y0"": 390, ""x1"": 391, ""y1"": 444, ""rgb"": [250, 151, 156]}, {""label"": ""취소"", ""x0"": 703, ""y0"": 211, ""x1"": 853, ""y1"": 265, ""rgb"": [179, 179, 179]}, {""label"": ""설정"", ""x0"": 527, ""y0"": 398, ""x1"": 677, ""y1"": 452, ""rgb"": [179, 179, 179]}, {""label"": ""검색"", ""x0"": 189, ""y0"": 164, ""x1"": 339, ""y1"": 218, ""rgb"": [179, 179, 179]}, {""label"": ""저장"", ""x0"": 525, ""y0"": 133, ""x1"": 675, ""y1"": 187, ""rgb"": [179, 179, 179]}, {""label"": ""홈"", ""x0"": 304, ""y0"": 485, ""x1"": 454, ""y1"": 539, ""rgb"": [179, 179, 179]}, {""label"": ""도움말"", ""x0"": 104, ""y0"": 272, ""x1"": 254, ""y1"": 326, ""rgb"": [179, 179, 179]}, {""label"": ""삭제"", ""x0"": 22, ""y0"": 466, ""x1"": 172, ""y1"": 520, ""rgb"": [179, 179, 179]}]"
d3_L04_h110_M.png,4,1,110,84,로그인,316,417,241,390,391,444,"178,184,109",#b2b86d,0.4485,72.79,39.73,"179,179,179","70,70,70",4.481,8.746,504,7009,"[{""label"": ""로그인"", ""x0"": 241, ""y0"": 390, ""x1"": 391, ""y1"": 444, ""rgb"": [178, 184, 109]}, {""label"": ""취소"", ""x0"": 703, ""y0"": 211, ""x1"": 853, ""y1"": 265, ""rgb"": [179, 179, 179]}, {""label"": ""설정"", ""x0"": 527, ""y0"": 398, ""x1"": 677, ""y1"": 452, ""rgb"": [179, 179, 179]}, {""label"": ""검색"", ""x0"": 189, ""y0"": 164, ""x1"": 339, ""y1"": 218, ""rgb"": [179, 179, 179]}, {""label"": ""저장"", ""x0"": 525, ""y0"": 133, ""x1"": 675, ""y1"": 187, ""rgb"": [179, 179, 179]}, {""label"": ""홈"", ""x0"": 304, ""y0"": 485, ""x1"": 454, ""y1"": 539, ""rgb"": [179, 179, 179]}, {""label"": ""도움말"", ""x0"": 104, ""y0"": 272, ""x1"": 254, ""y1"": 326, ""rgb"": [179, 179, 179]}, {""label"": ""삭제"", ""x0"": 22, ""y0"": 466, ""x1"": 172, ""y1"": 520, ""rgb"": [179, 179, 179]}]"
d3_L04_h155_M.png,4,1,155,85,로그인,316,417,241,390,391,444,"113,196,147",#71c493,0.451,72.95,39.99,"179,179,179","70,70,70",4.503,8.789,504,7009,"[{""label"": ""로그인"", ""x0"": 241, ""y0"": 390, ""x1"": 391, ""y1"": 444, ""rgb"": [113, 196, 147]}, {""label"": ""취소"", ""x0"": 703, ""y0"": 211, ""x1"": 853, ""y1"": 265, ""rgb"": [179, 179, 179]}, {""label"": ""설정"", ""x0"": 527, ""y0"": 398, ""x1"": 677, ""y1"": 452, ""rgb"": [179, 179, 179]}, {""label"": ""검색"", ""x0"": 189, ""y0"": 164, ""x1"": 339, ""y1"": 218, ""rgb"": [179, 179, 179]}, {""label"": ""저장"", ""x0"": 525, ""y0"": 133, ""x1"": 675, ""y1"": 187, ""rgb"": [179, 179, 179]}, {""label"": ""홈"", ""x0"": 304, ""y0"": 485, ""x1"": 454, ""y1"": 539, ""rgb"": [179, 179, 179]}, {""label"": ""도움말"", ""x0"": 104, ""y0"": 272, ""x1"": 254, ""y1"": 326, ""rgb"": [179, 179, 179]}, {""label"": ""삭제"", ""x0"": 22, ""y0"": 466, ""x1"": 172, ""y1"": 520, ""rgb"": [179, 179, 179]}]"
d3_L04_gray_M.png,4,1,gray,86,로그인,316,417,241,390,391,444,"179,179,179",#b3b3b3,0.4508,72.94,0.0,"179,179,179","70,70,70",4.502,8.786,504,7009,"[{""label"": ""로그인"", ""x0"": 241, ""y0"": 390, ""x1"": 391, ""y1"": 444, ""rgb"": [179, 179, 179]}, {""label"": ""취소"", ""x0"": 703, ""y0"": 211, ""x1"": 853, ""y1"": 265, ""rgb"": [179, 179, 179]}, {""label"": ""설정"", ""x0"": 527, ""y0"": 398, ""x1"": 677, ""y1"": 452, ""rgb"": [179, 179, 179]}, {""label"": ""검색"", ""x0"": 189, ""y0"": 164, ""x1"": 339, ""y1"": 218, ""rgb"": [179, 179, 179]}, {""label"": ""저장"", ""x0"": 525, ""y0"": 133, ""x1"": 675, ""y1"": 187, ""rgb"": [179, 179, 179]}, {""label"": ""홈"", ""x0"": 304, ""y0"": 485, ""x1"": 454, ""y1"": 539, ""rgb"": [179, 179, 179]}, {""label"": ""도움말"", ""x0"": 104, ""y0"": 272, ""x1"": 254, ""y1"": 326, ""rgb"": [179, 179, 179]}, {""label"": ""삭제"", ""x0"": 22, ""y0"": 466, ""x1"": 172, ""y1"": 520, ""rgb"": [179, 179, 179]}]"
d3_L04_h335_M.png,4,1,335,87,로그인,316,417,241,390,391,444,"230,155,211",#e69bd3,0.4497,72.87,40.22,"179,179,179","70,70,70",4.492,8.767,504,7009,"[{""label"": ""로그인"", ""x0"": 241, ""y0"": 390, ""x1"": 391, ""y1"": 444, ""rgb"": [230, 155, 211]}, {""label"": ""취소"", ""x0"": 703, ""y0"": 211, ""x1"": 853, ""y1"": 265, ""rgb"": [179, 179, 179]}, {""label"": ""설정"", ""x0"": 527, ""y0"": 398, ""x1"": 677, ""y1"": 452, ""rgb"": [179, 179, 179]}, {""label"": ""검색"", ""x0"": 189, ""y0"": 164, ""x1"": 339, ""y1"": 218, ""rgb"": [179, 179, 179]}, {""label"": ""저장"", ""x0"": 525, ""y0"": 133, ""x1"": 675, ""y1"": 187, ""rgb"": [179, 179, 179]}, {""label"": ""홈"", ""x0"": 304, ""y0"": 485, ""x1"": 454, ""y1"": 539, ""rgb"": [179, 179, 179]}, {""label"": ""도움말"", ""x0"": 104, ""y0"": 272, ""x1"": 254, ""y1"": 326, ""rgb"": [179, 179, 179]}, {""label"": ""삭제"", ""x0"": 22, ""y0"": 466, ""x1"": 172, ""y1"": 520, ""rgb"": [179, 179, 179]}]"
d3_L04_h290_M.png,4,1,290,88,로그인,316,417,241,390,391,444,"165,174,248",#a5aef8,0.4505,72.92,40.21,"179,179,179","70,70,70",4.499,8.781,504,7009,"[{""label"": ""로그인"", ""x0"": 241, ""y0"": 390, ""x1"": 391, ""y1"": 444, ""rgb"": [165, 174, 248]}, {""label"": ""취소"", ""x0"": 703, ""y0"": 211, ""x1"": 853, ""y1"": 265, ""rgb"": [179, 179, 179]}, {""label"": ""설정"", ""x0"": 527, ""y0"": 398, ""x1"": 677, ""y1"": 452, ""rgb"": [179, 179, 179]}, {""label"": ""검색"", ""x0"": 189, ""y0"": 164, ""x1"": 339, ""y1"": 218, ""rgb"": [179, 179, 179]}, {""label"": ""저장"", ""x0"": 525, ""y0"": 133, ""x1"": 675, ""y1"": 187, ""rgb"": [179, 179, 179]}, {""label"": ""홈"", ""x0"": 304, ""y0"": 485, ""x1"": 454, ""y1"": 539, ""rgb"": [179, 179, 179]}, {""label"": ""도움말"", ""x0"": 104, ""y0"": 272, ""x1"": 254, ""y1"": 326, ""rgb"": [179, 179, 179]}, {""label"": ""삭제"", ""x0"": 22, ""y0"": 466, ""x1"": 172, ""y1"": 520, ""rgb"": [179, 179, 179]}]"
d3_L04_h245_M.png,4,1,245,89,로그인,316,417,241,390,391,444,"67,191,244",#43bff4,0.4498,72.88,39.9,"179,179,179","70,70,70",4.493,8.77,504,7009,"[{""label"": ""로그인"", ""x0"": 241, ""y0"": 390, ""x1"": 391, ""y1"": 444, ""rgb"": [67, 191, 244]}, {""label"": ""취소"", ""x0"": 703, ""y0"": 211, ""x1"": 853, ""y1"": 265, ""rgb"": [179, 179, 179]}, {""label"": ""설정"", ""x0"": 527, ""y0"": 398, ""x1"": 677, ""y1"": 452, ""rgb"": [179, 179, 179]}, {""label"": ""검색"", ""x0"": 189, ""y0"": 164, ""x1"": 339, ""y1"": 218, ""rgb"": [179, 179, 179]}, {""label"": ""저장"", ""x0"": 525, ""y0"": 133, ""x1"": 675, ""y1"": 187, ""rgb"": [179, 179, 179]}, {""label"": ""홈"", ""x0"": 304, ""y0"": 485, ""x1"": 454, ""y1"": 539, ""rgb"": [179, 179, 179]}, {""label"": ""도움말"", ""x0"": 104, ""y0"": 272, ""x1"": 254, ""y1"": 326, ""rgb"": [179, 179, 179]}, {""label"": ""삭제"", ""x0"": 22, ""y0"": 466, ""x1"": 172, ""y1"": 520, ""rgb"": [179, 179, 179]}]"
d3_L05_h335_N.png,5,0,335,90,로그인,243,305,168,278,318,332,"230,155,211",#e69bd3,0.4497,72.87,40.22,"179,179,179","70,70,70",4.492,8.767,505,7010,"[{""label"": ""로그인"", ""x0"": 168, ""y0"": 278, ""x1"": 318, ""y1"": 332, ""rgb"": [230, 155, 211]}, {""label"": ""취소"", ""x0"": 361, ""y0"": 496, ""x1"": 511, ""y1"": 550, ""rgb"": [179, 179, 179]}, {""label"": ""설정"", ""x0"": 315, ""y0"": 373, ""x1"": 465, ""y1"": 427, ""rgb"": [179, 179, 179]}, {""label"": ""검색"", ""x0"": 76, ""y0"": 431, ""x1"": 226, ""y1"": 485, ""rgb"": [179, 179, 179]}, {""label"": ""저장"", ""x0"": 640, ""y0"": 429, ""x1"": 790, ""y1"": 483, ""rgb"": [179, 179, 179]}, {""label"": ""홈"", ""x0"": 622, ""y0"": 116, ""x1"": 772, ""y1"": 170, ""rgb"": [179, 179, 179]}, {""label"": ""도움말"", ""x0"": 270, ""y0"": 139, ""x1"": 420, ""y1"": 193, ""rgb"": [179, 179, 179]}, {""label"": ""삭제"", ""x0"": 456, ""y0"": 292, ""x1"": 606, ""y1"": 346, ""rgb"": [179, 179, 179]}]"
d3_L05_h290_N.png,5,0,290,91,로그인,243,305,168,278,318,332,"165,174,248",#a5aef8,0.4505,72.92,40.21,"179,179,179","70,70,70",4.499,8.781,505,7010,"[{""label"": ""로그인"", ""x0"": 168, ""y0"": 278, ""x1"": 318, ""y1"": 332, ""rgb"": [165, 174, 248]}, {""label"": ""취소"", ""x0"": 361, ""y0"": 496, ""x1"": 511, ""y1"": 550, ""rgb"": [179, 179, 179]}, {""label"": ""설정"", ""x0"": 315, ""y0"": 373, ""x1"": 465, ""y1"": 427, ""rgb"": [179, 179, 179]}, {""label"": ""검색"", ""x0"": 76, ""y0"": 431, ""x1"": 226, ""y1"": 485, ""rgb"": [179, 179, 179]}, {""label"": ""저장"", ""x0"": 640, ""y0"": 429, ""x1"": 790, ""y1"": 483, ""rgb"": [179, 179, 179]}, {""label"": ""홈"", ""x0"": 622, ""y0"": 116, ""x1"": 772, ""y1"": 170, ""rgb"": [179, 179, 179]}, {""label"": ""도움말"", ""x0"": 270, ""y0"": 139, ""x1"": 420, ""y1"": 193, ""rgb"": [179, 179, 179]}, {""label"": ""삭제"", ""x0"": 456, ""y0"": 292, ""x1"": 606, ""y1"": 346, ""rgb"": [179, 179, 179]}]"
d3_L05_gray_N.png,5,0,gray,92,로그인,243,305,168,278,318,332,"179,179,179",#b3b3b3,0.4508,72.94,0.0,"179,179,179","70,70,70",4.502,8.786,505,7010,"[{""label"": ""로그인"", ""x0"": 168, ""y0"": 278, ""x1"": 318, ""y1"": 332, ""rgb"": [179, 179, 179]}, {""label"": ""취소"", ""x0"": 361, ""y0"": 496, ""x1"": 511, ""y1"": 550, ""rgb"": [179, 179, 179]}, {""label"": ""설정"", ""x0"": 315, ""y0"": 373, ""x1"": 465, ""y1"": 427, ""rgb"": [179, 179, 179]}, {""label"": ""검색"", ""x0"": 76, ""y0"": 431, ""x1"": 226, ""y1"": 485, ""rgb"": [179, 179, 179]}, {""label"": ""저장"", ""x0"": 640, ""y0"": 429, ""x1"": 790, ""y1"": 483, ""rgb"": [179, 179, 179]}, {""label"": ""홈"", ""x0"": 622, ""y0"": 116, ""x1"": 772, ""y1"": 170, ""rgb"": [179, 179, 179]}, {""label"": ""도움말"", ""x0"": 270, ""y0"": 139, ""x1"": 420, ""y1"": 193, ""rgb"": [179, 179, 179]}, {""label"": ""삭제"", ""x0"": 456, ""y0"": 292, ""x1"": 606, ""y1"": 346, ""rgb"": [179, 179, 179]}]"
d3_L05_h200_N.png,5,0,200,93,로그인,243,305,168,278,318,332,"24,198,203",#18c6cb,0.4489,72.82,39.91,"179,179,179","70,70,70",4.485,8.754,505,7010,"[{""label"": ""로그인"", ""x0"": 168, ""y0"": 278, ""x1"": 318, ""y1"": 332, ""rgb"": [24, 198, 203]}, {""label"": ""취소"", ""x0"": 361, ""y0"": 496, ""x1"": 511, ""y1"": 550, ""rgb"": [179, 179, 179]}, {""label"": ""설정"", ""x0"": 315, ""y0"": 373, ""x1"": 465, ""y1"": 427, ""rgb"": [179, 179, 179]}, {""label"": ""검색"", ""x0"": 76, ""y0"": 431, ""x1"": 226, ""y1"": 485, ""rgb"": [179, 179, 179]}, {""label"": ""저장"", ""x0"": 640, ""y0"": 429, ""x1"": 790, ""y1"": 483, ""rgb"": [179, 179, 179]}, {""label"": ""홈"", ""x0"": 622, ""y0"": 116, ""x1"": 772, ""y1"": 170, ""rgb"": [179, 179, 179]}, {""label"": ""도움말"", ""x0"": 270, ""y0"": 139, ""x1"": 420, ""y1"": 193, ""rgb"": [179, 179, 179]}, {""label"": ""삭제"", ""x0"": 456, ""y0"": 292, ""x1"": 606, ""y1"": 346, ""rgb"": [179, 179, 179]}]"
d3_L05_h20_N.png,5,0,20,94,로그인,243,305,168,278,318,332,"250,151,156",#fa979c,0.4486,72.8,39.94,"179,179,179","70,70,70",4.482,8.748,505,7010,"[{""label"": ""로그인"", ""x0"": 168, ""y0"": 278, ""x1"": 318, ""y1"": 332, ""rgb"": [250, 151, 156]}, {""label"": ""취소"", ""x0"": 361, ""y0"": 496, ""x1"": 511, ""y1"": 550, ""rgb"": [179, 179, 179]}, {""label"": ""설정"", ""x0"": 315, ""y0"": 373, ""x1"": 465, ""y1"": 427, ""rgb"": [179, 179, 179]}, {""label"": ""검색"", ""x0"": 76, ""y0"": 431, ""x1"": 226, ""y1"": 485, ""rgb"": [179, 179, 179]}, {""label"": ""저장"", ""x0"": 640, ""y0"": 429, ""x1"": 790, ""y1"": 483, ""rgb"": [179, 179, 179]}, {""label"": ""홈"", ""x0"": 622, ""y0"": 116, ""x1"": 772, ""y1"": 170, ""rgb"": [179, 179, 179]}, {""label"": ""도움말"", ""x0"": 270, ""y0"": 139, ""x1"": 420, ""y1"": 193, ""rgb"": [179, 179, 179]}, {""label"": ""삭제"", ""x0"": 456, ""y0"": 292, ""x1"": 606, ""y1"": 346, ""rgb"": [179, 179, 179]}]"
d3_L05_h110_N.png,5,0,110,95,로그인,243,305,168,278,318,332,"178,184,109",#b2b86d,0.4485,72.79,39.73,"179,179,179","70,70,70",4.481,8.746,505,7010,"[{""label"": ""로그인"", ""x0"": 168, ""y0"": 278, ""x1"": 318, ""y1"": 332, ""rgb"": [178, 184, 109]}, {""label"": ""취소"", ""x0"": 361, ""y0"": 496, ""x1"": 511, ""y1"": 550, ""rgb"": [179, 179, 179]}, {""label"": ""설정"", ""x0"": 315, ""y0"": 373, ""x1"": 465, ""y1"": 427, ""rgb"": [179, 179, 179]}, {""label"": ""검색"", ""x0"": 76, ""y0"": 431, ""x1"": 226, ""y1"": 485, ""rgb"": [179, 179, 179]}, {""label"": ""저장"", ""x0"": 640, ""y0"": 429, ""x1"": 790, ""y1"": 483, ""rgb"": [179, 179, 179]}, {""label"": ""홈"", ""x0"": 622, ""y0"": 116, ""x1"": 772, ""y1"": 170, ""rgb"": [179, 179, 179]}, {""label"": ""도움말"", ""x0"": 270, ""y0"": 139, ""x1"": 420, ""y1"": 193, ""rgb"": [179, 179, 179]}, {""label"": ""삭제"", ""x0"": 456, ""y0"": 292, ""x1"": 606, ""y1"": 346, ""rgb"": [179, 179, 179]}]"
d3_L05_h155_N.png,5,0,155,96,로그인,243,305,168,278,318,332,"113,196,147",#71c493,0.451,72.95,39.99,"179,179,179","70,70,70",4.503,8.789,505,7010,"[{""label"": ""로그인"", ""x0"": 168, ""y0"": 278, ""x1"": 318, ""y1"": 332, ""rgb"": [113, 196, 147]}, {""label"": ""취소"", ""x0"": 361, ""y0"": 496, ""x1"": 511, ""y1"": 550, ""rgb"": [179, 179, 179]}, {""label"": ""설정"", ""x0"": 315, ""y0"": 373, ""x1"": 465, ""y1"": 427, ""rgb"": [179, 179, 179]}, {""label"": ""검색"", ""x0"": 76, ""y0"": 431, ""x1"": 226, ""y1"": 485, ""rgb"": [179, 179, 179]}, {""label"": ""저장"", ""x0"": 640, ""y0"": 429, ""x1"": 790, ""y1"": 483, ""rgb"": [179, 179, 179]}, {""label"": ""홈"", ""x0"": 622, ""y0"": 116, ""x1"": 772, ""y1"": 170, ""rgb"": [179, 179, 179]}, {""label"": ""도움말"", ""x0"": 270, ""y0"": 139, ""x1"": 420, ""y1"": 193, ""rgb"": [179, 179, 179]}, {""label"": ""삭제"", ""x0"": 456, ""y0"": 292, ""x1"": 606, ""y1"": 346, ""rgb"": [179, 179, 179]}]"
d3_L05_h245_N.png,5,0,245,97,로그인,243,305,168,278,318,332,"67,191,244",#43bff4,0.4498,72.88,39.9,"179,179,179","70,70,70",4.493,8.77,505,7010,"[{""label"": ""로그인"", ""x0"": 168, ""y0"": 278, ""x1"": 318, ""y1"": 332, ""rgb"": [67, 191, 244]}, {""label"": ""취소"", ""x0"": 361, ""y0"": 496, ""x1"": 511, ""y1"": 550, ""rgb"": [179, 179, 179]}, {""label"": ""설정"", ""x0"": 315, ""y0"": 373, ""x1"": 465, ""y1"": 427, ""rgb"": [179, 179, 179]}, {""label"": ""검색"", ""x0"": 76, ""y0"": 431, ""x1"": 226, ""y1"": 485, ""rgb"": [179, 179, 179]}, {""label"": ""저장"", ""x0"": 640, ""y0"": 429, ""x1"": 790, ""y1"": 483, ""rgb"": [179, 179, 179]}, {""label"": ""홈"", ""x0"": 622, ""y0"": 116, ""x1"": 772, ""y1"": 170, ""rgb"": [179, 179, 179]}, {""label"": ""도움말"", ""x0"": 270, ""y0"": 139, ""x1"": 420, ""y1"": 193, ""rgb"": [179, 179, 179]}, {""label"": ""삭제"", ""x0"": 456, ""y0"": 292, ""x1"": 606, ""y1"": 346, ""rgb"": [179, 179, 179]}]"
d3_L05_h65_N.png,5,0,65,98,로그인,243,305,168,278,318,332,"228,166,113",#e4a671,0.4496,72.87,40.03,"179,179,179","70,70,70",4.491,8.766,505,7010,"[{""label"": ""로그인"", ""x0"": 168, ""y0"": 278, ""x1"": 318, ""y1"": 332, ""rgb"": [228, 166, 113]}, {""label"": ""취소"", ""x0"": 361, ""y0"": 496, ""x1"": 511, ""y1"": 550, ""rgb"": [179, 179, 179]}, {""label"": ""설정"", ""x0"": 315, ""y0"": 373, ""x1"": 465, ""y1"": 427, ""rgb"": [179, 179, 179]}, {""label"": ""검색"", ""x0"": 76, ""y0"": 431, ""x1"": 226, ""y1"": 485, ""rgb"": [179, 179, 179]}, {""label"": ""저장"", ""x0"": 640, ""y0"": 429, ""x1"": 790, ""y1"": 483, ""rgb"": [179, 179, 179]}, {""label"": ""홈"", ""x0"": 622, ""y0"": 116, ""x1"": 772, ""y1"": 170, ""rgb"": [179, 179, 179]}, {""label"": ""도움말"", ""x0"": 270, ""y0"": 139, ""x1"": 420, ""y1"": 193, ""rgb"": [179, 179, 179]}, {""label"": ""삭제"", ""x0"": 456, ""y0"": 292, ""x1"": 606, ""y1"": 346, ""rgb"": [179, 179, 179]}]"
d3_L05_h290_M.png,5,1,290,99,로그인,637,305,562,278,712,332,"165,174,248",#a5aef8,0.4505,72.92,40.21,"179,179,179","70,70,70",4.499,8.781,505,7011,"[{""label"": ""로그인"", ""x0"": 562, ""y0"": 278, ""x1"": 712, ""y1"": 332, ""rgb"": [165, 174, 248]}, {""label"": ""취소"", ""x0"": 369, ""y0"": 496, ""x1"": 519, ""y1"": 550, ""rgb"": [179, 179, 179]}, {""label"": ""설정"", ""x0"": 415, ""y0"": 373, ""x1"": 565, ""y1"": 427, ""rgb"": [179, 179, 179]}, {""label"": ""검색"", ""x0"": 654, ""y0"": 431, ""x1"": 804, ""y1"": 485, ""rgb"": [179, 179, 179]}, {""label"": ""저장"", ""x0"": 90, ""y0"": 429, ""x1"": 240, ""y1"": 483, ""rgb"": [179, 179, 179]}, {""label"": ""홈"", ""x0"": 108, ""y0"": 116, ""x1"": 258, ""y1"": 170, ""rgb"": [179, 179, 179]}, {""label"": ""도움말"", ""x0"": 460, ""y0"": 139, ""x1"": 610, ""y1"": 193, ""rgb"": [179, 179, 179]}, {""label"": ""삭제"", ""x0"": 274, ""y0"": 292, ""x1"": 424, ""y1"": 346, ""rgb"": [179, 179, 179]}]"
d3_L05_h110_M.png,5,1,110,100,로그인,637,305,562,278,712,332,"178,184,109",#b2b86d,0.4485,72.79,39.73,"179,179,179","70,70,70",4.481,8.746,505,7011,"[{""label"": ""로그인"", ""x0"": 562, ""y0"": 278, ""x1"": 712, ""y1"": 332, ""rgb"": [178, 184, 109]}, {""label"": ""취소"", ""x0"": 369, ""y0"": 496, ""x1"": 519, ""y1"": 550, ""rgb"": [179, 179, 179]}, {""label"": ""설정"", ""x0"": 415, ""y0"": 373, ""x1"": 565, ""y1"": 427, ""rgb"": [179, 179, 179]}, {""label"": ""검색"", ""x0"": 654, ""y0"": 431, ""x1"": 804, ""y1"": 485, ""rgb"": [179, 179, 179]}, {""label"": ""저장"", ""x0"": 90, ""y0"": 429, ""x1"": 240, ""y1"": 483, ""rgb"": [179, 179, 179]}, {""label"": ""홈"", ""x0"": 108, ""y0"": 116, ""x1"": 258, ""y1"": 170, ""rgb"": [179, 179, 179]}, {""label"": ""도움말"", ""x0"": 460, ""y0"": 139, ""x1"": 610, ""y1"": 193, ""rgb"": [179, 179, 179]}, {""label"": ""삭제"", ""x0"": 274, ""y0"": 292, ""x1"": 424, ""y1"": 346, ""rgb"": [179, 179, 179]}]"
d3_L05_h20_M.png,5,1,20,101,로그인,637,305,562,278,712,332,"250,151,156",#fa979c,0.4486,72.8,39.94,"179,179,179","70,70,70",4.482,8.748,505,7011,"[{""label"": ""로그인"", ""x0"": 562, ""y0"": 278, ""x1"": 712, ""y1"": 332, ""rgb"": [250, 151, 156]}, {""label"": ""취소"", ""x0"": 369, ""y0"": 496, ""x1"": 519, ""y1"": 550, ""rgb"": [179, 179, 179]}, {""label"": ""설정"", ""x0"": 415, ""y0"": 373, ""x1"": 565, ""y1"": 427, ""rgb"": [179, 179, 179]}, {""label"": ""검색"", ""x0"": 654, ""y0"": 431, ""x1"": 804, ""y1"": 485, ""rgb"": [179, 179, 179]}, {""label"": ""저장"", ""x0"": 90, ""y0"": 429, ""x1"": 240, ""y1"": 483, ""rgb"": [179, 179, 179]}, {""label"": ""홈"", ""x0"": 108, ""y0"": 116, ""x1"": 258, ""y1"": 170, ""rgb"": [179, 179, 179]}, {""label"": ""도움말"", ""x0"": 460, ""y0"": 139, ""x1"": 610, ""y1"": 193, ""rgb"": [179, 179, 179]}, {""label"": ""삭제"", ""x0"": 274, ""y0"": 292, ""x1"": 424, ""y1"": 346, ""rgb"": [179, 179, 179]}]"
d3_L05_h335_M.png,5,1,335,102,로그인,637,305,562,278,712,332,"230,155,211",#e69bd3,0.4497,72.87,40.22,"179,179,179","70,70,70",4.492,8.767,505,7011,"[{""label"": ""로그인"", ""x0"": 562, ""y0"": 278, ""x1"": 712, ""y1"": 332, ""rgb"": [230, 155, 211]}, {""label"": ""취소"", ""x0"": 369, ""y0"": 496, ""x1"": 519, ""y1"": 550, ""rgb"": [179, 179, 179]}, {""label"": ""설정"", ""x0"": 415, ""y0"": 373, ""x1"": 565, ""y1"": 427, ""rgb"": [179, 179, 179]}, {""label"": ""검색"", ""x0"": 654, ""y0"": 431, ""x1"": 804, ""y1"": 485, ""rgb"": [179, 179, 179]}, {""label"": ""저장"", ""x0"": 90, ""y0"": 429, ""x1"": 240, ""y1"": 483, ""rgb"": [179, 179, 179]}, {""label"": ""홈"", ""x0"": 108, ""y0"": 116, ""x1"": 258, ""y1"": 170, ""rgb"": [179, 179, 179]}, {""label"": ""도움말"", ""x0"": 460, ""y0"": 139, ""x1"": 610, ""y1"": 193, ""rgb"": [179, 179, 179]}, {""label"": ""삭제"", ""x0"": 274, ""y0"": 292, ""x1"": 424, ""y1"": 346, ""rgb"": [179, 179, 179]}]"
d3_L05_gray_M.png,5,1,gray,103,로그인,637,305,562,278,712,332,"179,179,179",#b3b3b3,0.4508,72.94,0.0,"179,179,179","70,70,70",4.502,8.786,505,7011,"[{""label"": ""로그인"", ""x0"": 562, ""y0"": 278, ""x1"": 712, ""y1"": 332, ""rgb"": [179, 179, 179]}, {""label"": ""취소"", ""x0"": 369, ""y0"": 496, ""x1"": 519, ""y1"": 550, ""rgb"": [179, 179, 179]}, {""label"": ""설정"", ""x0"": 415, ""y0"": 373, ""x1"": 565, ""y1"": 427, ""rgb"": [179, 179, 179]}, {""label"": ""검색"", ""x0"": 654, ""y0"": 431, ""x1"": 804, ""y1"": 485, ""rgb"": [179, 179, 179]}, {""label"": ""저장"", ""x0"": 90, ""y0"": 429, ""x1"": 240, ""y1"": 483, ""rgb"": [179, 179, 179]}, {""label"": ""홈"", ""x0"": 108, ""y0"": 116, ""x1"": 258, ""y1"": 170, ""rgb"": [179, 179, 179]}, {""label"": ""도움말"", ""x0"": 460, ""y0"": 139, ""x1"": 610, ""y1"": 193, ""rgb"": [179, 179, 179]}, {""label"": ""삭제"", ""x0"": 274, ""y0"": 292, ""x1"": 424, ""y1"": 346, ""rgb"": [179, 179, 179]}]"
d3_L05_h65_M.png,5,1,65,104,로그인,637,305,562,278,712,332,"228,166,113",#e4a671,0.4496,72.87,40.03,"179,179,179","70,70,70",4.491,8.766,505,7011,"[{""label"": ""로그인"", ""x0"": 562, ""y0"": 278, ""x1"": 712, ""y1"": 332, ""rgb"": [228, 166, 113]}, {""label"": ""취소"", ""x0"": 369, ""y0"": 496, ""x1"": 519, ""y1"": 550, ""rgb"": [179, 179, 179]}, {""label"": ""설정"", ""x0"": 415, ""y0"": 373, ""x1"": 565, ""y1"": 427, ""rgb"": [179, 179, 179]}, {""label"": ""검색"", ""x0"": 654, ""y0"": 431, ""x1"": 804, ""y1"": 485, ""rgb"": [179, 179, 179]}, {""label"": ""저장"", ""x0"": 90, ""y0"": 429, ""x1"": 240, ""y1"": 483, ""rgb"": [179, 179, 179]}, {""label"": ""홈"", ""x0"": 108, ""y0"": 116, ""x1"": 258, ""y1"": 170, ""rgb"": [179, 179, 179]}, {""label"": ""도움말"", ""x0"": 460, ""y0"": 139, ""x1"": 610, ""y1"": 193, ""rgb"": [179, 179, 179]}, {""label"": ""삭제"", ""x0"": 274, ""y0"": 292, ""x1"": 424, ""y1"": 346, ""rgb"": [179, 179, 179]}]"
d3_L05_h200_M.png,5,1,200,105,로그인,637,305,562,278,712,332,"24,198,203",#18c6cb,0.4489,72.82,39.91,"179,179,179","70,70,70",4.485,8.754,505,7011,"[{""label"": ""로그인"", ""x0"": 562, ""y0"": 278, ""x1"": 712, ""y1"": 332, ""rgb"": [24, 198, 203]}, {""label"": ""취소"", ""x0"": 369, ""y0"": 496, ""x1"": 519, ""y1"": 550, ""rgb"": [179, 179, 179]}, {""label"": ""설정"", ""x0"": 415, ""y0"": 373, ""x1"": 565, ""y1"": 427, ""rgb"": [179, 179, 179]}, {""label"": ""검색"", ""x0"": 654, ""y0"": 431, ""x1"": 804, ""y1"": 485, ""rgb"": [179, 179, 179]}, {""label"": ""저장"", ""x0"": 90, ""y0"": 429, ""x1"": 240, ""y1"": 483, ""rgb"": [179, 179, 179]}, {""label"": ""홈"", ""x0"": 108, ""y0"": 116, ""x1"": 258, ""y1"": 170, ""rgb"": [179, 179, 179]}, {""label"": ""도움말"", ""x0"": 460, ""y0"": 139, ""x1"": 610, ""y1"": 193, ""rgb"": [179, 179, 179]}, {""label"": ""삭제"", ""x0"": 274, ""y0"": 292, ""x1"": 424, ""y1"": 346, ""rgb"": [179, 179, 179]}]"
d3_L05_h155_M.png,5,1,155,106,로그인,637,305,562,278,712,332,"113,196,147",#71c493,0.451,72.95,39.99,"179,179,179","70,70,70",4.503,8.789,505,7011,"[{""label"": ""로그인"", ""x0"": 562, ""y0"": 278, ""x1"": 712, ""y1"": 332, ""rgb"": [113, 196, 147]}, {""label"": ""취소"", ""x0"": 369, ""y0"": 496, ""x1"": 519, ""y1"": 550, ""rgb"": [179, 179, 179]}, {""label"": ""설정"", ""x0"": 415, ""y0"": 373, ""x1"": 565, ""y1"": 427, ""rgb"": [179, 179, 179]}, {""label"": ""검색"", ""x0"": 654, ""y0"": 431, ""x1"": 804, ""y1"": 485, ""rgb"": [179, 179, 179]}, {""label"": ""저장"", ""x0"": 90, ""y0"": 429, ""x1"": 240, ""y1"": 483, ""rgb"": [179, 179, 179]}, {""label"": ""홈"", ""x0"": 108, ""y0"": 116, ""x1"": 258, ""y1"": 170, ""rgb"": [179, 179, 179]}, {""label"": ""도움말"", ""x0"": 460, ""y0"": 139, ""x1"": 610, ""y1"": 193, ""rgb"": [179, 179, 179]}, {""label"": ""삭제"", ""x0"": 274, ""y0"": 292, ""x1"": 424, ""y1"": 346, ""rgb"": [179, 179, 179]}]"
d3_L05_h245_M.png,5,1,245,107,로그인,637,305,562,278,712,332,"67,191,244",#43bff4,0.4498,72.88,39.9,"179,179,179","70,70,70",4.493,8.77,505,7011,"[{""label"": ""로그인"", ""x0"": 562, ""y0"": 278, ""x1"": 712, ""y1"": 332, ""rgb"": [67, 191, 244]}, {""label"": ""취소"", ""x0"": 369, ""y0"": 496, ""x1"": 519, ""y1"": 550, ""rgb"": [179, 179, 179]}, {""label"": ""설정"", ""x0"": 415, ""y0"": 373, ""x1"": 565, ""y1"": 427, ""rgb"": [179, 179, 179]}, {""label"": ""검색"", ""x0"": 654, ""y0"": 431, ""x1"": 804, ""y1"": 485, ""rgb"": [179, 179, 179]}, {""label"": ""저장"", ""x0"": 90, ""y0"": 429, ""x1"": 240, ""y1"": 483, ""rgb"": [179, 179, 179]}, {""label"": ""홈"", ""x0"": 108, ""y0"": 116, ""x1"": 258, ""y1"": 170, ""rgb"": [179, 179, 179]}, {""label"": ""도움말"", ""x0"": 460, ""y0"": 139, ""x1"": 610, ""y1"": 193, ""rgb"": [179, 179, 179]}, {""label"": ""삭제"", ""x0"": 274, ""y0"": 292, ""x1"": 424, ""y1"": 346, ""rgb"": [179, 179, 179]}]"
d3_L06_h110_N.png,6,0,110,108,로그인,592,316,517,289,667,343,"178,184,109",#b2b86d,0.4485,72.79,39.73,"179,179,179","70,70,70",4.481,8.746,506,7012,"[{""label"": ""로그인"", ""x0"": 517, ""y0"": 289, ""x1"": 667, ""y1"": 343, ""rgb"": [178, 184, 109]}, {""label"": ""취소"", ""x0"": 407, ""y0"": 439, ""x1"": 557, ""y1"": 493, ""rgb"": [179, 179, 179]}, {""label"": ""설정"", ""x0"": 291, ""y0"": 256, ""x1"": 441, ""y1"": 310, ""rgb"": [179, 179, 179]}, {""label"": ""검색"", ""x0"": 552, ""y0"": 192, ""x1"": 702, ""y1"": 246, ""rgb"": [179, 179, 179]}, {""label"": ""저장"", ""x0"": 696, ""y0"": 451, ""x1"": 846, ""y1"": 505, ""rgb"": [179, 179, 179]}, {""label"": ""홈"", ""x0"": 367, ""y0"": 518, ""x1"": 517, ""y1"": 572, ""rgb"": [179, 179, 179]}, {""label"": ""도움말"", ""x0"": 160, ""y0"": 124, ""x1"": 310, ""y1"": 178, ""rgb"": [179, 179, 179]}, {""label"": ""삭제"", ""x0"": 40, ""y0"": 403, ""x1"": 190, ""y1"": 457, ""rgb"": [179, 179, 179]}]"
d3_L06_gray_N.png,6,0,gray,109,로그인,592,316,517,289,667,343,"179,179,179",#b3b3b3,0.4508,72.94,0.0,"179,179,179","70,70,70",4.502,8.786,506,7012,"[{""label"": ""로그인"", ""x0"": 517, ""y0"": 289, ""x1"": 667, ""y1"": 343, ""rgb"": [179, 179, 179]}, {""label"": ""취소"", ""x0"": 407, ""y0"": 439, ""x1"": 557, ""y1"": 493, ""rgb"": [179, 179, 179]}, {""label"": ""설정"", ""x0"": 291, ""y0"": 256, ""x1"": 441, ""y1"": 310, ""rgb"": [179, 179, 179]}, {""label"": ""검색"", ""x0"": 552, ""y0"": 192, ""x1"": 702, ""y1"": 246, ""rgb"": [179, 179, 179]}, {""label"": ""저장"", ""x0"": 696, ""y0"": 451, ""x1"": 846, ""y1"": 505, ""rgb"": [179, 179, 179]}, {""label"": ""홈"", ""x0"": 367, ""y0"": 518, ""x1"": 517, ""y1"": 572, ""rgb"": [179, 179, 179]}, {""label"": ""도움말"", ""x0"": 160, ""y0"": 124, ""x1"": 310, ""y1"": 178, ""rgb"": [179, 179, 179]}, {""label"": ""삭제"", ""x0"": 40, ""y0"": 403, ""x1"": 190, ""y1"": 457, ""rgb"": [179, 179, 179]}]"
d3_L06_h20_N.png,6,0,20,110,로그인,592,316,517,289,667,343,"250,151,156",#fa979c,0.4486,72.8,39.94,"179,179,179","70,70,70",4.482,8.748,506,7012,"[{""label"": ""로그인"", ""x0"": 517, ""y0"": 289, ""x1"": 667, ""y1"": 343, ""rgb"": [250, 151, 156]}, {""label"": ""취소"", ""x0"": 407, ""y0"": 439, ""x1"": 557, ""y1"": 493, ""rgb"": [179, 179, 179]}, {""label"": ""설정"", ""x0"": 291, ""y0"": 256, ""x1"": 441, ""y1"": 310, ""rgb"": [179, 179, 179]}, {""label"": ""검색"", ""x0"": 552, ""y0"": 192, ""x1"": 702, ""y1"": 246, ""rgb"": [179, 179, 179]}, {""label"": ""저장"", ""x0"": 696, ""y0"": 451, ""x1"": 846, ""y1"": 505, ""rgb"": [179, 179, 179]}, {""label"": ""홈"", ""x0"": 367, ""y0"": 518, ""x1"": 517, ""y1"": 572, ""rgb"": [179, 179, 179]}, {""label"": ""도움말"", ""x0"": 160, ""y0"": 124, ""x1"": 310, ""y1"": 178, ""rgb"": [179, 179, 179]}, {""label"": ""삭제"", ""x0"": 40, ""y0"": 403, ""x1"": 190, ""y1"": 457, ""rgb"": [179, 179, 179]}]"
d3_L06_h245_N.png,6,0,245,111,로그인,592,316,517,289,667,343,"67,191,244",#43bff4,0.4498,72.88,39.9,"179,179,179","70,70,70",4.493,8.77,506,7012,"[{""label"": ""로그인"", ""x0"": 517, ""y0"": 289, ""x1"": 667, ""y1"": 343, ""rgb"": [67, 191, 244]}, {""label"": ""취소"", ""x0"": 407, ""y0"": 439, ""x1"": 557, ""y1"": 493, ""rgb"": [179, 179, 179]}, {""label"": ""설정"", ""x0"": 291, ""y0"": 256, ""x1"": 441, ""y1"": 310, ""rgb"": [179, 179, 179]}, {""label"": ""검색"", ""x0"": 552, ""y0"": 192, ""x1"": 702, ""y1"": 246, ""rgb"": [179, 179, 179]}, {""label"": ""저장"", ""x0"": 696, ""y0"": 451, ""x1"": 846, ""y1"": 505, ""rgb"": [179, 179, 179]}, {""label"": ""홈"", ""x0"": 367, ""y0"": 518, ""x1"": 517, ""y1"": 572, ""rgb"": [179, 179, 179]}, {""label"": ""도움말"", ""x0"": 160, ""y0"": 124, ""x1"": 310, ""y1"": 178, ""rgb"": [179, 179, 179]}, {""label"": ""삭제"", ""x0"": 40, ""y0"": 403, ""x1"": 190, ""y1"": 457, ""rgb"": [179, 179, 179]}]"
d3_L06_h65_N.png,6,0,65,112,로그인,592,316,517,289,667,343,"228,166,113",#e4a671,0.4496,72.87,40.03,"179,179,179","70,70,70",4.491,8.766,506,7012,"[{""label"": ""로그인"", ""x0"": 517, ""y0"": 289, ""x1"": 667, ""y1"": 343, ""rgb"": [228, 166, 113]}, {""label"": ""취소"", ""x0"": 407, ""y0"": 439, ""x1"": 557, ""y1"": 493, ""rgb"": [179, 179, 179]}, {""label"": ""설정"", ""x0"": 291, ""y0"": 256, ""x1"": 441, ""y1"": 310, ""rgb"": [179, 179, 179]}, {""label"": ""검색"", ""x0"": 552, ""y0"": 192, ""x1"": 702, ""y1"": 246, ""rgb"": [179, 179, 179]}, {""label"": ""저장"", ""x0"": 696, ""y0"": 451, ""x1"": 846, ""y1"": 505, ""rgb"": [179, 179, 179]}, {""label"": ""홈"", ""x0"": 367, ""y0"": 518, ""x1"": 517, ""y1"": 572, ""rgb"": [179, 179, 179]}, {""label"": ""도움말"", ""x0"": 160, ""y0"": 124, ""x1"": 310, ""y1"": 178, ""rgb"": [179, 179, 179]}, {""label"": ""삭제"", ""x0"": 40, ""y0"": 403, ""x1"": 190, ""y1"": 457, ""rgb"": [179, 179, 179]}]"
d3_L06_h290_N.png,6,0,290,113,로그인,592,316,517,289,667,343,"165,174,248",#a5aef8,0.4505,72.92,40.21,"179,179,179","70,70,70",4.499,8.781,506,7012,"[{""label"": ""로그인"", ""x0"": 517, ""y0"": 289, ""x1"": 667, ""y1"": 343, ""rgb"": [165, 174, 248]}, {""label"": ""취소"", ""x0"": 407, ""y0"": 439, ""x1"": 557, ""y1"": 493, ""rgb"": [179, 179, 179]}, {""label"": ""설정"", ""x0"": 291, ""y0"": 256, ""x1"": 441, ""y1"": 310, ""rgb"": [179, 179, 179]}, {""label"": ""검색"", ""x0"": 552, ""y0"": 192, ""x1"": 702, ""y1"": 246, ""rgb"": [179, 179, 179]}, {""label"": ""저장"", ""x0"": 696, ""y0"": 451, ""x1"": 846, ""y1"": 505, ""rgb"": [179, 179, 179]}, {""label"": ""홈"", ""x0"": 367, ""y0"": 518, ""x1"": 517, ""y1"": 572, ""rgb"": [179, 179, 179]}, {""label"": ""도움말"", ""x0"": 160, ""y0"": 124, ""x1"": 310, ""y1"": 178, ""rgb"": [179, 179, 179]}, {""label"": ""삭제"", ""x0"": 40, ""y0"": 403, ""x1"": 190, ""y1"": 457, ""rgb"": [179, 179, 179]}]"
d3_L06_h200_N.png,6,0,200,114,로그인,592,316,517,289,667,343,"24,198,203",#18c6cb,0.4489,72.82,39.91,"179,179,179","70,70,70",4.485,8.754,506,7012,"[{""label"": ""로그인"", ""x0"": 517, ""y0"": 289, ""x1"": 667, ""y1"": 343, ""rgb"": [24, 198, 203]}, {""label"": ""취소"", ""x0"": 407, ""y0"": 439, ""x1"": 557, ""y1"": 493, ""rgb"": [179, 179, 179]}, {""label"": ""설정"", ""x0"": 291, ""y0"": 256, ""x1"": 441, ""y1"": 310, ""rgb"": [179, 179, 179]}, {""label"": ""검색"", ""x0"": 552, ""y0"": 192, ""x1"": 702, ""y1"": 246, ""rgb"": [179, 179, 179]}, {""label"": ""저장"", ""x0"": 696, ""y0"": 451, ""x1"": 846, ""y1"": 505, ""rgb"": [179, 179, 179]}, {""label"": ""홈"", ""x0"": 367, ""y0"": 518, ""x1"": 517, ""y1"": 572, ""rgb"": [179, 179, 179]}, {""label"": ""도움말"", ""x0"": 160, ""y0"": 124, ""x1"": 310, ""y1"": 178, ""rgb"": [179, 179, 179]}, {""label"": ""삭제"", ""x0"": 40, ""y0"": 403, ""x1"": 190, ""y1"": 457, ""rgb"": [179, 179, 179]}]"
d3_L06_h155_N.png,6,0,155,115,로그인,592,316,517,289,667,343,"113,196,147",#71c493,0.451,72.95,39.99,"179,179,179","70,70,70",4.503,8.789,506,7012,"[{""label"": ""로그인"", ""x0"": 517, ""y0"": 289, ""x1"": 667, ""y1"": 343, ""rgb"": [113, 196, 147]}, {""label"": ""취소"", ""x0"": 407, ""y0"": 439, ""x1"": 557, ""y1"": 493, ""rgb"": [179, 179, 179]}, {""label"": ""설정"", ""x0"": 291, ""y0"": 256, ""x1"": 441, ""y1"": 310, ""rgb"": [179, 179, 179]}, {""label"": ""검색"", ""x0"": 552, ""y0"": 192, ""x1"": 702, ""y1"": 246, ""rgb"": [179, 179, 179]}, {""label"": ""저장"", ""x0"": 696, ""y0"": 451, ""x1"": 846, ""y1"": 505, ""rgb"": [179, 179, 179]}, {""label"": ""홈"", ""x0"": 367, ""y0"": 518, ""x1"": 517, ""y1"": 572, ""rgb"": [179, 179, 179]}, {""label"": ""도움말"", ""x0"": 160, ""y0"": 124, ""x1"": 310, ""y1"": 178, ""rgb"": [179, 179, 179]}, {""label"": ""삭제"", ""x0"": 40, ""y0"": 403, ""x1"": 190, ""y1"": 457, ""rgb"": [179, 179, 179]}]"
d3_L06_h335_N.png,6,0,335,116,로그인,592,316,517,289,667,343,"230,155,211",#e69bd3,0.4497,72.87,40.22,"179,179,179","70,70,70",4.492,8.767,506,7012,"[{""label"": ""로그인"", ""x0"": 517, ""y0"": 289, ""x1"": 667, ""y1"": 343, ""rgb"": [230, 155, 211]}, {""label"": ""취소"", ""x0"": 407, ""y0"": 439, ""x1"": 557, ""y1"": 493, ""rgb"": [179, 179, 179]}, {""label"": ""설정"", ""x0"": 291, ""y0"": 256, ""x1"": 441, ""y1"": 310, ""rgb"": [179, 179, 179]}, {""label"": ""검색"", ""x0"": 552, ""y0"": 192, ""x1"": 702, ""y1"": 246, ""rgb"": [179, 179, 179]}, {""label"": ""저장"", ""x0"": 696, ""y0"": 451, ""x1"": 846, ""y1"": 505, ""rgb"": [179, 179, 179]}, {""label"": ""홈"", ""x0"": 367, ""y0"": 518, ""x1"": 517, ""y1"": 572, ""rgb"": [179, 179, 179]}, {""label"": ""도움말"", ""x0"": 160, ""y0"": 124, ""x1"": 310, ""y1"": 178, ""rgb"": [179, 179, 179]}, {""label"": ""삭제"", ""x0"": 40, ""y0"": 403, ""x1"": 190, ""y1"": 457, ""rgb"": [179, 179, 179]}]"
d3_L06_h335_M.png,6,1,335,117,로그인,288,316,213,289,363,343,"230,155,211",#e69bd3,0.4497,72.87,40.22,"179,179,179","70,70,70",4.492,8.767,506,7013,"[{""label"": ""로그인"", ""x0"": 213, ""y0"": 289, ""x1"": 363, ""y1"": 343, ""rgb"": [230, 155, 211]}, {""label"": ""취소"", ""x0"": 323, ""y0"": 439, ""x1"": 473, ""y1"": 493, ""rgb"": [179, 179, 179]}, {""label"": ""설정"", ""x0"": 439, ""y0"": 256, ""x1"": 589, ""y1"": 310, ""rgb"": [179, 179, 179]}, {""label"": ""검색"", ""x0"": 178, ""y0"": 192, ""x1"": 328, ""y1"": 246, ""rgb"": [179, 179, 179]}, {""label"": ""저장"", ""x0"": 34, ""y0"": 451, ""x1"": 184, ""y1"": 505, ""rgb"": [179, 179, 179]}, {""label"": ""홈"", ""x0"": 363, ""y0"": 518, ""x1"": 513, ""y1"": 572, ""rgb"": [179, 179, 179]}, {""label"": ""도움말"", ""x0"": 570, ""y0"": 124, ""x1"": 720, ""y1"": 178, ""rgb"": [179, 179, 179]}, {""label"": ""삭제"", ""x0"": 690, ""y0"": 403, ""x1"": 840, ""y1"": 457, ""rgb"": [179, 179, 179]}]"
d3_L06_h110_M.png,6,1,110,118,로그인,288,316,213,289,363,343,"178,184,109",#b2b86d,0.4485,72.79,39.73,"179,179,179","70,70,70",4.481,8.746,506,7013,"[{""label"": ""로그인"", ""x0"": 213, ""y0"": 289, ""x1"": 363, ""y1"": 343, ""rgb"": [178, 184, 109]}, {""label"": ""취소"", ""x0"": 323, ""y0"": 439, ""x1"": 473, ""y1"": 493, ""rgb"": [179, 179, 179]}, {""label"": ""설정"", ""x0"": 439, ""y0"": 256, ""x1"": 589, ""y1"": 310, ""rgb"": [179, 179, 179]}, {""label"": ""검색"", ""x0"": 178, ""y0"": 192, ""x1"": 328, ""y1"": 246, ""rgb"": [179, 179, 179]}, {""label"": ""저장"", ""x0"": 34, ""y0"": 451, ""x1"": 184, ""y1"": 505, ""rgb"": [179, 179, 179]}, {""label"": ""홈"", ""x0"": 363, ""y0"": 518, ""x1"": 513, ""y1"": 572, ""rgb"": [179, 179, 179]}, {""label"": ""도움말"", ""x0"": 570, ""y0"": 124, ""x1"": 720, ""y1"": 178, ""rgb"": [179, 179, 179]}, {""label"": ""삭제"", ""x0"": 690, ""y0"": 403, ""x1"": 840, ""y1"": 457, ""rgb"": [179, 179, 179]}]"
d3_L06_h155_M.png,6,1,155,119,로그인,288,316,213,289,363,343,"113,196,147",#71c493,0.451,72.95,39.99,"179,179,179","70,70,70",4.503,8.789,506,7013,"[{""label"": ""로그인"", ""x0"": 213, ""y0"": 289, ""x1"": 363, ""y1"": 343, ""rgb"": [113, 196, 147]}, {""label"": ""취소"", ""x0"": 323, ""y0"": 439, ""x1"": 473, ""y1"": 493, ""rgb"": [179, 179, 179]}, {""label"": ""설정"", ""x0"": 439, ""y0"": 256, ""x1"": 589, ""y1"": 310, ""rgb"": [179, 179, 179]}, {""label"": ""검색"", ""x0"": 178, ""y0"": 192, ""x1"": 328, ""y1"": 246, ""rgb"": [179, 179, 179]}, {""label"": ""저장"", ""x0"": 34, ""y0"": 451, ""x1"": 184, ""y1"": 505, ""rgb"": [179, 179, 179]}, {""label"": ""홈"", ""x0"": 363, ""y0"": 518, ""x1"": 513, ""y1"": 572, ""rgb"": [179, 179, 179]}, {""label"": ""도움말"", ""x0"": 570, ""y0"": 124, ""x1"": 720, ""y1"": 178, ""rgb"": [179, 179, 179]}, {""label"": ""삭제"", ""x0"": 690, ""y0"": 403, ""x1"": 840, ""y1"": 457, ""rgb"": [179, 179, 179]}]"
d3_L06_h245_M.png,6,1,245,120,로그인,288,316,213,289,363,343,"67,191,244",#43bff4,0.4498,72.88,39.9,"179,179,179","70,70,70",4.493,8.77,506,7013,"[{""label"": ""로그인"", ""x0"": 213, ""y0"": 289, ""x1"": 363, ""y1"": 343, ""rgb"": [67, 191, 244]}, {""label"": ""취소"", ""x0"": 323, ""y0"": 439, ""x1"": 473, ""y1"": 493, ""rgb"": [179, 179, 179]}, {""label"": ""설정"", ""x0"": 439, ""y0"": 256, ""x1"": 589, ""y1"": 310, ""rgb"": [179, 179, 179]}, {""label"": ""검색"", ""x0"": 178, ""y0"": 192, ""x1"": 328, ""y1"": 246, ""rgb"": [179, 179, 179]}, {""label"": ""저장"", ""x0"": 34, ""y0"": 451, ""x1"": 184, ""y1"": 505, ""rgb"": [179, 179, 179]}, {""label"": ""홈"", ""x0"": 363, ""y0"": 518, ""x1"": 513, ""y1"": 572, ""rgb"": [179, 179, 179]}, {""label"": ""도움말"", ""x0"": 570, ""y0"": 124, ""x1"": 720, ""y1"": 178, ""rgb"": [179, 179, 179]}, {""label"": ""삭제"", ""x0"": 690, ""y0"": 403, ""x1"": 840, ""y1"": 457, ""rgb"": [179, 179, 179]}]"
d3_L06_h65_M.png,6,1,65,121,로그인,288,316,213,289,363,343,"228,166,113",#e4a671,0.4496,72.87,40.03,"179,179,179","70,70,70",4.491,8.766,506,7013,"[{""label"": ""로그인"", ""x0"": 213, ""y0"": 289, ""x1"": 363, ""y1"": 343, ""rgb"": [228, 166, 113]}, {""label"": ""취소"", ""x0"": 323, ""y0"": 439, ""x1"": 473, ""y1"": 493, ""rgb"": [179, 179, 179]}, {""label"": ""설정"", ""x0"": 439, ""y0"": 256, ""x1"": 589, ""y1"": 310, ""rgb"": [179, 179, 179]}, {""label"": ""검색"", ""x0"": 178, ""y0"": 192, ""x1"": 328, ""y1"": 246, ""rgb"": [179, 179, 179]}, {""label"": ""저장"", ""x0"": 34, ""y0"": 451, ""x1"": 184, ""y1"": 505, ""rgb"": [179, 179, 179]}, {""label"": ""홈"", ""x0"": 363, ""y0"": 518, ""x1"": 513, ""y1"": 572, ""rgb"": [179, 179, 179]}, {""label"": ""도움말"", ""x0"": 570, ""y0"": 124, ""x1"": 720, ""y1"": 178, ""rgb"": [179, 179, 179]}, {""label"": ""삭제"", ""x0"": 690, ""y0"": 403, ""x1"": 840, ""y1"": 457, ""rgb"": [179, 179, 179]}]"
d3_L06_gray_M.png,6,1,gray,122,로그인,288,316,213,289,363,343,"179,179,179",#b3b3b3,0.4508,72.94,0.0,"179,179,179","70,70,70",4.502,8.786,506,7013,"[{""label"": ""로그인"", ""x0"": 213, ""y0"": 289, ""x1"": 363, ""y1"": 343, ""rgb"": [179, 179, 179]}, {""label"": ""취소"", ""x0"": 323, ""y0"": 439, ""x1"": 473, ""y1"": 493, ""rgb"": [179, 179, 179]}, {""label"": ""설정"", ""x0"": 439, ""y0"": 256, ""x1"": 589, ""y1"": 310, ""rgb"": [179, 179, 179]}, {""label"": ""검색"", ""x0"": 178, ""y0"": 192, ""x1"": 328, ""y1"": 246, ""rgb"": [179, 179, 179]}, {""label"": ""저장"", ""x0"": 34, ""y0"": 451, ""x1"": 184, ""y1"": 505, ""rgb"": [179, 179, 179]}, {""label"": ""홈"", ""x0"": 363, ""y0"": 518, ""x1"": 513, ""y1"": 572, ""rgb"": [179, 179, 179]}, {""label"": ""도움말"", ""x0"": 570, ""y0"": 124, ""x1"": 720, ""y1"": 178, ""rgb"": [179, 179, 179]}, {""label"": ""삭제"", ""x0"": 690, ""y0"": 403, ""x1"": 840, ""y1"": 457, ""rgb"": [179, 179, 179]}]"
d3_L06_h200_M.png,6,1,200,123,로그인,288,316,213,289,363,343,"24,198,203",#18c6cb,0.4489,72.82,39.91,"179,179,179","70,70,70",4.485,8.754,506,7013,"[{""label"": ""로그인"", ""x0"": 213, ""y0"": 289, ""x1"": 363, ""y1"": 343, ""rgb"": [24, 198, 203]}, {""label"": ""취소"", ""x0"": 323, ""y0"": 439, ""x1"": 473, ""y1"": 493, ""rgb"": [179, 179, 179]}, {""label"": ""설정"", ""x0"": 439, ""y0"": 256, ""x1"": 589, ""y1"": 310, ""rgb"": [179, 179, 179]}, {""label"": ""검색"", ""x0"": 178, ""y0"": 192, ""x1"": 328, ""y1"": 246, ""rgb"": [179, 179, 179]}, {""label"": ""저장"", ""x0"": 34, ""y0"": 451, ""x1"": 184, ""y1"": 505, ""rgb"": [179, 179, 179]}, {""label"": ""홈"", ""x0"": 363, ""y0"": 518, ""x1"": 513, ""y1"": 572, ""rgb"": [179, 179, 179]}, {""label"": ""도움말"", ""x0"": 570, ""y0"": 124, ""x1"": 720, ""y1"": 178, ""rgb"": [179, 179, 179]}, {""label"": ""삭제"", ""x0"": 690, ""y0"": 403, ""x1"": 840, ""y1"": 457, ""rgb"": [179, 179, 179]}]"
d3_L06_h290_M.png,6,1,290,124,로그인,288,316,213,289,363,343,"165,174,248",#a5aef8,0.4505,72.92,40.21,"179,179,179","70,70,70",4.499,8.781,506,7013,"[{""label"": ""로그인"", ""x0"": 213, ""y0"": 289, ""x1"": 363, ""y1"": 343, ""rgb"": [165, 174, 248]}, {""label"": ""취소"", ""x0"": 323, ""y0"": 439, ""x1"": 473, ""y1"": 493, ""rgb"": [179, 179, 179]}, {""label"": ""설정"", ""x0"": 439, ""y0"": 256, ""x1"": 589, ""y1"": 310, ""rgb"": [179, 179, 179]}, {""label"": ""검색"", ""x0"": 178, ""y0"": 192, ""x1"": 328, ""y1"": 246, ""rgb"": [179, 179, 179]}, {""label"": ""저장"", ""x0"": 34, ""y0"": 451, ""x1"": 184, ""y1"": 505, ""rgb"": [179, 179, 179]}, {""label"": ""홈"", ""x0"": 363, ""y0"": 518, ""x1"": 513, ""y1"": 572, ""rgb"": [179, 179, 179]}, {""label"": ""도움말"", ""x0"": 570, ""y0"": 124, ""x1"": 720, ""y1"": 178, ""rgb"": [179, 179, 179]}, {""label"": ""삭제"", ""x0"": 690, ""y0"": 403, ""x1"": 840, ""y1"": 457, ""rgb"": [179, 179, 179]}]"
d3_L06_h20_M.png,6,1,20,125,로그인,288,316,213,289,363,343,"250,151,156",#fa979c,0.4486,72.8,39.94,"179,179,179","70,70,70",4.482,8.748,506,7013,"[{""label"": ""로그인"", ""x0"": 213, ""y0"": 289, ""x1"": 363, ""y1"": 343, ""rgb"": [250, 151, 156]}, {""label"": ""취소"", ""x0"": 323, ""y0"": 439, ""x1"": 473, ""y1"": 493, ""rgb"": [179, 179, 179]}, {""label"": ""설정"", ""x0"": 439, ""y0"": 256, ""x1"": 589, ""y1"": 310, ""rgb"": [179, 179, 179]}, {""label"": ""검색"", ""x0"": 178, ""y0"": 192, ""x1"": 328, ""y1"": 246, ""rgb"": [179, 179, 179]}, {""label"": ""저장"", ""x0"": 34, ""y0"": 451, ""x1"": 184, ""y1"": 505, ""rgb"": [179, 179, 179]}, {""label"": ""홈"", ""x0"": 363, ""y0"": 518, ""x1"": 513, ""y1"": 572, ""rgb"": [179, 179, 179]}, {""label"": ""도움말"", ""x0"": 570, ""y0"": 124, ""x1"": 720, ""y1"": 178, ""rgb"": [179, 179, 179]}, {""label"": ""삭제"", ""x0"": 690, ""y0"": 403, ""x1"": 840, ""y1"": 457, ""rgb"": [179, 179, 179]}]"
d3_L07_h290_N.png,7,0,290,126,로그인,583,188,508,161,658,215,"165,174,248",#a5aef8,0.4505,72.92,40.21,"179,179,179","70,70,70",4.499,8.781,507,7014,"[{""label"": ""로그인"", ""x0"": 508, ""y0"": 161, ""x1"": 658, ""y1"": 215, ""rgb"": [165, 174, 248]}, {""label"": ""취소"", ""x0"": 511, ""y0"": 263, ""x1"": 661, ""y1"": 317, ""rgb"": [179, 179, 179]}, {""label"": ""설정"", ""x0"": 477, ""y0"": 383, ""x1"": 627, ""y1"": 437, ""rgb"": [179, 179, 179]}, {""label"": ""검색"", ""x0"": 140, ""y0"": 465, ""x1"": 290, ""y1"": 519, ""rgb"": [179, 179, 179]}, {""label"": ""저장"", ""x0"": 179, ""y0"": 37, ""x1"": 329, ""y1"": 91, ""rgb"": [179, 179, 179]}, {""label"": ""홈"", ""x0"": 156, ""y0"": 210, ""x1"": 306, ""y1"": 264, ""rgb"": [179, 179, 179]}, {""label"": ""도움말"", ""x0"": 705, ""y0"": 433, ""x1"": 855, ""y1"": 487, ""rgb"": [179, 179, 179]}, {""label"": ""삭제"", ""x0"": 686, ""y0"": 512, ""x1"": 836, ""y1"": 566, ""rgb"": [179, 179, 179]}]"
d3_L07_h200_N.png,7,0,200,127,로그인,583,188,508,161,658,215,"24,198,203",#18c6cb,0.4489,72.82,39.91,"179,179,179","70,70,70",4.485,8.754,507,7014,"[{""label"": ""로그인"", ""x0"": 508, ""y0"": 161, ""x1"": 658, ""y1"": 215, ""rgb"": [24, 198, 203]}, {""label"": ""취소"", ""x0"": 511, ""y0"": 263, ""x1"": 661, ""y1"": 317, ""rgb"": [179, 179, 179]}, {""label"": ""설정"", ""x0"": 477, ""y0"": 383, ""x1"": 627, ""y1"": 437, ""rgb"": [179, 179, 179]}, {""label"": ""검색"", ""x0"": 140, ""y0"": 465, ""x1"": 290, ""y1"": 519, ""rgb"": [179, 179, 179]}, {""label"": ""저장"", ""x0"": 179, ""y0"": 37, ""x1"": 329, ""y1"": 91, ""rgb"": [179, 179, 179]}, {""label"": ""홈"", ""x0"": 156, ""y0"": 210, ""x1"": 306, ""y1"": 264, ""rgb"": [179, 179, 179]}, {""label"": ""도움말"", ""x0"": 705, ""y0"": 433, ""x1"": 855, ""y1"": 487, ""rgb"": [179, 179, 179]}, {""label"": ""삭제"", ""x0"": 686, ""y0"": 512, ""x1"": 836, ""y1"": 566, ""rgb"": [179, 179, 179]}]"
d3_L07_h155_N.png,7,0,155,128,로그인,583,188,508,161,658,215,"113,196,147",#71c493,0.451,72.95,39.99,"179,179,179","70,70,70",4.503,8.789,507,7014,"[{""label"": ""로그인"", ""x0"": 508, ""y0"": 161, ""x1"": 658, ""y1"": 215, ""rgb"": [113, 196, 147]}, {""label"": ""취소"", ""x0"": 511, ""y0"": 263, ""x1"": 661, ""y1"": 317, ""rgb"": [179, 179, 179]}, {""label"": ""설정"", ""x0"": 477, ""y0"": 383, ""x1"": 627, ""y1"": 437, ""rgb"": [179, 179, 179]}, {""label"": ""검색"", ""x0"": 140, ""y0"": 465, ""x1"": 290, ""y1"": 519, ""rgb"": [179, 179, 179]}, {""label"": ""저장"", ""x0"": 179, ""y0"": 37, ""x1"": 329, ""y1"": 91, ""rgb"": [179, 179, 179]}, {""label"": ""홈"", ""x0"": 156, ""y0"": 210, ""x1"": 306, ""y1"": 264, ""rgb"": [179, 179, 179]}, {""label"": ""도움말"", ""x0"": 705, ""y0"": 433, ""x1"": 855, ""y1"": 487, ""rgb"": [179, 179, 179]}, {""label"": ""삭제"", ""x0"": 686, ""y0"": 512, ""x1"": 836, ""y1"": 566, ""rgb"": [179, 179, 179]}]"
d3_L07_h335_N.png,7,0,335,129,로그인,583,188,508,161,658,215,"230,155,211",#e69bd3,0.4497,72.87,40.22,"179,179,179","70,70,70",4.492,8.767,507,7014,"[{""label"": ""로그인"", ""x0"": 508, ""y0"": 161, ""x1"": 658, ""y1"": 215, ""rgb"": [230, 155, 211]}, {""label"": ""취소"", ""x0"": 511, ""y0"": 263, ""x1"": 661, ""y1"": 317, ""rgb"": [179, 179, 179]}, {""label"": ""설정"", ""x0"": 477, ""y0"": 383, ""x1"": 627, ""y1"": 437, ""rgb"": [179, 179, 179]}, {""label"": ""검색"", ""x0"": 140, ""y0"": 465, ""x1"": 290, ""y1"": 519, ""rgb"": [179, 179, 179]}, {""label"": ""저장"", ""x0"": 179, ""y0"": 37, ""x1"": 329, ""y1"": 91, ""rgb"": [179, 179, 179]}, {""label"": ""홈"", ""x0"": 156, ""y0"": 210, ""x1"": 306, ""y1"": 264, ""rgb"": [179, 179, 179]}, {""label"": ""도움말"", ""x0"": 705, ""y0"": 433, ""x1"": 855, ""y1"": 487, ""rgb"": [179, 179, 179]}, {""label"": ""삭제"", ""x0"": 686, ""y0"": 512, ""x1"": 836, ""y1"": 566, ""rgb"": [179, 179, 179]}]"
d3_L07_h245_N.png,7,0,245,130,로그인,583,188,508,161,658,215,"67,191,244",#43bff4,0.4498,72.88,39.9,"179,179,179","70,70,70",4.493,8.77,507,7014,"[{""label"": ""로그인"", ""x0"": 508, ""y0"": 161, ""x1"": 658, ""y1"": 215, ""rgb"": [67, 191, 244]}, {""label"": ""취소"", ""x0"": 511, ""y0"": 263, ""x1"": 661, ""y1"": 317, ""rgb"": [179, 179, 179]}, {""label"": ""설정"", ""x0"": 477, ""y0"": 383, ""x1"": 627, ""y1"": 437, ""rgb"": [179, 179, 179]}, {""label"": ""검색"", ""x0"": 140, ""y0"": 465, ""x1"": 290, ""y1"": 519, ""rgb"": [179, 179, 179]}, {""label"": ""저장"", ""x0"": 179, ""y0"": 37, ""x1"": 329, ""y1"": 91, ""rgb"": [179, 179, 179]}, {""label"": ""홈"", ""x0"": 156, ""y0"": 210, ""x1"": 306, ""y1"": 264, ""rgb"": [179, 179, 179]}, {""label"": ""도움말"", ""x0"": 705, ""y0"": 433, ""x1"": 855, ""y1"": 487, ""rgb"": [179, 179, 179]}, {""label"": ""삭제"", ""x0"": 686, ""y0"": 512, ""x1"": 836, ""y1"": 566, ""rgb"": [179, 179, 179]}]"
d3_L07_h110_N.png,7,0,110,131,로그인,583,188,508,161,658,215,"178,184,109",#b2b86d,0.4485,72.79,39.73,"179,179,179","70,70,70",4.481,8.746,507,7014,"[{""label"": ""로그인"", ""x0"": 508, ""y0"": 161, ""x1"": 658, ""y1"": 215, ""rgb"": [178, 184, 109]}, {""label"": ""취소"", ""x0"": 511, ""y0"": 263, ""x1"": 661, ""y1"": 317, ""rgb"": [179, 179, 179]}, {""label"": ""설정"", ""x0"": 477, ""y0"": 383, ""x1"": 627, ""y1"": 437, ""rgb"": [179, 179, 179]}, {""label"": ""검색"", ""x0"": 140, ""y0"": 465, ""x1"": 290, ""y1"": 519, ""rgb"": [179, 179, 179]}, {""label"": ""저장"", ""x0"": 179, ""y0"": 37, ""x1"": 329, ""y1"": 91, ""rgb"": [179, 179, 179]}, {""label"": ""홈"", ""x0"": 156, ""y0"": 210, ""x1"": 306, ""y1"": 264, ""rgb"": [179, 179, 179]}, {""label"": ""도움말"", ""x0"": 705, ""y0"": 433, ""x1"": 855, ""y1"": 487, ""rgb"": [179, 179, 179]}, {""label"": ""삭제"", ""x0"": 686, ""y0"": 512, ""x1"": 836, ""y1"": 566, ""rgb"": [179, 179, 179]}]"
d3_L07_h65_N.png,7,0,65,132,로그인,583,188,508,161,658,215,"228,166,113",#e4a671,0.4496,72.87,40.03,"179,179,179","70,70,70",4.491,8.766,507,7014,"[{""label"": ""로그인"", ""x0"": 508, ""y0"": 161, ""x1"": 658, ""y1"": 215, ""rgb"": [228, 166, 113]}, {""label"": ""취소"", ""x0"": 511, ""y0"": 263, ""x1"": 661, ""y1"": 317, ""rgb"": [179, 179, 179]}, {""label"": ""설정"", ""x0"": 477, ""y0"": 383, ""x1"": 627, ""y1"": 437, ""rgb"": [179, 179, 179]}, {""label"": ""검색"", ""x0"": 140, ""y0"": 465, ""x1"": 290, ""y1"": 519, ""rgb"": [179, 179, 179]}, {""label"": ""저장"", ""x0"": 179, ""y0"": 37, ""x1"": 329, ""y1"": 91, ""rgb"": [179, 179, 179]}, {""label"": ""홈"", ""x0"": 156, ""y0"": 210, ""x1"": 306, ""y1"": 264, ""rgb"": [179, 179, 179]}, {""label"": ""도움말"", ""x0"": 705, ""y0"": 433, ""x1"": 855, ""y1"": 487, ""rgb"": [179, 179, 179]}, {""label"": ""삭제"", ""x0"": 686, ""y0"": 512, ""x1"": 836, ""y1"": 566, ""rgb"": [179, 179, 179]}]"
d3_L07_gray_N.png,7,0,gray,133,로그인,583,188,508,161,658,215,"179,179,179",#b3b3b3,0.4508,72.94,0.0,"179,179,179","70,70,70",4.502,8.786,507,7014,"[{""label"": ""로그인"", ""x0"": 508, ""y0"": 161, ""x1"": 658, ""y1"": 215, ""rgb"": [179, 179, 179]}, {""label"": ""취소"", ""x0"": 511, ""y0"": 263, ""x1"": 661, ""y1"": 317, ""rgb"": [179, 179, 179]}, {""label"": ""설정"", ""x0"": 477, ""y0"": 383, ""x1"": 627, ""y1"": 437, ""rgb"": [179, 179, 179]}, {""label"": ""검색"", ""x0"": 140, ""y0"": 465, ""x1"": 290, ""y1"": 519, ""rgb"": [179, 179, 179]}, {""label"": ""저장"", ""x0"": 179, ""y0"": 37, ""x1"": 329, ""y1"": 91, ""rgb"": [179, 179, 179]}, {""label"": ""홈"", ""x0"": 156, ""y0"": 210, ""x1"": 306, ""y1"": 264, ""rgb"": [179, 179, 179]}, {""label"": ""도움말"", ""x0"": 705, ""y0"": 433, ""x1"": 855, ""y1"": 487, ""rgb"": [179, 179, 179]}, {""label"": ""삭제"", ""x0"": 686, ""y0"": 512, ""x1"": 836, ""y1"": 566, ""rgb"": [179, 179, 179]}]"
d3_L07_h20_N.png,7,0,20,134,로그인,583,188,508,161,658,215,"250,151,156",#fa979c,0.4486,72.8,39.94,"179,179,179","70,70,70",4.482,8.748,507,7014,"[{""label"": ""로그인"", ""x0"": 508, ""y0"": 161, ""x1"": 658, ""y1"": 215, ""rgb"": [250, 151, 156]}, {""label"": ""취소"", ""x0"": 511, ""y0"": 263, ""x1"": 661, ""y1"": 317, ""rgb"": [179, 179, 179]}, {""label"": ""설정"", ""x0"": 477, ""y0"": 383, ""x1"": 627, ""y1"": 437, ""rgb"": [179, 179, 179]}, {""label"": ""검색"", ""x0"": 140, ""y0"": 465, ""x1"": 290, ""y1"": 519, ""rgb"": [179, 179, 179]}, {""label"": ""저장"", ""x0"": 179, ""y0"": 37, ""x1"": 329, ""y1"": 91, ""rgb"": [179, 179, 179]}, {""label"": ""홈"", ""x0"": 156, ""y0"": 210, ""x1"": 306, ""y1"": 264, ""rgb"": [179, 179, 179]}, {""label"": ""도움말"", ""x0"": 705, ""y0"": 433, ""x1"": 855, ""y1"": 487, ""rgb"": [179, 179, 179]}, {""label"": ""삭제"", ""x0"": 686, ""y0"": 512, ""x1"": 836, ""y1"": 566, ""rgb"": [179, 179, 179]}]"
d3_L07_h290_M.png,7,1,290,135,로그인,297,188,222,161,372,215,"165,174,248",#a5aef8,0.4505,72.92,40.21,"179,179,179","70,70,70",4.499,8.781,507,7015,"[{""label"": ""로그인"", ""x0"": 222, ""y0"": 161, ""x1"": 372, ""y1"": 215, ""rgb"": [165, 174, 248]}, {""label"": ""취소"", ""x0"": 219, ""y0"": 263, ""x1"": 369, ""y1"": 317, ""rgb"": [179, 179, 179]}, {""label"": ""설정"", ""x0"": 253, ""y0"": 383, ""x1"": 403, ""y1"": 437, ""rgb"": [179, 179, 179]}, {""label"": ""검색"", ""x0"": 590, ""y0"": 465, ""x1"": 740, ""y1"": 519, ""rgb"": [179, 179, 179]}, {""label"": ""저장"", ""x0"": 551, ""y0"": 37, ""x1"": 701, ""y1"": 91, ""rgb"": [179, 179, 179]}, {""label"": ""홈"", ""x0"": 574, ""y0"": 210, ""x1"": 724, ""y1"": 264, ""rgb"": [179, 179, 179]}, {""label"": ""도움말"", ""x0"": 25, ""y0"": 433, ""x1"": 175, ""y1"": 487, ""rgb"": [179, 179, 179]}, {""label"": ""삭제"", ""x0"": 44, ""y0"": 512, ""x1"": 194, ""y1"": 566, ""rgb"": [179, 179, 179]}]"
d3_L07_h65_M.png,7,1,65,136,로그인,297,188,222,161,372,215,"228,166,113",#e4a671,0.4496,72.87,40.03,"179,179,179","70,70,70",4.491,8.766,507,7015,"[{""label"": ""로그인"", ""x0"": 222, ""y0"": 161, ""x1"": 372, ""y1"": 215, ""rgb"": [228, 166, 113]}, {""label"": ""취소"", ""x0"": 219, ""y0"": 263, ""x1"": 369, ""y1"": 317, ""rgb"": [179, 179, 179]}, {""label"": ""설정"", ""x0"": 253, ""y0"": 383, ""x1"": 403, ""y1"": 437, ""rgb"": [179, 179, 179]}, {""label"": ""검색"", ""x0"": 590, ""y0"": 465, ""x1"": 740, ""y1"": 519, ""rgb"": [179, 179, 179]}, {""label"": ""저장"", ""x0"": 551, ""y0"": 37, ""x1"": 701, ""y1"": 91, ""rgb"": [179, 179, 179]}, {""label"": ""홈"", ""x0"": 574, ""y0"": 210, ""x1"": 724, ""y1"": 264, ""rgb"": [179, 179, 179]}, {""label"": ""도움말"", ""x0"": 25, ""y0"": 433, ""x1"": 175, ""y1"": 487, ""rgb"": [179, 179, 179]}, {""label"": ""삭제"", ""x0"": 44, ""y0"": 512, ""x1"": 194, ""y1"": 566, ""rgb"": [179, 179, 179]}]"
d3_L07_gray_M.png,7,1,gray,137,로그인,297,188,222,161,372,215,"179,179,179",#b3b3b3,0.4508,72.94,0.0,"179,179,179","70,70,70",4.502,8.786,507,7015,"[{""label"": ""로그인"", ""x0"": 222, ""y0"": 161, ""x1"": 372, ""y1"": 215, ""rgb"": [179, 179, 179]}, {""label"": ""취소"", ""x0"": 219, ""y0"": 263, ""x1"": 369, ""y1"": 317, ""rgb"": [179, 179, 179]}, {""label"": ""설정"", ""x0"": 253, ""y0"": 383, ""x1"": 403, ""y1"": 437, ""rgb"": [179, 179, 179]}, {""label"": ""검색"", ""x0"": 590, ""y0"": 465, ""x1"": 740, ""y1"": 519, ""rgb"": [179, 179, 179]}, {""label"": ""저장"", ""x0"": 551, ""y0"": 37, ""x1"": 701, ""y1"": 91, ""rgb"": [179, 179, 179]}, {""label"": ""홈"", ""x0"": 574, ""y0"": 210, ""x1"": 724, ""y1"": 264, ""rgb"": [179, 179, 179]}, {""label"": ""도움말"", ""x0"": 25, ""y0"": 433, ""x1"": 175, ""y1"": 487, ""rgb"": [179, 179, 179]}, {""label"": ""삭제"", ""x0"": 44, ""y0"": 512, ""x1"": 194, ""y1"": 566, ""rgb"": [179, 179, 179]}]"
d3_L07_h20_M.png,7,1,20,138,로그인,297,188,222,161,372,215,"250,151,156",#fa979c,0.4486,72.8,39.94,"179,179,179","70,70,70",4.482,8.748,507,7015,"[{""label"": ""로그인"", ""x0"": 222, ""y0"": 161, ""x1"": 372, ""y1"": 215, ""rgb"": [250, 151, 156]}, {""label"": ""취소"", ""x0"": 219, ""y0"": 263, ""x1"": 369, ""y1"": 317, ""rgb"": [179, 179, 179]}, {""label"": ""설정"", ""x0"": 253, ""y0"": 383, ""x1"": 403, ""y1"": 437, ""rgb"": [179, 179, 179]}, {""label"": ""검색"", ""x0"": 590, ""y0"": 465, ""x1"": 740, ""y1"": 519, ""rgb"": [179, 179, 179]}, {""label"": ""저장"", ""x0"": 551, ""y0"": 37, ""x1"": 701, ""y1"": 91, ""rgb"": [179, 179, 179]}, {""label"": ""홈"", ""x0"": 574, ""y0"": 210, ""x1"": 724, ""y1"": 264, ""rgb"": [179, 179, 179]}, {""label"": ""도움말"", ""x0"": 25, ""y0"": 433, ""x1"": 175, ""y1"": 487, ""rgb"": [179, 179, 179]}, {""label"": ""삭제"", ""x0"": 44, ""y0"": 512, ""x1"": 194, ""y1"": 566, ""rgb"": [179, 179, 179]}]"
d3_L07_h245_M.png,7,1,245,139,로그인,297,188,222,161,372,215,"67,191,244",#43bff4,0.4498,72.88,39.9,"179,179,179","70,70,70",4.493,8.77,507,7015,"[{""label"": ""로그인"", ""x0"": 222, ""y0"": 161, ""x1"": 372, ""y1"": 215, ""rgb"": [67, 191, 244]}, {""label"": ""취소"", ""x0"": 219, ""y0"": 263, ""x1"": 369, ""y1"": 317, ""rgb"": [179, 179, 179]}, {""label"": ""설정"", ""x0"": 253, ""y0"": 383, ""x1"": 403, ""y1"": 437, ""rgb"": [179, 179, 179]}, {""label"": ""검색"", ""x0"": 590, ""y0"": 465, ""x1"": 740, ""y1"": 519, ""rgb"": [179, 179, 179]}, {""label"": ""저장"", ""x0"": 551, ""y0"": 37, ""x1"": 701, ""y1"": 91, ""rgb"": [179, 179, 179]}, {""label"": ""홈"", ""x0"": 574, ""y0"": 210, ""x1"": 724, ""y1"": 264, ""rgb"": [179, 179, 179]}, {""label"": ""도움말"", ""x0"": 25, ""y0"": 433, ""x1"": 175, ""y1"": 487, ""rgb"": [179, 179, 179]}, {""label"": ""삭제"", ""x0"": 44, ""y0"": 512, ""x1"": 194, ""y1"": 566, ""rgb"": [179, 179, 179]}]"
d3_L07_h335_M.png,7,1,335,140,로그인,297,188,222,161,372,215,"230,155,211",#e69bd3,0.4497,72.87,40.22,"179,179,179","70,70,70",4.492,8.767,507,7015,"[{""label"": ""로그인"", ""x0"": 222, ""y0"": 161, ""x1"": 372, ""y1"": 215, ""rgb"": [230, 155, 211]}, {""label"": ""취소"", ""x0"": 219, ""y0"": 263, ""x1"": 369, ""y1"": 317, ""rgb"": [179, 179, 179]}, {""label"": ""설정"", ""x0"": 253, ""y0"": 383, ""x1"": 403, ""y1"": 437, ""rgb"": [179, 179, 179]}, {""label"": ""검색"", ""x0"": 590, ""y0"": 465, ""x1"": 740, ""y1"": 519, ""rgb"": [179, 179, 179]}, {""label"": ""저장"", ""x0"": 551, ""y0"": 37, ""x1"": 701, ""y1"": 91, ""rgb"": [179, 179, 179]}, {""label"": ""홈"", ""x0"": 574, ""y0"": 210, ""x1"": 724, ""y1"": 264, ""rgb"": [179, 179, 179]}, {""label"": ""도움말"", ""x0"": 25, ""y0"": 433, ""x1"": 175, ""y1"": 487, ""rgb"": [179, 179, 179]}, {""label"": ""삭제"", ""x0"": 44, ""y0"": 512, ""x1"": 194, ""y1"": 566, ""rgb"": [179, 179, 179]}]"
d3_L07_h200_M.png,7,1,200,141,로그인,297,188,222,161,372,215,"24,198,203",#18c6cb,0.4489,72.82,39.91,"179,179,179","70,70,70",4.485,8.754,507,7015,"[{""label"": ""로그인"", ""x0"": 222, ""y0"": 161, ""x1"": 372, ""y1"": 215, ""rgb"": [24, 198, 203]}, {""label"": ""취소"", ""x0"": 219, ""y0"": 263, ""x1"": 369, ""y1"": 317, ""rgb"": [179, 179, 179]}, {""label"": ""설정"", ""x0"": 253, ""y0"": 383, ""x1"": 403, ""y1"": 437, ""rgb"": [179, 179, 179]}, {""label"": ""검색"", ""x0"": 590, ""y0"": 465, ""x1"": 740, ""y1"": 519, ""rgb"": [179, 179, 179]}, {""label"": ""저장"", ""x0"": 551, ""y0"": 37, ""x1"": 701, ""y1"": 91, ""rgb"": [179, 179, 179]}, {""label"": ""홈"", ""x0"": 574, ""y0"": 210, ""x1"": 724, ""y1"": 264, ""rgb"": [179, 179, 179]}, {""label"": ""도움말"", ""x0"": 25, ""y0"": 433, ""x1"": 175, ""y1"": 487, ""rgb"": [179, 179, 179]}, {""label"": ""삭제"", ""x0"": 44, ""y0"": 512, ""x1"": 194, ""y1"": 566, ""rgb"": [179, 179, 179]}]"
d3_L07_h110_M.png,7,1,110,142,로그인,297,188,222,161,372,215,"178,184,109",#b2b86d,0.4485,72.79,39.73,"179,179,179","70,70,70",4.481,8.746,507,7015,"[{""label"": ""로그인"", ""x0"": 222, ""y0"": 161, ""x1"": 372, ""y1"": 215, ""rgb"": [178, 184, 109]}, {""label"": ""취소"", ""x0"": 219, ""y0"": 263, ""x1"": 369, ""y1"": 317, ""rgb"": [179, 179, 179]}, {""label"": ""설정"", ""x0"": 253, ""y0"": 383, ""x1"": 403, ""y1"": 437, ""rgb"": [179, 179, 179]}, {""label"": ""검색"", ""x0"": 590, ""y0"": 465, ""x1"": 740, ""y1"": 519, ""rgb"": [179, 179, 179]}, {""label"": ""저장"", ""x0"": 551, ""y0"": 37, ""x1"": 701, ""y1"": 91, ""rgb"": [179, 179, 179]}, {""label"": ""홈"", ""x0"": 574, ""y0"": 210, ""x1"": 724, ""y1"": 264, ""rgb"": [179, 179, 179]}, {""label"": ""도움말"", ""x0"": 25, ""y0"": 433, ""x1"": 175, ""y1"": 487, ""rgb"": [179, 179, 179]}, {""label"": ""삭제"", ""x0"": 44, ""y0"": 512, ""x1"": 194, ""y1"": 566, ""rgb"": [179, 179, 179]}]"
d3_L07_h155_M.png,7,1,155,143,로그인,297,188,222,161,372,215,"113,196,147",#71c493,0.451,72.95,39.99,"179,179,179","70,70,70",4.503,8.789,507,7015,"[{""label"": ""로그인"", ""x0"": 222, ""y0"": 161, ""x1"": 372, ""y1"": 215, ""rgb"": [113, 196, 147]}, {""label"": ""취소"", ""x0"": 219, ""y0"": 263, ""x1"": 369, ""y1"": 317, ""rgb"": [179, 179, 179]}, {""label"": ""설정"", ""x0"": 253, ""y0"": 383, ""x1"": 403, ""y1"": 437, ""rgb"": [179, 179, 179]}, {""label"": ""검색"", ""x0"": 590, ""y0"": 465, ""x1"": 740, ""y1"": 519, ""rgb"": [179, 179, 179]}, {""label"": ""저장"", ""x0"": 551, ""y0"": 37, ""x1"": 701, ""y1"": 91, ""rgb"": [179, 179, 179]}, {""label"": ""홈"", ""x0"": 574, ""y0"": 210, ""x1"": 724, ""y1"": 264, ""rgb"": [179, 179, 179]}, {""label"": ""도움말"", ""x0"": 25, ""y0"": 433, ""x1"": 175, ""y1"": 487, ""rgb"": [179, 179, 179]}, {""label"": ""삭제"", ""x0"": 44, ""y0"": 512, ""x1"": 194, ""y1"": 566, ""rgb"": [179, 179, 179]}]"
d3_L08_h200_N.png,8,0,200,144,로그인,644,471,569,444,719,498,"24,198,203",#18c6cb,0.4489,72.82,39.91,"179,179,179","70,70,70",4.485,8.754,508,7016,"[{""label"": ""로그인"", ""x0"": 569, ""y0"": 444, ""x1"": 719, ""y1"": 498, ""rgb"": [24, 198, 203]}, {""label"": ""취소"", ""x0"": 521, ""y0"": 85, ""x1"": 671, ""y1"": 139, ""rgb"": [179, 179, 179]}, {""label"": ""설정"", ""x0"": 118, ""y0"": 282, ""x1"": 268, ""y1"": 336, ""rgb"": [179, 179, 179]}, {""label"": ""검색"", ""x0"": 108, ""y0"": 424, ""x1"": 258, ""y1"": 478, ""rgb"": [179, 179, 179]}, {""label"": ""저장"", ""x0"": 348, ""y0"": 197, ""x1"": 498, ""y1"": 251, ""rgb"": [179, 179, 179]}, {""label"": ""홈"", ""x0"": 261, ""y0"": 33, ""x1"": 411, ""y1"": 87, ""rgb"": [179, 179, 179]}, {""label"": ""도움말"", ""x0"": 237, ""y0"": 530, ""x1"": 387, ""y1"": 584, ""rgb"": [179, 179, 179]}, {""label"": ""삭제"", ""x0"": 580, ""y0"": 362, ""x1"": 730, ""y1"": 416, ""rgb"": [179, 179, 179]}]"
d3_L08_h290_N.png,8,0,290,145,로그인,644,471,569,444,719,498,"165,174,248",#a5aef8,0.4505,72.92,40.21,"179,179,179","70,70,70",4.499,8.781,508,7016,"[{""label"": ""로그인"", ""x0"": 569, ""y0"": 444, ""x1"": 719, ""y1"": 498, ""rgb"": [165, 174, 248]}, {""label"": ""취소"", ""x0"": 521, ""y0"": 85, ""x1"": 671, ""y1"": 139, ""rgb"": [179, 179, 179]}, {""label"": ""설정"", ""x0"": 118, ""y0"": 282, ""x1"": 268, ""y1"": 336, ""rgb"": [179, 179, 179]}, {""label"": ""검색"", ""x0"": 108, ""y0"": 424, ""x1"": 258, ""y1"": 478, ""rgb"": [179, 179, 179]}, {""label"": ""저장"", ""x0"": 348, ""y0"": 197, ""x1"": 498, ""y1"": 251, ""rgb"": [179, 179, 179]}, {""label"": ""홈"", ""x0"": 261, ""y0"": 33, ""x1"": 411, ""y1"": 87, ""rgb"": [179, 179, 179]}, {""label"": ""도움말"", ""x0"": 237, ""y0"": 530, ""x1"": 387, ""y1"": 584, ""rgb"": [179, 179, 179]}, {""label"": ""삭제"", ""x0"": 580, ""y0"": 362, ""x1"": 730, ""y1"": 416, ""rgb"": [179, 179, 179]}]"
d3_L08_h20_N.png,8,0,20,146,로그인,644,471,569,444,719,498,"250,151,156",#fa979c,0.4486,72.8,39.94,"179,179,179","70,70,70",4.482,8.748,508,7016,"[{""label"": ""로그인"", ""x0"": 569, ""y0"": 444, ""x1"": 719, ""y1"": 498, ""rgb"": [250, 151, 156]}, {""label"": ""취소"", ""x0"": 521, ""y0"": 85, ""x1"": 671, ""y1"": 139, ""rgb"": [179, 179, 179]}, {""label"": ""설정"", ""x0"": 118, ""y0"": 282, ""x1"": 268, ""y1"": 336, ""rgb"": [179, 179, 179]}, {""label"": ""검색"", ""x0"": 108, ""y0"": 424, ""x1"": 258, ""y1"": 478, ""rgb"": [179, 179, 179]}, {""label"": ""저장"", ""x0"": 348, ""y0"": 197, ""x1"": 498, ""y1"": 251, ""rgb"": [179, 179, 179]}, {""label"": ""홈"", ""x0"": 261, ""y0"": 33, ""x1"": 411, ""y1"": 87, ""rgb"": [179, 179, 179]}, {""label"": ""도움말"", ""x0"": 237, ""y0"": 530, ""x1"": 387, ""y1"": 584, ""rgb"": [179, 179, 179]}, {""label"": ""삭제"", ""x0"": 580, ""y0"": 362, ""x1"": 730, ""y1"": 416, ""rgb"": [179, 179, 179]}]"
d3_L08_h110_N.png,8,0,110,147,로그인,644,471,569,444,719,498,"178,184,109",#b2b86d,0.4485,72.79,39.73,"179,179,179","70,70,70",4.481,8.746,508,7016,"[{""label"": ""로그인"", ""x0"": 569, ""y0"": 444, ""x1"": 719, ""y1"": 498, ""rgb"": [178, 184, 109]}, {""label"": ""취소"", ""x0"": 521, ""y0"": 85, ""x1"": 671, ""y1"": 139, ""rgb"": [179, 179, 179]}, {""label"": ""설정"", ""x0"": 118, ""y0"": 282, ""x1"": 268, ""y1"": 336, ""rgb"": [179, 179, 179]}, {""label"": ""검색"", ""x0"": 108, ""y0"": 424, ""x1"": 258, ""y1"": 478, ""rgb"": [179, 179, 179]}, {""label"": ""저장"", ""x0"": 348, ""y0"": 197, ""x1"": 498, ""y1"": 251, ""rgb"": [179, 179, 179]}, {""label"": ""홈"", ""x0"": 261, ""y0"": 33, ""x1"": 411, ""y1"": 87, ""rgb"": [179, 179, 179]}, {""label"": ""도움말"", ""x0"": 237, ""y0"": 530, ""x1"": 387, ""y1"": 584, ""rgb"": [179, 179, 179]}, {""label"": ""삭제"", ""x0"": 580, ""y0"": 362, ""x1"": 730, ""y1"": 416, ""rgb"": [179, 179, 179]}]"
d3_L08_h245_N.png,8,0,245,148,로그인,644,471,569,444,719,498,"67,191,244",#43bff4,0.4498,72.88,39.9,"179,179,179","70,70,70",4.493,8.77,508,7016,"[{""label"": ""로그인"", ""x0"": 569, ""y0"": 444, ""x1"": 719, ""y1"": 498, ""rgb"": [67, 191, 244]}, {""label"": ""취소"", ""x0"": 521, ""y0"": 85, ""x1"": 671, ""y1"": 139, ""rgb"": [179, 179, 179]}, {""label"": ""설정"", ""x0"": 118, ""y0"": 282, ""x1"": 268, ""y1"": 336, ""rgb"": [179, 179, 179]}, {""label"": ""검색"", ""x0"": 108, ""y0"": 424, ""x1"": 258, ""y1"": 478, ""rgb"": [179, 179, 179]}, {""label"": ""저장"", ""x0"": 348, ""y0"": 197, ""x1"": 498, ""y1"": 251, ""rgb"": [179, 179, 179]}, {""label"": ""홈"", ""x0"": 261, ""y0"": 33, ""x1"": 411, ""y1"": 87, ""rgb"": [179, 179, 179]}, {""label"": ""도움말"", ""x0"": 237, ""y0"": 530, ""x1"": 387, ""y1"": 584, ""rgb"": [179, 179, 179]}, {""label"": ""삭제"", ""x0"": 580, ""y0"": 362, ""x1"": 730, ""y1"": 416, ""rgb"": [179, 179, 179]}]"
d3_L08_h155_N.png,8,0,155,149,로그인,644,471,569,444,719,498,"113,196,147",#71c493,0.451,72.95,39.99,"179,179,179","70,70,70",4.503,8.789,508,7016,"[{""label"": ""로그인"", ""x0"": 569, ""y0"": 444, ""x1"": 719, ""y1"": 498, ""rgb"": [113, 196, 147]}, {""label"": ""취소"", ""x0"": 521, ""y0"": 85, ""x1"": 671, ""y1"": 139, ""rgb"": [179, 179, 179]}, {""label"": ""설정"", ""x0"": 118, ""y0"": 282, ""x1"": 268, ""y1"": 336, ""rgb"": [179, 179, 179]}, {""label"": ""검색"", ""x0"": 108, ""y0"": 424, ""x1"": 258, ""y1"": 478, ""rgb"": [179, 179, 179]}, {""label"": ""저장"", ""x0"": 348, ""y0"": 197, ""x1"": 498, ""y1"": 251, ""rgb"": [179, 179, 179]}, {""label"": ""홈"", ""x0"": 261, ""y0"": 33, ""x1"": 411, ""y1"": 87, ""rgb"": [179, 179, 179]}, {""label"": ""도움말"", ""x0"": 237, ""y0"": 530, ""x1"": 387, ""y1"": 584, ""rgb"": [179, 179, 179]}, {""label"": ""삭제"", ""x0"": 580, ""y0"": 362, ""x1"": 730, ""y1"": 416, ""rgb"": [179, 179, 179]}]"
d3_L08_h335_N.png,8,0,335,150,로그인,644,471,569,444,719,498,"230,155,211",#e69bd3,0.4497,72.87,40.22,"179,179,179","70,70,70",4.492,8.767,508,7016,"[{""label"": ""로그인"", ""x0"": 569, ""y0"": 444, ""x1"": 719, ""y1"": 498, ""rgb"": [230, 155, 211]}, {""label"": ""취소"", ""x0"": 521, ""y0"": 85, ""x1"": 671, ""y1"": 139, ""rgb"": [179, 179, 179]}, {""label"": ""설정"", ""x0"": 118, ""y0"": 282, ""x1"": 268, ""y1"": 336, ""rgb"": [179, 179, 179]}, {""label"": ""검색"", ""x0"": 108, ""y0"": 424, ""x1"": 258, ""y1"": 478, ""rgb"": [179, 179, 179]}, {""label"": ""저장"", ""x0"": 348, ""y0"": 197, ""x1"": 498, ""y1"": 251, ""rgb"": [179, 179, 179]}, {""label"": ""홈"", ""x0"": 261, ""y0"": 33, ""x1"": 411, ""y1"": 87, ""rgb"": [179, 179, 179]}, {""label"": ""도움말"", ""x0"": 237, ""y0"": 530, ""x1"": 387, ""y1"": 584, ""rgb"": [179, 179, 179]}, {""label"": ""삭제"", ""x0"": 580, ""y0"": 362, ""x1"": 730, ""y1"": 416, ""rgb"": [179, 179, 179]}]"
d3_L08_gray_N.png,8,0,gray,151,로그인,644,471,569,444,719,498,"179,179,179",#b3b3b3,0.4508,72.94,0.0,"179,179,179","70,70,70",4.502,8.786,508,7016,"[{""label"": ""로그인"", ""x0"": 569, ""y0"": 444, ""x1"": 719, ""y1"": 498, ""rgb"": [179, 179, 179]}, {""label"": ""취소"", ""x0"": 521, ""y0"": 85, ""x1"": 671, ""y1"": 139, ""rgb"": [179, 179, 179]}, {""label"": ""설정"", ""x0"": 118, ""y0"": 282, ""x1"": 268, ""y1"": 336, ""rgb"": [179, 179, 179]}, {""label"": ""검색"", ""x0"": 108, ""y0"": 424, ""x1"": 258, ""y1"": 478, ""rgb"": [179, 179, 179]}, {""label"": ""저장"", ""x0"": 348, ""y0"": 197, ""x1"": 498, ""y1"": 251, ""rgb"": [179, 179, 179]}, {""label"": ""홈"", ""x0"": 261, ""y0"": 33, ""x1"": 411, ""y1"": 87, ""rgb"": [179, 179, 179]}, {""label"": ""도움말"", ""x0"": 237, ""y0"": 530, ""x1"": 387, ""y1"": 584, ""rgb"": [179, 179, 179]}, {""label"": ""삭제"", ""x0"": 580, ""y0"": 362, ""x1"": 730, ""y1"": 416, ""rgb"": [179, 179, 179]}]"
d3_L08_h65_N.png,8,0,65,152,로그인,644,471,569,444,719,498,"228,166,113",#e4a671,0.4496,72.87,40.03,"179,179,179","70,70,70",4.491,8.766,508,7016,"[{""label"": ""로그인"", ""x0"": 569, ""y0"": 444, ""x1"": 719, ""y1"": 498, ""rgb"": [228, 166, 113]}, {""label"": ""취소"", ""x0"": 521, ""y0"": 85, ""x1"": 671, ""y1"": 139, ""rgb"": [179, 179, 179]}, {""label"": ""설정"", ""x0"": 118, ""y0"": 282, ""x1"": 268, ""y1"": 336, ""rgb"": [179, 179, 179]}, {""label"": ""검색"", ""x0"": 108, ""y0"": 424, ""x1"": 258, ""y1"": 478, ""rgb"": [179, 179, 179]}, {""label"": ""저장"", ""x0"": 348, ""y0"": 197, ""x1"": 498, ""y1"": 251, ""rgb"": [179, 179, 179]}, {""label"": ""홈"", ""x0"": 261, ""y0"": 33, ""x1"": 411, ""y1"": 87, ""rgb"": [179, 179, 179]}, {""label"": ""도움말"", ""x0"": 237, ""y0"": 530, ""x1"": 387, ""y1"": 584, ""rgb"": [179, 179, 179]}, {""label"": ""삭제"", ""x0"": 580, ""y0"": 362, ""x1"": 730, ""y1"": 416, ""rgb"": [179, 179, 179]}]"
d3_L08_h20_M.png,8,1,20,153,로그인,236,471,161,444,311,498,"250,151,156",#fa979c,0.4486,72.8,39.94,"179,179,179","70,70,70",4.482,8.748,508,7017,"[{""label"": ""로그인"", ""x0"": 161, ""y0"": 444, ""x1"": 311, ""y1"": 498, ""rgb"": [250, 151, 156]}, {""label"": ""취소"", ""x0"": 209, ""y0"": 85, ""x1"": 359, ""y1"": 139, ""rgb"": [179, 179, 179]}, {""label"": ""설정"", ""x0"": 612, ""y0"": 282, ""x1"": 762, ""y1"": 336, ""rgb"": [179, 179, 179]}, {""label"": ""검색"", ""x0"": 622, ""y0"": 424, ""x1"": 772, ""y1"": 478, ""rgb"": [179, 179, 179]}, {""label"": ""저장"", ""x0"": 382, ""y0"": 197, ""x1"": 532, ""y1"": 251, ""rgb"": [179, 179, 179]}, {""label"": ""홈"", ""x0"": 469, ""y0"": 33, ""x1"": 619, ""y1"": 87, ""rgb"": [179, 179, 179]}, {""label"": ""도움말"", ""x0"": 493, ""y0"": 530, ""x1"": 643, ""y1"": 584, ""rgb"": [179, 179, 179]}, {""label"": ""삭제"", ""x0"": 150, ""y0"": 362, ""x1"": 300, ""y1"": 416, ""rgb"": [179, 179, 179]}]"
d3_L08_gray_M.png,8,1,gray,154,로그인,236,471,161,444,311,498,"179,179,179",#b3b3b3,0.4508,72.94,0.0,"179,179,179","70,70,70",4.502,8.786,508,7017,"[{""label"": ""로그인"", ""x0"": 161, ""y0"": 444, ""x1"": 311, ""y1"": 498, ""rgb"": [179, 179, 179]}, {""label"": ""취소"", ""x0"": 209, ""y0"": 85, ""x1"": 359, ""y1"": 139, ""rgb"": [179, 179, 179]}, {""label"": ""설정"", ""x0"": 612, ""y0"": 282, ""x1"": 762, ""y1"": 336, ""rgb"": [179, 179, 179]}, {""label"": ""검색"", ""x0"": 622, ""y0"": 424, ""x1"": 772, ""y1"": 478, ""rgb"": [179, 179, 179]}, {""label"": ""저장"", ""x0"": 382, ""y0"": 197, ""x1"": 532, ""y1"": 251, ""rgb"": [179, 179, 179]}, {""label"": ""홈"", ""x0"": 469, ""y0"": 33, ""x1"": 619, ""y1"": 87, ""rgb"": [179, 179, 179]}, {""label"": ""도움말"", ""x0"": 493, ""y0"": 530, ""x1"": 643, ""y1"": 584, ""rgb"": [179, 179, 179]}, {""label"": ""삭제"", ""x0"": 150, ""y0"": 362, ""x1"": 300, ""y1"": 416, ""rgb"": [179, 179, 179]}]"
d3_L08_h65_M.png,8,1,65,155,로그인,236,471,161,444,311,498,"228,166,113",#e4a671,0.4496,72.87,40.03,"179,179,179","70,70,70",4.491,8.766,508,7017,"[{""label"": ""로그인"", ""x0"": 161, ""y0"": 444, ""x1"": 311, ""y1"": 498, ""rgb"": [228, 166, 113]}, {""label"": ""취소"", ""x0"": 209, ""y0"": 85, ""x1"": 359, ""y1"": 139, ""rgb"": [179, 179, 179]}, {""label"": ""설정"", ""x0"": 612, ""y0"": 282, ""x1"": 762, ""y1"": 336, ""rgb"": [179, 179, 179]}, {""label"": ""검색"", ""x0"": 622, ""y0"": 424, ""x1"": 772, ""y1"": 478, ""rgb"": [179, 179, 179]}, {""label"": ""저장"", ""x0"": 382, ""y0"": 197, ""x1"": 532, ""y1"": 251, ""rgb"": [179, 179, 179]}, {""label"": ""홈"", ""x0"": 469, ""y0"": 33, ""x1"": 619, ""y1"": 87, ""rgb"": [179, 179, 179]}, {""label"": ""도움말"", ""x0"": 493, ""y0"": 530, ""x1"": 643, ""y1"": 584, ""rgb"": [179, 179, 179]}, {""label"": ""삭제"", ""x0"": 150, ""y0"": 362, ""x1"": 300, ""y1"": 416, ""rgb"": [179, 179, 179]}]"
d3_L08_h200_M.png,8,1,200,156,로그인,236,471,161,444,311,498,"24,198,203",#18c6cb,0.4489,72.82,39.91,"179,179,179","70,70,70",4.485,8.754,508,7017,"[{""label"": ""로그인"", ""x0"": 161, ""y0"": 444, ""x1"": 311, ""y1"": 498, ""rgb"": [24, 198, 203]}, {""label"": ""취소"", ""x0"": 209, ""y0"": 85, ""x1"": 359, ""y1"": 139, ""rgb"": [179, 179, 179]}, {""label"": ""설정"", ""x0"": 612, ""y0"": 282, ""x1"": 762, ""y1"": 336, ""rgb"": [179, 179, 179]}, {""label"": ""검색"", ""x0"": 622, ""y0"": 424, ""x1"": 772, ""y1"": 478, ""rgb"": [179, 179, 179]}, {""label"": ""저장"", ""x0"": 382, ""y0"": 197, ""x1"": 532, ""y1"": 251, ""rgb"": [179, 179, 179]}, {""label"": ""홈"", ""x0"": 469, ""y0"": 33, ""x1"": 619, ""y1"": 87, ""rgb"": [179, 179, 179]}, {""label"": ""도움말"", ""x0"": 493, ""y0"": 530, ""x1"": 643, ""y1"": 584, ""rgb"": [179, 179, 179]}, {""label"": ""삭제"", ""x0"": 150, ""y0"": 362, ""x1"": 300, ""y1"": 416, ""rgb"": [179, 179, 179]}]"
d3_L08_h155_M.png,8,1,155,157,로그인,236,471,161,444,311,498,"113,196,147",#71c493,0.451,72.95,39.99,"179,179,179","70,70,70",4.503,8.789,508,7017,"[{""label"": ""로그인"", ""x0"": 161, ""y0"": 444, ""x1"": 311, ""y1"": 498, ""rgb"": [113, 196, 147]}, {""label"": ""취소"", ""x0"": 209, ""y0"": 85, ""x1"": 359, ""y1"": 139, ""rgb"": [179, 179, 179]}, {""label"": ""설정"", ""x0"": 612, ""y0"": 282, ""x1"": 762, ""y1"": 336, ""rgb"": [179, 179, 179]}, {""label"": ""검색"", ""x0"": 622, ""y0"": 424, ""x1"": 772, ""y1"": 478, ""rgb"": [179, 179, 179]}, {""label"": ""저장"", ""x0"": 382, ""y0"": 197, ""x1"": 532, ""y1"": 251, ""rgb"": [179, 179, 179]}, {""label"": ""홈"", ""x0"": 469, ""y0"": 33, ""x1"": 619, ""y1"": 87, ""rgb"": [179, 179, 179]}, {""label"": ""도움말"", ""x0"": 493, ""y0"": 530, ""x1"": 643, ""y1"": 584, ""rgb"": [179, 179, 179]}, {""label"": ""삭제"", ""x0"": 150, ""y0"": 362, ""x1"": 300, ""y1"": 416, ""rgb"": [179, 179, 179]}]"
d3_L08_h290_M.png,8,1,290,158,로그인,236,471,161,444,311,498,"165,174,248",#a5aef8,0.4505,72.92,40.21,"179,179,179","70,70,70",4.499,8.781,508,7017,"[{""label"": ""로그인"", ""x0"": 161, ""y0"": 444, ""x1"": 311, ""y1"": 498, ""rgb"": [165, 174, 248]}, {""label"": ""취소"", ""x0"": 209, ""y0"": 85, ""x1"": 359, ""y1"": 139, ""rgb"": [179, 179, 179]}, {""label"": ""설정"", ""x0"": 612, ""y0"": 282, ""x1"": 762, ""y1"": 336, ""rgb"": [179, 179, 179]}, {""label"": ""검색"", ""x0"": 622, ""y0"": 424, ""x1"": 772, ""y1"": 478, ""rgb"": [179, 179, 179]}, {""label"": ""저장"", ""x0"": 382, ""y0"": 197, ""x1"": 532, ""y1"": 251, ""rgb"": [179, 179, 179]}, {""label"": ""홈"", ""x0"": 469, ""y0"": 33, ""x1"": 619, ""y1"": 87, ""rgb"": [179, 179, 179]}, {""label"": ""도움말"", ""x0"": 493, ""y0"": 530, ""x1"": 643, ""y1"": 584, ""rgb"": [179, 179, 179]}, {""label"": ""삭제"", ""x0"": 150, ""y0"": 362, ""x1"": 300, ""y1"": 416, ""rgb"": [179, 179, 179]}]"
d3_L08_h245_M.png,8,1,245,159,로그인,236,471,161,444,311,498,"67,191,244",#43bff4,0.4498,72.88,39.9,"179,179,179","70,70,70",4.493,8.77,508,7017,"[{""label"": ""로그인"", ""x0"": 161, ""y0"": 444, ""x1"": 311, ""y1"": 498, ""rgb"": [67, 191, 244]}, {""label"": ""취소"", ""x0"": 209, ""y0"": 85, ""x1"": 359, ""y1"": 139, ""rgb"": [179, 179, 179]}, {""label"": ""설정"", ""x0"": 612, ""y0"": 282, ""x1"": 762, ""y1"": 336, ""rgb"": [179, 179, 179]}, {""label"": ""검색"", ""x0"": 622, ""y0"": 424, ""x1"": 772, ""y1"": 478, ""rgb"": [179, 179, 179]}, {""label"": ""저장"", ""x0"": 382, ""y0"": 197, ""x1"": 532, ""y1"": 251, ""rgb"": [179, 179, 179]}, {""label"": ""홈"", ""x0"": 469, ""y0"": 33, ""x1"": 619, ""y1"": 87, ""rgb"": [179, 179, 179]}, {""label"": ""도움말"", ""x0"": 493, ""y0"": 530, ""x1"": 643, ""y1"": 584, ""rgb"": [179, 179, 179]}, {""label"": ""삭제"", ""x0"": 150, ""y0"": 362, ""x1"": 300, ""y1"": 416, ""rgb"": [179, 179, 179]}]"
d3_L08_h110_M.png,8,1,110,160,로그인,236,471,161,444,311,498,"178,184,109",#b2b86d,0.4485,72.79,39.73,"179,179,179","70,70,70",4.481,8.746,508,7017,"[{""label"": ""로그인"", ""x0"": 161, ""y0"": 444, ""x1"": 311, ""y1"": 498, ""rgb"": [178, 184, 109]}, {""label"": ""취소"", ""x0"": 209, ""y0"": 85, ""x1"": 359, ""y1"": 139, ""rgb"": [179, 179, 179]}, {""label"": ""설정"", ""x0"": 612, ""y0"": 282, ""x1"": 762, ""y1"": 336, ""rgb"": [179, 179, 179]}, {""label"": ""검색"", ""x0"": 622, ""y0"": 424, ""x1"": 772, ""y1"": 478, ""rgb"": [179, 179, 179]}, {""label"": ""저장"", ""x0"": 382, ""y0"": 197, ""x1"": 532, ""y1"": 251, ""rgb"": [179, 179, 179]}, {""label"": ""홈"", ""x0"": 469, ""y0"": 33, ""x1"": 619, ""y1"": 87, ""rgb"": [179, 179, 179]}, {""label"": ""도움말"", ""x0"": 493, ""y0"": 530, ""x1"": 643, ""y1"": 584, ""rgb"": [179, 179, 179]}, {""label"": ""삭제"", ""x0"": 150, ""y0"": 362, ""x1"": 300, ""y1"": 416, ""rgb"": [179, 179, 179]}]"
d3_L08_h335_M.png,8,1,335,161,로그인,236,471,161,444,311,498,"230,155,211",#e69bd3,0.4497,72.87,40.22,"179,179,179","70,70,70",4.492,8.767,508,7017,"[{""label"": ""로그인"", ""x0"": 161, ""y0"": 444, ""x1"": 311, ""y1"": 498, ""rgb"": [230, 155, 211]}, {""label"": ""취소"", ""x0"": 209, ""y0"": 85, ""x1"": 359, ""y1"": 139, ""rgb"": [179, 179, 179]}, {""label"": ""설정"", ""x0"": 612, ""y0"": 282, ""x1"": 762, ""y1"": 336, ""rgb"": [179, 179, 179]}, {""label"": ""검색"", ""x0"": 622, ""y0"": 424, ""x1"": 772, ""y1"": 478, ""rgb"": [179, 179, 179]}, {""label"": ""저장"", ""x0"": 382, ""y0"": 197, ""x1"": 532, ""y1"": 251, ""rgb"": [179, 179, 179]}, {""label"": ""홈"", ""x0"": 469, ""y0"": 33, ""x1"": 619, ""y1"": 87, ""rgb"": [179, 179, 179]}, {""label"": ""도움말"", ""x0"": 493, ""y0"": 530, ""x1"": 643, ""y1"": 584, ""rgb"": [179, 179, 179]}, {""label"": ""삭제"", ""x0"": 150, ""y0"": 362, ""x1"": 300, ""y1"": 416, ""rgb"": [179, 179, 179]}]"
d3_L09_h155_N.png,9,0,155,162,로그인,520,257,445,230,595,284,"113,196,147",#71c493,0.451,72.95,39.99,"179,179,179","70,70,70",4.503,8.789,509,7018,"[{""label"": ""로그인"", ""x0"": 445, ""y0"": 230, ""x1"": 595, ""y1"": 284, ""rgb"": [113, 196, 147]}, {""label"": ""취소"", ""x0"": 183, ""y0"": 152, ""x1"": 333, ""y1"": 206, ""rgb"": [179, 179, 179]}, {""label"": ""설정"", ""x0"": 142, ""y0"": 293, ""x1"": 292, ""y1"": 347, ""rgb"": [179, 179, 179]}, {""label"": ""검색"", ""x0"": 588, ""y0"": 331, ""x1"": 738, ""y1"": 385, ""rgb"": [179, 179, 179]}, {""label"": ""저장"", ""x0"": 412, ""y0"": 330, ""x1"": 562, ""y1"": 384, ""rgb"": [179, 179, 179]}, {""label"": ""홈"", ""x0"": 632, ""y0"": 449, ""x1"": 782, ""y1"": 503, ""rgb"": [179, 179, 179]}, {""label"": ""도움말"", ""x0"": 85, ""y0"": 45, ""x1"": 235, ""y1"": 99, ""rgb"": [179, 179, 179]}, {""label"": ""삭제"", ""x0"": 647, ""y0"": 530, ""x1"": 797, ""y1"": 584, ""rgb"": [179, 179, 179]}]"
d3_L09_h335_N.png,9,0,335,163,로그인,520,257,445,230,595,284,"230,155,211",#e69bd3,0.4497,72.87,40.22,"179,179,179","70,70,70",4.492,8.767,509,7018,"[{""label"": ""로그인"", ""x0"": 445, ""y0"": 230, ""x1"": 595, ""y1"": 284, ""rgb"": [230, 155, 211]}, {""label"": ""취소"", ""x0"": 183, ""y0"": 152, ""x1"": 333, ""y1"": 206, ""rgb"": [179, 179, 179]}, {""label"": ""설정"", ""x0"": 142, ""y0"": 293, ""x1"": 292, ""y1"": 347, ""rgb"": [179, 179, 179]}, {""label"": ""검색"", ""x0"": 588, ""y0"": 331, ""x1"": 738, ""y1"": 385, ""rgb"": [179, 179, 179]}, {""label"": ""저장"", ""x0"": 412, ""y0"": 330, ""x1"": 562, ""y1"": 384, ""rgb"": [179, 179, 179]}, {""label"": ""홈"", ""x0"": 632, ""y0"": 449, ""x1"": 782, ""y1"": 503, ""rgb"": [179, 179, 179]}, {""label"": ""도움말"", ""x0"": 85, ""y0"": 45, ""x1"": 235, ""y1"": 99, ""rgb"": [179, 179, 179]}, {""label"": ""삭제"", ""x0"": 647, ""y0"": 530, ""x1"": 797, ""y1"": 584, ""rgb"": [179, 179, 179]}]"
d3_L09_h290_N.png,9,0,290,164,로그인,520,257,445,230,595,284,"165,174,248",#a5aef8,0.4505,72.92,40.21,"179,179,179","70,70,70",4.499,8.781,509,7018,"[{""label"": ""로그인"", ""x0"": 445, ""y0"": 230, ""x1"": 595, ""y1"": 284, ""rgb"": [165, 174, 248]}, {""label"": ""취소"", ""x0"": 183, ""y0"": 152, ""x1"": 333, ""y1"": 206, ""rgb"": [179, 179, 179]}, {""label"": ""설정"", ""x0"": 142, ""y0"": 293, ""x1"": 292, ""y1"": 347, ""rgb"": [179, 179, 179]}, {""label"": ""검색"", ""x0"": 588, ""y0"": 331, ""x1"": 738, ""y1"": 385, ""rgb"": [179, 179, 179]}, {""label"": ""저장"", ""x0"": 412, ""y0"": 330, ""x1"": 562, ""y1"": 384, ""rgb"": [179, 179, 179]}, {""label"": ""홈"", ""x0"": 632, ""y0"": 449, ""x1"": 782, ""y1"": 503, ""rgb"": [179, 179, 179]}, {""label"": ""도움말"", ""x0"": 85, ""y0"": 45, ""x1"": 235, ""y1"": 99, ""rgb"": [179, 179, 179]}, {""label"": ""삭제"", ""x0"": 647, ""y0"": 530, ""x1"": 797, ""y1"": 584, ""rgb"": [179, 179, 179]}]"
d3_L09_h20_N.png,9,0,20,165,로그인,520,257,445,230,595,284,"250,151,156",#fa979c,0.4486,72.8,39.94,"179,179,179","70,70,70",4.482,8.748,509,7018,"[{""label"": ""로그인"", ""x0"": 445, ""y0"": 230, ""x1"": 595, ""y1"": 284, ""rgb"": [250, 151, 156]}, {""label"": ""취소"", ""x0"": 183, ""y0"": 152, ""x1"": 333, ""y1"": 206, ""rgb"": [179, 179, 179]}, {""label"": ""설정"", ""x0"": 142, ""y0"": 293, ""x1"": 292, ""y1"": 347, ""rgb"": [179, 179, 179]}, {""label"": ""검색"", ""x0"": 588, ""y0"": 331, ""x1"": 738, ""y1"": 385, ""rgb"": [179, 179, 179]}, {""label"": ""저장"", ""x0"": 412, ""y0"": 330, ""x1"": 562, ""y1"": 384, ""rgb"": [179, 179, 179]}, {""label"": ""홈"", ""x0"": 632, ""y0"": 449, ""x1"": 782, ""y1"": 503, ""rgb"": [179, 179, 179]}, {""label"": ""도움말"", ""x0"": 85, ""y0"": 45, ""x1"": 235, ""y1"": 99, ""rgb"": [179, 179, 179]}, {""label"": ""삭제"", ""x0"": 647, ""y0"": 530, ""x1"": 797, ""y1"": 584, ""rgb"": [179, 179, 179]}]"
d3_L09_gray_N.png,9,0,gray,166,로그인,520,257,445,230,595,284,"179,179,179",#b3b3b3,0.4508,72.94,0.0,"179,179,179","70,70,70",4.502,8.786,509,7018,"[{""label"": ""로그인"", ""x0"": 445, ""y0"": 230, ""x1"": 595, ""y1"": 284, ""rgb"": [179, 179, 179]}, {""label"": ""취소"", ""x0"": 183, ""y0"": 152, ""x1"": 333, ""y1"": 206, ""rgb"": [179, 179, 179]}, {""label"": ""설정"", ""x0"": 142, ""y0"": 293, ""x1"": 292, ""y1"": 347, ""rgb"": [179, 179, 179]}, {""label"": ""검색"", ""x0"": 588, ""y0"": 331, ""x1"": 738, ""y1"": 385, ""rgb"": [179, 179, 179]}, {""label"": ""저장"", ""x0"": 412, ""y0"": 330, ""x1"": 562, ""y1"": 384, ""rgb"": [179, 179, 179]}, {""label"": ""홈"", ""x0"": 632, ""y0"": 449, ""x1"": 782, ""y1"": 503, ""rgb"": [179, 179, 179]}, {""label"": ""도움말"", ""x0"": 85, ""y0"": 45, ""x1"": 235, ""y1"": 99, ""rgb"": [179, 179, 179]}, {""label"": ""삭제"", ""x0"": 647, ""y0"": 530, ""x1"": 797, ""y1"": 584, ""rgb"": [179, 179, 179]}]"
d3_L09_h65_N.png,9,0,65,167,로그인,520,257,445,230,595,284,"228,166,113",#e4a671,0.4496,72.87,40.03,"179,179,179","70,70,70",4.491,8.766,509,7018,"[{""label"": ""로그인"", ""x0"": 445, ""y0"": 230, ""x1"": 595, ""y1"": 284, ""rgb"": [228, 166, 113]}, {""label"": ""취소"", ""x0"": 183, ""y0"": 152, ""x1"": 333, ""y1"": 206, ""rgb"": [179, 179, 179]}, {""label"": ""설정"", ""x0"": 142, ""y0"": 293, ""x1"": 292, ""y1"": 347, ""rgb"": [179, 179, 179]}, {""label"": ""검색"", ""x0"": 588, ""y0"": 331, ""x1"": 738, ""y1"": 385, ""rgb"": [179, 179, 179]}, {""label"": ""저장"", ""x0"": 412, ""y0"": 330, ""x1"": 562, ""y1"": 384, ""rgb"": [179, 179, 179]}, {""label"": ""홈"", ""x0"": 632, ""y0"": 449, ""x1"": 782, ""y1"": 503, ""rgb"": [179, 179, 179]}, {""label"": ""도움말"", ""x0"": 85, ""y0"": 45, ""x1"": 235, ""y1"": 99, ""rgb"": [179, 179, 179]}, {""label"": ""삭제"", ""x0"": 647, ""y0"": 530, ""x1"": 797, ""y1"": 584, ""rgb"": [179, 179, 179]}]"
d3_L09_h200_N.png,9,0,200,168,로그인,520,257,445,230,595,284,"24,198,203",#18c6cb,0.4489,72.82,39.91,"179,179,179","70,70,70",4.485,8.754,509,7018,"[{""label"": ""로그인"", ""x0"": 445, ""y0"": 230, ""x1"": 595, ""y1"": 284, ""rgb"": [24, 198, 203]}, {""label"": ""취소"", ""x0"": 183, ""y0"": 152, ""x1"": 333, ""y1"": 206, ""rgb"": [179, 179, 179]}, {""label"": ""설정"", ""x0"": 142, ""y0"": 293, ""x1"": 292, ""y1"": 347, ""rgb"": [179, 179, 179]}, {""label"": ""검색"", ""x0"": 588, ""y0"": 331, ""x1"": 738, ""y1"": 385, ""rgb"": [179, 179, 179]}, {""label"": ""저장"", ""x0"": 412, ""y0"": 330, ""x1"": 562, ""y1"": 384, ""rgb"": [179, 179, 179]}, {""label"": ""홈"", ""x0"": 632, ""y0"": 449, ""x1"": 782, ""y1"": 503, ""rgb"": [179, 179, 179]}, {""label"": ""도움말"", ""x0"": 85, ""y0"": 45, ""x1"": 235, ""y1"": 99, ""rgb"": [179, 179, 179]}, {""label"": ""삭제"", ""x0"": 647, ""y0"": 530, ""x1"": 797, ""y1"": 584, ""rgb"": [179, 179, 179]}]"
d3_L09_h110_N.png,9,0,110,169,로그인,520,257,445,230,595,284,"178,184,109",#b2b86d,0.4485,72.79,39.73,"179,179,179","70,70,70",4.481,8.746,509,7018,"[{""label"": ""로그인"", ""x0"": 445, ""y0"": 230, ""x1"": 595, ""y1"": 284, ""rgb"": [178, 184, 109]}, {""label"": ""취소"", ""x0"": 183, ""y0"": 152, ""x1"": 333, ""y1"": 206, ""rgb"": [179, 179, 179]}, {""label"": ""설정"", ""x0"": 142, ""y0"": 293, ""x1"": 292, ""y1"": 347, ""rgb"": [179, 179, 179]}, {""label"": ""검색"", ""x0"": 588, ""y0"": 331, ""x1"": 738, ""y1"": 385, ""rgb"": [179, 179, 179]}, {""label"": ""저장"", ""x0"": 412, ""y0"": 330, ""x1"": 562, ""y1"": 384, ""rgb"": [179, 179, 179]}, {""label"": ""홈"", ""x0"": 632, ""y0"": 449, ""x1"": 782, ""y1"": 503, ""rgb"": [179, 179, 179]}, {""label"": ""도움말"", ""x0"": 85, ""y0"": 45, ""x1"": 235, ""y1"": 99, ""rgb"": [179, 179, 179]}, {""label"": ""삭제"", ""x0"": 647, ""y0"": 530, ""x1"": 797, ""y1"": 584, ""rgb"": [179, 179, 179]}]"
d3_L09_h245_N.png,9,0,245,170,로그인,520,257,445,230,595,284,"67,191,244",#43bff4,0.4498,72.88,39.9,"179,179,179","70,70,70",4.493,8.77,509,7018,"[{""label"": ""로그인"", ""x0"": 445, ""y0"": 230, ""x1"": 595, ""y1"": 284, ""rgb"": [67, 191, 244]}, {""label"": ""취소"", ""x0"": 183, ""y0"": 152, ""x1"": 333, ""y1"": 206, ""rgb"": [179, 179, 179]}, {""label"": ""설정"", ""x0"": 142, ""y0"": 293, ""x1"": 292, ""y1"": 347, ""rgb"": [179, 179, 179]}, {""label"": ""검색"", ""x0"": 588, ""y0"": 331, ""x1"": 738, ""y1"": 385, ""rgb"": [179, 179, 179]}, {""label"": ""저장"", ""x0"": 412, ""y0"": 330, ""x1"": 562, ""y1"": 384, ""rgb"": [179, 179, 179]}, {""label"": ""홈"", ""x0"": 632, ""y0"": 449, ""x1"": 782, ""y1"": 503, ""rgb"": [179, 179, 179]}, {""label"": ""도움말"", ""x0"": 85, ""y0"": 45, ""x1"": 235, ""y1"": 99, ""rgb"": [179, 179, 179]}, {""label"": ""삭제"", ""x0"": 647, ""y0"": 530, ""x1"": 797, ""y1"": 584, ""rgb"": [179, 179, 179]}]"
d3_L09_h290_M.png,9,1,290,171,로그인,360,257,285,230,435,284,"165,174,248",#a5aef8,0.4505,72.92,40.21,"179,179,179","70,70,70",4.499,8.781,509,7019,"[{""label"": ""로그인"", ""x0"": 285, ""y0"": 230, ""x1"": 435, ""y1"": 284, ""rgb"": [165, 174, 248]}, {""label"": ""취소"", ""x0"": 547, ""y0"": 152, ""x1"": 697, ""y1"": 206, ""rgb"": [179, 179, 179]}, {""label"": ""설정"", ""x0"": 588, ""y0"": 293, ""x1"": 738, ""y1"": 347, ""rgb"": [179, 179, 179]}, {""label"": ""검색"", ""x0"": 142, ""y0"": 331, ""x1"": 292, ""y1"": 385, ""rgb"": [179, 179, 179]}, {""label"": ""저장"", ""x0"": 318, ""y0"": 330, ""x1"": 468, ""y1"": 384, ""rgb"": [179, 179, 179]}, {""label"": ""홈"", ""x0"": 98, ""y0"": 449, ""x1"": 248, ""y1"": 503, ""rgb"": [179, 179, 179]}, {""label"": ""도움말"", ""x0"": 645, ""y0"": 45, ""x1"": 795, ""y1"": 99, ""rgb"": [179, 179, 179]}, {""label"": ""삭제"", ""x0"": 83, ""y0"": 530, ""x1"": 233, ""y1"": 584, ""rgb"": [179, 179, 179]}]"
d3_L09_gray_M.png,9,1,gray,172,로그인,360,257,285,230,435,284,"179,179,179",#b3b3b3,0.4508,72.94,0.0,"179,179,179","70,70,70",4.502,8.786,509,7019,"[{""label"": ""로그인"", ""x0"": 285, ""y0"": 230, ""x1"": 435, ""y1"": 284, ""rgb"": [179, 179, 179]}, {""label"": ""취소"", ""x0"": 547, ""y0"": 152, ""x1"": 697, ""y1"": 206, ""rgb"": [179, 179, 179]}, {""label"": ""설정"", ""x0"": 588, ""y0"": 293, ""x1"": 738, ""y1"": 347, ""rgb"": [179, 179, 179]}, {""label"": ""검색"", ""x0"": 142, ""y0"": 331, ""x1"": 292, ""y1"": 385, ""rgb"": [179, 179, 179]}, {""label"": ""저장"", ""x0"": 318, ""y0"": 330, ""x1"": 468, ""y1"": 384, ""rgb"": [179, 179, 179]}, {""label"": ""홈"", ""x0"": 98, ""y0"": 449, ""x1"": 248, ""y1"": 503, ""rgb"": [179, 179, 179]}, {""label"": ""도움말"", ""x0"": 645, ""y0"": 45, ""x1"": 795, ""y1"": 99, ""rgb"": [179, 179, 179]}, {""label"": ""삭제"", ""x0"": 83, ""y0"": 530, ""x1"": 233, ""y1"": 584, ""rgb"": [179, 179, 179]}]"
d3_L09_h155_M.png,9,1,155,173,로그인,360,257,285,230,435,284,"113,196,147",#71c493,0.451,72.95,39.99,"179,179,179","70,70,70",4.503,8.789,509,7019,"[{""label"": ""로그인"", ""x0"": 285, ""y0"": 230, ""x1"": 435, ""y1"": 284, ""rgb"": [113, 196, 147]}, {""label"": ""취소"", ""x0"": 547, ""y0"": 152, ""x1"": 697, ""y1"": 206, ""rgb"": [179, 179, 179]}, {""label"": ""설정"", ""x0"": 588, ""y0"": 293, ""x1"": 738, ""y1"": 347, ""rgb"": [179, 179, 179]}, {""label"": ""검색"", ""x0"": 142, ""y0"": 331, ""x1"": 292, ""y1"": 385, ""rgb"": [179, 179, 179]}, {""label"": ""저장"", ""x0"": 318, ""y0"": 330, ""x1"": 468, ""y1"": 384, ""rgb"": [179, 179, 179]}, {""label"": ""홈"", ""x0"": 98, ""y0"": 449, ""x1"": 248, ""y1"": 503, ""rgb"": [179, 179, 179]}, {""label"": ""도움말"", ""x0"": 645, ""y0"": 45, ""x1"": 795, ""y1"": 99, ""rgb"": [179, 179, 179]}, {""label"": ""삭제"", ""x0"": 83, ""y0"": 530, ""x1"": 233, ""y1"": 584, ""rgb"": [179, 179, 179]}]"
d3_L09_h20_M.png,9,1,20,174,로그인,360,257,285,230,435,284,"250,151,156",#fa979c,0.4486,72.8,39.94,"179,179,179","70,70,70",4.482,8.748,509,7019,"[{""label"": ""로그인"", ""x0"": 285, ""y0"": 230, ""x1"": 435, ""y1"": 284, ""rgb"": [250, 151, 156]}, {""label"": ""취소"", ""x0"": 547, ""y0"": 152, ""x1"": 697, ""y1"": 206, ""rgb"": [179, 179, 179]}, {""label"": ""설정"", ""x0"": 588, ""y0"": 293, ""x1"": 738, ""y1"": 347, ""rgb"": [179, 179, 179]}, {""label"": ""검색"", ""x0"": 142, ""y0"": 331, ""x1"": 292, ""y1"": 385, ""rgb"": [179, 179, 179]}, {""label"": ""저장"", ""x0"": 318, ""y0"": 330, ""x1"": 468, ""y1"": 384, ""rgb"": [179, 179, 179]}, {""label"": ""홈"", ""x0"": 98, ""y0"": 449, ""x1"": 248, ""y1"": 503, ""rgb"": [179, 179, 179]}, {""label"": ""도움말"", ""x0"": 645, ""y0"": 45, ""x1"": 795, ""y1"": 99, ""rgb"": [179, 179, 179]}, {""label"": ""삭제"", ""x0"": 83, ""y0"": 530, ""x1"": 233, ""y1"": 584, ""rgb"": [179, 179, 179]}]"
d3_L09_h110_M.png,9,1,110,175,로그인,360,257,285,230,435,284,"178,184,109",#b2b86d,0.4485,72.79,39.73,"179,179,179","70,70,70",4.481,8.746,509,7019,"[{""label"": ""로그인"", ""x0"": 285, ""y0"": 230, ""x1"": 435, ""y1"": 284, ""rgb"": [178, 184, 109]}, {""label"": ""취소"", ""x0"": 547, ""y0"": 152, ""x1"": 697, ""y1"": 206, ""rgb"": [179, 179, 179]}, {""label"": ""설정"", ""x0"": 588, ""y0"": 293, ""x1"": 738, ""y1"": 347, ""rgb"": [179, 179, 179]}, {""label"": ""검색"", ""x0"": 142, ""y0"": 331, ""x1"": 292, ""y1"": 385, ""rgb"": [179, 179, 179]}, {""label"": ""저장"", ""x0"": 318, ""y0"": 330, ""x1"": 468, ""y1"": 384, ""rgb"": [179, 179, 179]}, {""label"": ""홈"", ""x0"": 98, ""y0"": 449, ""x1"": 248, ""y1"": 503, ""rgb"": [179, 179, 179]}, {""label"": ""도움말"", ""x0"": 645, ""y0"": 45, ""x1"": 795, ""y1"": 99, ""rgb"": [179, 179, 179]}, {""label"": ""삭제"", ""x0"": 83, ""y0"": 530, ""x1"": 233, ""y1"": 584, ""rgb"": [179, 179, 179]}]"
d3_L09_h335_M.png,9,1,335,176,로그인,360,257,285,230,435,284,"230,155,211",#e69bd3,0.4497,72.87,40.22,"179,179,179","70,70,70",4.492,8.767,509,7019,"[{""label"": ""로그인"", ""x0"": 285, ""y0"": 230, ""x1"": 435, ""y1"": 284, ""rgb"": [230, 155, 211]}, {""label"": ""취소"", ""x0"": 547, ""y0"": 152, ""x1"": 697, ""y1"": 206, ""rgb"": [179, 179, 179]}, {""label"": ""설정"", ""x0"": 588, ""y0"": 293, ""x1"": 738, ""y1"": 347, ""rgb"": [179, 179, 179]}, {""label"": ""검색"", ""x0"": 142, ""y0"": 331, ""x1"": 292, ""y1"": 385, ""rgb"": [179, 179, 179]}, {""label"": ""저장"", ""x0"": 318, ""y0"": 330, ""x1"": 468, ""y1"": 384, ""rgb"": [179, 179, 179]}, {""label"": ""홈"", ""x0"": 98, ""y0"": 449, ""x1"": 248, ""y1"": 503, ""rgb"": [179, 179, 179]}, {""label"": ""도움말"", ""x0"": 645, ""y0"": 45, ""x1"": 795, ""y1"": 99, ""rgb"": [179, 179, 179]}, {""label"": ""삭제"", ""x0"": 83, ""y0"": 530, ""x1"": 233, ""y1"": 584, ""rgb"": [179, 179, 179]}]"
d3_L09_h245_M.png,9,1,245,177,로그인,360,257,285,230,435,284,"67,191,244",#43bff4,0.4498,72.88,39.9,"179,179,179","70,70,70",4.493,8.77,509,7019,"[{""label"": ""로그인"", ""x0"": 285, ""y0"": 230, ""x1"": 435, ""y1"": 284, ""rgb"": [67, 191, 244]}, {""label"": ""취소"", ""x0"": 547, ""y0"": 152, ""x1"": 697, ""y1"": 206, ""rgb"": [179, 179, 179]}, {""label"": ""설정"", ""x0"": 588, ""y0"": 293, ""x1"": 738, ""y1"": 347, ""rgb"": [179, 179, 179]}, {""label"": ""검색"", ""x0"": 142, ""y0"": 331, ""x1"": 292, ""y1"": 385, ""rgb"": [179, 179, 179]}, {""label"": ""저장"", ""x0"": 318, ""y0"": 330, ""x1"": 468, ""y1"": 384, ""rgb"": [179, 179, 179]}, {""label"": ""홈"", ""x0"": 98, ""y0"": 449, ""x1"": 248, ""y1"": 503, ""rgb"": [179, 179, 179]}, {""label"": ""도움말"", ""x0"": 645, ""y0"": 45, ""x1"": 795, ""y1"": 99, ""rgb"": [179, 179, 179]}, {""label"": ""삭제"", ""x0"": 83, ""y0"": 530, ""x1"": 233, ""y1"": 584, ""rgb"": [179, 179, 179]}]"
d3_L09_h200_M.png,9,1,200,178,로그인,360,257,285,230,435,284,"24,198,203",#18c6cb,0.4489,72.82,39.91,"179,179,179","70,70,70",4.485,8.754,509,7019,"[{""label"": ""로그인"", ""x0"": 285, ""y0"": 230, ""x1"": 435, ""y1"": 284, ""rgb"": [24, 198, 203]}, {""label"": ""취소"", ""x0"": 547, ""y0"": 152, ""x1"": 697, ""y1"": 206, ""rgb"": [179, 179, 179]}, {""label"": ""설정"", ""x0"": 588, ""y0"": 293, ""x1"": 738, ""y1"": 347, ""rgb"": [179, 179, 179]}, {""label"": ""검색"", ""x0"": 142, ""y0"": 331, ""x1"": 292, ""y1"": 385, ""rgb"": [179, 179, 179]}, {""label"": ""저장"", ""x0"": 318, ""y0"": 330, ""x1"": 468, ""y1"": 384, ""rgb"": [179, 179, 179]}, {""label"": ""홈"", ""x0"": 98, ""y0"": 449, ""x1"": 248, ""y1"": 503, ""rgb"": [179, 179, 179]}, {""label"": ""도움말"", ""x0"": 645, ""y0"": 45, ""x1"": 795, ""y1"": 99, ""rgb"": [179, 179, 179]}, {""label"": ""삭제"", ""x0"": 83, ""y0"": 530, ""x1"": 233, ""y1"": 584, ""rgb"": [179, 179, 179]}]"
d3_L09_h65_M.png,9,1,65,179,로그인,360,257,285,230,435,284,"228,166,113",#e4a671,0.4496,72.87,40.03,"179,179,179","70,70,70",4.491,8.766,509,7019,"[{""label"": ""로그인"", ""x0"": 285, ""y0"": 230, ""x1"": 435, ""y1"": 284, ""rgb"": [228, 166, 113]}, {""label"": ""취소"", ""x0"": 547, ""y0"": 152, ""x1"": 697, ""y1"": 206, ""rgb"": [179, 179, 179]}, {""label"": ""설정"", ""x0"": 588, ""y0"": 293, ""x1"": 738, ""y1"": 347, ""rgb"": [179, 179, 179]}, {""label"": ""검색"", ""x0"": 142, ""y0"": 331, ""x1"": 292, ""y1"": 385, ""rgb"": [179, 179, 179]}, {""label"": ""저장"", ""x0"": 318, ""y0"": 330, ""x1"": 468, ""y1"": 384, ""rgb"": [179, 179, 179]}, {""label"": ""홈"", ""x0"": 98, ""y0"": 449, ""x1"": 248, ""y1"": 503, ""rgb"": [179, 179, 179]}, {""label"": ""도움말"", ""x0"": 645, ""y0"": 45, ""x1"": 795, ""y1"": 99, ""rgb"": [179, 179, 179]}, {""label"": ""삭제"", ""x0"": 83, ""y0"": 530, ""x1"": 233, ""y1"": 584, ""rgb"": [179, 179, 179]}]"
d3_L10_h200_N.png,10,0,200,180,로그인,654,334,579,307,729,361,"24,198,203",#18c6cb,0.4489,72.82,39.91,"179,179,179","70,70,70",4.485,8.754,510,7020,"[{""label"": ""로그인"", ""x0"": 579, ""y0"": 307, ""x1"": 729, ""y1"": 361, ""rgb"": [24, 198, 203]}, {""label"": ""취소"", ""x0"": 444, ""y0"": 432, ""x1"": 594, ""y1"": 486, ""rgb"": [179, 179, 179]}, {""label"": ""설정"", ""x0"": 124, ""y0"": 92, ""x1"": 274, ""y1"": 146, ""rgb"": [179, 179, 179]}, {""label"": ""검색"", ""x0"": 174, ""y0"": 354, ""x1"": 324, ""y1"": 408, ""rgb"": [179, 179, 179]}, {""label"": ""저장"", ""x0"": 664, ""y0"": 205, ""x1"": 814, ""y1"": 259, ""rgb"": [179, 179, 179]}, {""label"": ""홈"", ""x0"": 396, ""y0"": 296, ""x1"": 546, ""y1"": 350, ""rgb"": [179, 179, 179]}, {""label"": ""도움말"", ""x0"": 462, ""y0"": 29, ""x1"": 612, ""y1"": 83, ""rgb"": [179, 179, 179]}, {""label"": ""삭제"", ""x0"": 112, ""y0"": 434, ""x1"": 262, ""y1"": 488, ""rgb"": [179, 179, 179]}]"
d3_L10_h290_N.png,10,0,290,181,로그인,654,334,579,307,729,361,"165,174,248",#a5aef8,0.4505,72.92,40.21,"179,179,179","70,70,70",4.499,8.781,510,7020,"[{""label"": ""로그인"", ""x0"": 579, ""y0"": 307, ""x1"": 729, ""y1"": 361, ""rgb"": [165, 174, 248]}, {""label"": ""취소"", ""x0"": 444, ""y0"": 432, ""x1"": 594, ""y1"": 486, ""rgb"": [179, 179, 179]}, {""label"": ""설정"", ""x0"": 124, ""y0"": 92, ""x1"": 274, ""y1"": 146, ""rgb"": [179, 179, 179]}, {""label"": ""검색"", ""x0"": 174, ""y0"": 354, ""x1"": 324, ""y1"": 408, ""rgb"": [179, 179, 179]}, {""label"": ""저장"", ""x0"": 664, ""y0"": 205, ""x1"": 814, ""y1"": 259, ""rgb"": [179, 179, 179]}, {""label"": ""홈"", ""x0"": 396, ""y0"": 296, ""x1"": 546, ""y1"": 350, ""rgb"": [179, 179, 179]}, {""label"": ""도움말"", ""x0"": 462, ""y0"": 29, ""x1"": 612, ""y1"": 83, ""rgb"": [179, 179, 179]}, {""label"": ""삭제"", ""x0"": 112, ""y0"": 434, ""x1"": 262, ""y1"": 488, ""rgb"": [179, 179, 179]}]"
d3_L10_h110_N.png,10,0,110,182,로그인,654,334,579,307,729,361,"178,184,109",#b2b86d,0.4485,72.79,39.73,"179,179,179","70,70,70",4.481,8.746,510,7020,"[{""label"": ""로그인"", ""x0"": 579, ""y0"": 307, ""x1"": 729, ""y1"": 361, ""rgb"": [178, 184, 109]}, {""label"": ""취소"", ""x0"": 444, ""y0"": 432, ""x1"": 594, ""y1"": 486, ""rgb"": [179, 179, 179]}, {""label"": ""설정"", ""x0"": 124, ""y0"": 92, ""x1"": 274, ""y1"": 146, ""rgb"": [179, 179, 179]}, {""label"": ""검색"", ""x0"": 174, ""y0"": 354, ""x1"": 324, ""y1"": 408, ""rgb"": [179, 179, 179]}, {""label"": ""저장"", ""x0"": 664, ""y0"": 205, ""x1"": 814, ""y1"": 259, ""rgb"": [179, 179, 179]}, {""label"": ""홈"", ""x0"": 396, ""y0"": 296, ""x1"": 546, ""y1"": 350, ""rgb"": [179, 179, 179]}, {""label"": ""도움말"", ""x0"": 462, ""y0"": 29, ""x1"": 612, ""y1"": 83, ""rgb"": [179, 179, 179]}, {""label"": ""삭제"", ""x0"": 112, ""y0"": 434, ""x1"": 262, ""y1"": 488, ""rgb"": [179, 179, 179]}]"
d3_L10_h245_N.png,10,0,245,183,로그인,654,334,579,307,729,361,"67,191,244",#43bff4,0.4498,72.88,39.9,"179,179,179","70,70,70",4.493,8.77,510,7020,"[{""label"": ""로그인"", ""x0"": 579, ""y0"": 307, ""x1"": 729, ""y1"": 361, ""rgb"": [67, 191, 244]}, {""label"": ""취소"", ""x0"": 444, ""y0"": 432, ""x1"": 594, ""y1"": 486, ""rgb"": [179, 179, 179]}, {""label"": ""설정"", ""x0"": 124, ""y0"": 92, ""x1"": 274, ""y1"": 146, ""rgb"": [179, 179, 179]}, {""label"": ""검색"", ""x0"": 174, ""y0"": 354, ""x1"": 324, ""y1"": 408, ""rgb"": [179, 179, 179]}, {""label"": ""저장"", ""x0"": 664, ""y0"": 205, ""x1"": 814, ""y1"": 259, ""rgb"": [179, 179, 179]}, {""label"": ""홈"", ""x0"": 396, ""y0"": 296, ""x1"": 546, ""y1"": 350, ""rgb"": [179, 179, 179]}, {""label"": ""도움말"", ""x0"": 462, ""y0"": 29, ""x1"": 612, ""y1"": 83, ""rgb"": [179, 179, 179]}, {""label"": ""삭제"", ""x0"": 112, ""y0"": 434, ""x1"": 262, ""y1"": 488, ""rgb"": [179, 179, 179]}]"
d3_L10_h335_N.png,10,0,335,184,로그인,654,334,579,307,729,361,"230,155,211",#e69bd3,0.4497,72.87,40.22,"179,179,179","70,70,70",4.492,8.767,510,7020,"[{""label"": ""로그인"", ""x0"": 579, ""y0"": 307, ""x1"": 729, ""y1"": 361, ""rgb"": [230, 155, 211]}, {""label"": ""취소"", ""x0"": 444, ""y0"": 432, ""x1"": 594, ""y1"": 486, ""rgb"": [179, 179, 179]}, {""label"": ""설정"", ""x0"": 124, ""y0"": 92, ""x1"": 274, ""y1"": 146, ""rgb"": [179, 179, 179]}, {""label"": ""검색"", ""x0"": 174, ""y0"": 354, ""x1"": 324, ""y1"": 408, ""rgb"": [179, 179, 179]}, {""label"": ""저장"", ""x0"": 664, ""y0"": 205, ""x1"": 814, ""y1"": 259, ""rgb"": [179, 179, 179]}, {""label"": ""홈"", ""x0"": 396, ""y0"": 296, ""x1"": 546, ""y1"": 350, ""rgb"": [179, 179, 179]}, {""label"": ""도움말"", ""x0"": 462, ""y0"": 29, ""x1"": 612, ""y1"": 83, ""rgb"": [179, 179, 179]}, {""label"": ""삭제"", ""x0"": 112, ""y0"": 434, ""x1"": 262, ""y1"": 488, ""rgb"": [179, 179, 179]}]"
d3_L10_h155_N.png,10,0,155,185,로그인,654,334,579,307,729,361,"113,196,147",#71c493,0.451,72.95,39.99,"179,179,179","70,70,70",4.503,8.789,510,7020,"[{""label"": ""로그인"", ""x0"": 579, ""y0"": 307, ""x1"": 729, ""y1"": 361, ""rgb"": [113, 196, 147]}, {""label"": ""취소"", ""x0"": 444, ""y0"": 432, ""x1"": 594, ""y1"": 486, ""rgb"": [179, 179, 179]}, {""label"": ""설정"", ""x0"": 124, ""y0"": 92, ""x1"": 274, ""y1"": 146, ""rgb"": [179, 179, 179]}, {""label"": ""검색"", ""x0"": 174, ""y0"": 354, ""x1"": 324, ""y1"": 408, ""rgb"": [179, 179, 179]}, {""label"": ""저장"", ""x0"": 664, ""y0"": 205, ""x1"": 814, ""y1"": 259, ""rgb"": [179, 179, 179]}, {""label"": ""홈"", ""x0"": 396, ""y0"": 296, ""x1"": 546, ""y1"": 350, ""rgb"": [179, 179, 179]}, {""label"": ""도움말"", ""x0"": 462, ""y0"": 29, ""x1"": 612, ""y1"": 83, ""rgb"": [179, 179, 179]}, {""label"": ""삭제"", ""x0"": 112, ""y0"": 434, ""x1"": 262, ""y1"": 488, ""rgb"": [179, 179, 179]}]"
d3_L10_gray_N.png,10,0,gray,186,로그인,654,334,579,307,729,361,"179,179,179",#b3b3b3,0.4508,72.94,0.0,"179,179,179","70,70,70",4.502,8.786,510,7020,"[{""label"": ""로그인"", ""x0"": 579, ""y0"": 307, ""x1"": 729, ""y1"": 361, ""rgb"": [179, 179, 179]}, {""label"": ""취소"", ""x0"": 444, ""y0"": 432, ""x1"": 594, ""y1"": 486, ""rgb"": [179, 179, 179]}, {""label"": ""설정"", ""x0"": 124, ""y0"": 92, ""x1"": 274, ""y1"": 146, ""rgb"": [179, 179, 179]}, {""label"": ""검색"", ""x0"": 174, ""y0"": 354, ""x1"": 324, ""y1"": 408, ""rgb"": [179, 179, 179]}, {""label"": ""저장"", ""x0"": 664, ""y0"": 205, ""x1"": 814, ""y1"": 259, ""rgb"": [179, 179, 179]}, {""label"": ""홈"", ""x0"": 396, ""y0"": 296, ""x1"": 546, ""y1"": 350, ""rgb"": [179, 179, 179]}, {""label"": ""도움말"", ""x0"": 462, ""y0"": 29, ""x1"": 612, ""y1"": 83, ""rgb"": [179, 179, 179]}, {""label"": ""삭제"", ""x0"": 112, ""y0"": 434, ""x1"": 262, ""y1"": 488, ""rgb"": [179, 179, 179]}]"
d3_L10_h20_N.png,10,0,20,187,로그인,654,334,579,307,729,361,"250,151,156",#fa979c,0.4486,72.8,39.94,"179,179,179","70,70,70",4.482,8.748,510,7020,"[{""label"": ""로그인"", ""x0"": 579, ""y0"": 307, ""x1"": 729, ""y1"": 361, ""rgb"": [250, 151, 156]}, {""label"": ""취소"", ""x0"": 444, ""y0"": 432, ""x1"": 594, ""y1"": 486, ""rgb"": [179, 179, 179]}, {""label"": ""설정"", ""x0"": 124, ""y0"": 92, ""x1"": 274, ""y1"": 146, ""rgb"": [179, 179, 179]}, {""label"": ""검색"", ""x0"": 174, ""y0"": 354, ""x1"": 324, ""y1"": 408, ""rgb"": [179, 179, 179]}, {""label"": ""저장"", ""x0"": 664, ""y0"": 205, ""x1"": 814, ""y1"": 259, ""rgb"": [179, 179, 179]}, {""label"": ""홈"", ""x0"": 396, ""y0"": 296, ""x1"": 546, ""y1"": 350, ""rgb"": [179, 179, 179]}, {""label"": ""도움말"", ""x0"": 462, ""y0"": 29, ""x1"": 612, ""y1"": 83, ""rgb"": [179, 179, 179]}, {""label"": ""삭제"", ""x0"": 112, ""y0"": 434, ""x1"": 262, ""y1"": 488, ""rgb"": [179, 179, 179]}]"
d3_L10_h65_N.png,10,0,65,188,로그인,654,334,579,307,729,361,"228,166,113",#e4a671,0.4496,72.87,40.03,"179,179,179","70,70,70",4.491,8.766,510,7020,"[{""label"": ""로그인"", ""x0"": 579, ""y0"": 307, ""x1"": 729, ""y1"": 361, ""rgb"": [228, 166, 113]}, {""label"": ""취소"", ""x0"": 444, ""y0"": 432, ""x1"": 594, ""y1"": 486, ""rgb"": [179, 179, 179]}, {""label"": ""설정"", ""x0"": 124, ""y0"": 92, ""x1"": 274, ""y1"": 146, ""rgb"": [179, 179, 179]}, {""label"": ""검색"", ""x0"": 174, ""y0"": 354, ""x1"": 324, ""y1"": 408, ""rgb"": [179, 179, 179]}, {""label"": ""저장"", ""x0"": 664, ""y0"": 205, ""x1"": 814, ""y1"": 259, ""rgb"": [179, 179, 179]}, {""label"": ""홈"", ""x0"": 396, ""y0"": 296, ""x1"": 546, ""y1"": 350, ""rgb"": [179, 179, 179]}, {""label"": ""도움말"", ""x0"": 462, ""y0"": 29, ""x1"": 612, ""y1"": 83, ""rgb"": [179, 179, 179]}, {""label"": ""삭제"", ""x0"": 112, ""y0"": 434, ""x1"": 262, ""y1"": 488, ""rgb"": [179, 179, 179]}]"
d3_L10_h65_M.png,10,1,65,189,로그인,226,334,151,307,301,361,"228,166,113",#e4a671,0.4496,72.87,40.03,"179,179,179","70,70,70",4.491,8.766,510,7021,"[{""label"": ""로그인"", ""x0"": 151, ""y0"": 307, ""x1"": 301, ""y1"": 361, ""rgb"": [228, 166, 113]}, {""label"": ""취소"", ""x0"": 286, ""y0"": 432, ""x1"": 436, ""y1"": 486, ""rgb"": [179, 179, 179]}, {""label"": ""설정"", ""x0"": 606, ""y0"": 92, ""x1"": 756, ""y1"": 146, ""rgb"": [179, 179, 179]}, {""label"": ""검색"", ""x0"": 556, ""y0"": 354, ""x1"": 706, ""y1"": 408, ""rgb"": [179, 179, 179]}, {""label"": ""저장"", ""x0"": 66, ""y0"": 205, ""x1"": 216, ""y1"": 259, ""rgb"": [179, 179, 179]}, {""label"": ""홈"", ""x0"": 334, ""y0"": 296, ""x1"": 484, ""y1"": 350, ""rgb"": [179, 179, 179]}, {""label"": ""도움말"", ""x0"": 268, ""y0"": 29, ""x1"": 418, ""y1"": 83, ""rgb"": [179, 179, 179]}, {""label"": ""삭제"", ""x0"": 618, ""y0"": 434, ""x1"": 768, ""y1"": 488, ""rgb"": [179, 179, 179]}]"
d3_L10_h155_M.png,10,1,155,190,로그인,226,334,151,307,301,361,"113,196,147",#71c493,0.451,72.95,39.99,"179,179,179","70,70,70",4.503,8.789,510,7021,"[{""label"": ""로그인"", ""x0"": 151, ""y0"": 307, ""x1"": 301, ""y1"": 361, ""rgb"": [113, 196, 147]}, {""label"": ""취소"", ""x0"": 286, ""y0"": 432, ""x1"": 436, ""y1"": 486, ""rgb"": [179, 179, 179]}, {""label"": ""설정"", ""x0"": 606, ""y0"": 92, ""x1"": 756, ""y1"": 146, ""rgb"": [179, 179, 179]}, {""label"": ""검색"", ""x0"": 556, ""y0"": 354, ""x1"": 706, ""y1"": 408, ""rgb"": [179, 179, 179]}, {""label"": ""저장"", ""x0"": 66, ""y0"": 205, ""x1"": 216, ""y1"": 259, ""rgb"": [179, 179, 179]}, {""label"": ""홈"", ""x0"": 334, ""y0"": 296, ""x1"": 484, ""y1"": 350, ""rgb"": [179, 179, 179]}, {""label"": ""도움말"", ""x0"": 268, ""y0"": 29, ""x1"": 418, ""y1"": 83, ""rgb"": [179, 179, 179]}, {""label"": ""삭제"", ""x0"": 618, ""y0"": 434, ""x1"": 768, ""y1"": 488, ""rgb"": [179, 179, 179]}]"
d3_L10_gray_M.png,10,1,gray,191,로그인,226,334,151,307,301,361,"179,179,179",#b3b3b3,0.4508,72.94,0.0,"179,179,179","70,70,70",4.502,8.786,510,7021,"[{""label"": ""로그인"", ""x0"": 151, ""y0"": 307, ""x1"": 301, ""y1"": 361, ""rgb"": [179, 179, 179]}, {""label"": ""취소"", ""x0"": 286, ""y0"": 432, ""x1"": 436, ""y1"": 486, ""rgb"": [179, 179, 179]}, {""label"": ""설정"", ""x0"": 606, ""y0"": 92, ""x1"": 756, ""y1"": 146, ""rgb"": [179, 179, 179]}, {""label"": ""검색"", ""x0"": 556, ""y0"": 354, ""x1"": 706, ""y1"": 408, ""rgb"": [179, 179, 179]}, {""label"": ""저장"", ""x0"": 66, ""y0"": 205, ""x1"": 216, ""y1"": 259, ""rgb"": [179, 179, 179]}, {""label"": ""홈"", ""x0"": 334, ""y0"": 296, ""x1"": 484, ""y1"": 350, ""rgb"": [179, 179, 179]}, {""label"": ""도움말"", ""x0"": 268, ""y0"": 29, ""x1"": 418, ""y1"": 83, ""rgb"": [179, 179, 179]}, {""label"": ""삭제"", ""x0"": 618, ""y0"": 434, ""x1"": 768, ""y1"": 488, ""rgb"": [179, 179, 179]}]"
d3_L10_h110_M.png,10,1,110,192,로그인,226,334,151,307,301,361,"178,184,109",#b2b86d,0.4485,72.79,39.73,"179,179,179","70,70,70",4.481,8.746,510,7021,"[{""label"": ""로그인"", ""x0"": 151, ""y0"": 307, ""x1"": 301, ""y1"": 361, ""rgb"": [178, 184, 109]}, {""label"": ""취소"", ""x0"": 286, ""y0"": 432, ""x1"": 436, ""y1"": 486, ""rgb"": [179, 179, 179]}, {""label"": ""설정"", ""x0"": 606, ""y0"": 92, ""x1"": 756, ""y1"": 146, ""rgb"": [179, 179, 179]}, {""label"": ""검색"", ""x0"": 556, ""y0"": 354, ""x1"": 706, ""y1"": 408, ""rgb"": [179, 179, 179]}, {""label"": ""저장"", ""x0"": 66, ""y0"": 205, ""x1"": 216, ""y1"": 259, ""rgb"": [179, 179, 179]}, {""label"": ""홈"", ""x0"": 334, ""y0"": 296, ""x1"": 484, ""y1"": 350, ""rgb"": [179, 179, 179]}, {""label"": ""도움말"", ""x0"": 268, ""y0"": 29, ""x1"": 418, ""y1"": 83, ""rgb"": [179, 179, 179]}, {""label"": ""삭제"", ""x0"": 618, ""y0"": 434, ""x1"": 768, ""y1"": 488, ""rgb"": [179, 179, 179]}]"
d3_L10_h290_M.png,10,1,290,193,로그인,226,334,151,307,301,361,"165,174,248",#a5aef8,0.4505,72.92,40.21,"179,179,179","70,70,70",4.499,8.781,510,7021,"[{""label"": ""로그인"", ""x0"": 151, ""y0"": 307, ""x1"": 301, ""y1"": 361, ""rgb"": [165, 174, 248]}, {""label"": ""취소"", ""x0"": 286, ""y0"": 432, ""x1"": 436, ""y1"": 486, ""rgb"": [179, 179, 179]}, {""label"": ""설정"", ""x0"": 606, ""y0"": 92, ""x1"": 756, ""y1"": 146, ""rgb"": [179, 179, 179]}, {""label"": ""검색"", ""x0"": 556, ""y0"": 354, ""x1"": 706, ""y1"": 408, ""rgb"": [179, 179, 179]}, {""label"": ""저장"", ""x0"": 66, ""y0"": 205, ""x1"": 216, ""y1"": 259, ""rgb"": [179, 179, 179]}, {""label"": ""홈"", ""x0"": 334, ""y0"": 296, ""x1"": 484, ""y1"": 350, ""rgb"": [179, 179, 179]}, {""label"": ""도움말"", ""x0"": 268, ""y0"": 29, ""x1"": 418, ""y1"": 83, ""rgb"": [179, 179, 179]}, {""label"": ""삭제"", ""x0"": 618, ""y0"": 434, ""x1"": 768, ""y1"": 488, ""rgb"": [179, 179, 179]}]"
d3_L10_h20_M.png,10,1,20,194,로그인,226,334,151,307,301,361,"250,151,156",#fa979c,0.4486,72.8,39.94,"179,179,179","70,70,70",4.482,8.748,510,7021,"[{""label"": ""로그인"", ""x0"": 151, ""y0"": 307, ""x1"": 301, ""y1"": 361, ""rgb"": [250, 151, 156]}, {""label"": ""취소"", ""x0"": 286, ""y0"": 432, ""x1"": 436, ""y1"": 486, ""rgb"": [179, 179, 179]}, {""label"": ""설정"", ""x0"": 606, ""y0"": 92, ""x1"": 756, ""y1"": 146, ""rgb"": [179, 179, 179]}, {""label"": ""검색"", ""x0"": 556, ""y0"": 354, ""x1"": 706, ""y1"": 408, ""rgb"": [179, 179, 179]}, {""label"": ""저장"", ""x0"": 66, ""y0"": 205, ""x1"": 216, ""y1"": 259, ""rgb"": [179, 179, 179]}, {""label"": ""홈"", ""x0"": 334, ""y0"": 296, ""x1"": 484, ""y1"": 350, ""rgb"": [179, 179, 179]}, {""label"": ""도움말"", ""x0"": 268, ""y0"": 29, ""x1"": 418, ""y1"": 83, ""rgb"": [179, 179, 179]}, {""label"": ""삭제"", ""x0"": 618, ""y0"": 434, ""x1"": 768, ""y1"": 488, ""rgb"": [179, 179, 179]}]"
d3_L10_h200_M.png,10,1,200,195,로그인,226,334,151,307,301,361,"24,198,203",#18c6cb,0.4489,72.82,39.91,"179,179,179","70,70,70",4.485,8.754,510,7021,"[{""label"": ""로그인"", ""x0"": 151, ""y0"": 307, ""x1"": 301, ""y1"": 361, ""rgb"": [24, 198, 203]}, {""label"": ""취소"", ""x0"": 286, ""y0"": 432, ""x1"": 436, ""y1"": 486, ""rgb"": [179, 179, 179]}, {""label"": ""설정"", ""x0"": 606, ""y0"": 92, ""x1"": 756, ""y1"": 146, ""rgb"": [179, 179, 179]}, {""label"": ""검색"", ""x0"": 556, ""y0"": 354, ""x1"": 706, ""y1"": 408, ""rgb"": [179, 179, 179]}, {""label"": ""저장"", ""x0"": 66, ""y0"": 205, ""x1"": 216, ""y1"": 259, ""rgb"": [179, 179, 179]}, {""label"": ""홈"", ""x0"": 334, ""y0"": 296, ""x1"": 484, ""y1"": 350, ""rgb"": [179, 179, 179]}, {""label"": ""도움말"", ""x0"": 268, ""y0"": 29, ""x1"": 418, ""y1"": 83, ""rgb"": [179, 179, 179]}, {""label"": ""삭제"", ""x0"": 618, ""y0"": 434, ""x1"": 768, ""y1"": 488, ""rgb"": [179, 179, 179]}]"
d3_L10_h245_M.png,10,1,245,196,로그인,226,334,151,307,301,361,"67,191,244",#43bff4,0.4498,72.88,39.9,"179,179,179","70,70,70",4.493,8.77,510,7021,"[{""label"": ""로그인"", ""x0"": 151, ""y0"": 307, ""x1"": 301, ""y1"": 361, ""rgb"": [67, 191, 244]}, {""label"": ""취소"", ""x0"": 286, ""y0"": 432, ""x1"": 436, ""y1"": 486, ""rgb"": [179, 179, 179]}, {""label"": ""설정"", ""x0"": 606, ""y0"": 92, ""x1"": 756, ""y1"": 146, ""rgb"": [179, 179, 179]}, {""label"": ""검색"", ""x0"": 556, ""y0"": 354, ""x1"": 706, ""y1"": 408, ""rgb"": [179, 179, 179]}, {""label"": ""저장"", ""x0"": 66, ""y0"": 205, ""x1"": 216, ""y1"": 259, ""rgb"": [179, 179, 179]}, {""label"": ""홈"", ""x0"": 334, ""y0"": 296, ""x1"": 484, ""y1"": 350, ""rgb"": [179, 179, 179]}, {""label"": ""도움말"", ""x0"": 268, ""y0"": 29, ""x1"": 418, ""y1"": 83, ""rgb"": [179, 179, 179]}, {""label"": ""삭제"", ""x0"": 618, ""y0"": 434, ""x1"": 768, ""y1"": 488, ""rgb"": [179, 179, 179]}]"
d3_L10_h335_M.png,10,1,335,197,로그인,226,334,151,307,301,361,"230,155,211",#e69bd3,0.4497,72.87,40.22,"179,179,179","70,70,70",4.492,8.767,510,7021,"[{""label"": ""로그인"", ""x0"": 151, ""y0"": 307, ""x1"": 301, ""y1"": 361, ""rgb"": [230, 155, 211]}, {""label"": ""취소"", ""x0"": 286, ""y0"": 432, ""x1"": 436, ""y1"": 486, ""rgb"": [179, 179, 179]}, {""label"": ""설정"", ""x0"": 606, ""y0"": 92, ""x1"": 756, ""y1"": 146, ""rgb"": [179, 179, 179]}, {""label"": ""검색"", ""x0"": 556, ""y0"": 354, ""x1"": 706, ""y1"": 408, ""rgb"": [179, 179, 179]}, {""label"": ""저장"", ""x0"": 66, ""y0"": 205, ""x1"": 216, ""y1"": 259, ""rgb"": [179, 179, 179]}, {""label"": ""홈"", ""x0"": 334, ""y0"": 296, ""x1"": 484, ""y1"": 350, ""rgb"": [179, 179, 179]}, {""label"": ""도움말"", ""x0"": 268, ""y0"": 29, ""x1"": 418, ""y1"": 83, ""rgb"": [179, 179, 179]}, {""label"": ""삭제"", ""x0"": 618, ""y0"": 434, ""x1"": 768, ""y1"": 488, ""rgb"": [179, 179, 179]}]"
d3_L11_h110_N.png,11,0,110,198,로그인,201,506,126,479,276,533,"178,184,109",#b2b86d,0.4485,72.79,39.73,"179,179,179","70,70,70",4.481,8.746,511,7022,"[{""label"": ""로그인"", ""x0"": 126, ""y0"": 479, ""x1"": 276, ""y1"": 533, ""rgb"": [178, 184, 109]}, {""label"": ""취소"", ""x0"": 139, ""y0"": 162, ""x1"": 289, ""y1"": 216, ""rgb"": [179, 179, 179]}, {""label"": ""설정"", ""x0"": 231, ""y0"": 296, ""x1"": 381, ""y1"": 350, ""rgb"": [179, 179, 179]}, {""label"": ""검색"", ""x0"": 610, ""y0"": 156, ""x1"": 760, ""y1"": 210, ""rgb"": [179, 179, 179]}, {""label"": ""저장"", ""x0"": 148, ""y0"": 43, ""x1"": 298, ""y1"": 97, ""rgb"": [179, 179, 179]}, {""label"": ""홈"", ""x0"": 327, ""y0"": 98, ""x1"": 477, ""y1"": 152, ""rgb"": [179, 179, 179]}, {""label"": ""도움말"", ""x0"": 692, ""y0"": 437, ""x1"": 842, ""y1"": 491, ""rgb"": [179, 179, 179]}, {""label"": ""삭제"", ""x0"": 484, ""y0"": 377, ""x1"": 634, ""y1"": 431, ""rgb"": [179, 179, 179]}]"
d3_L11_h155_N.png,11,0,155,199,로그인,201,506,126,479,276,533,"113,196,147",#71c493,0.451,72.95,39.99,"179,179,179","70,70,70",4.503,8.789,511,7022,"[{""label"": ""로그인"", ""x0"": 126, ""y0"": 479, ""x1"": 276, ""y1"": 533, ""rgb"": [113, 196, 147]}, {""label"": ""취소"", ""x0"": 139, ""y0"": 162, ""x1"": 289, ""y1"": 216, ""rgb"": [179, 179, 179]}, {""label"": ""설정"", ""x0"": 231, ""y0"": 296, ""x1"": 381, ""y1"": 350, ""rgb"": [179, 179, 179]}, {""label"": ""검색"", ""x0"": 610, ""y0"": 156, ""x1"": 760, ""y1"": 210, ""rgb"": [179, 179, 179]}, {""label"": ""저장"", ""x0"": 148, ""y0"": 43, ""x1"": 298, ""y1"": 97, ""rgb"": [179, 179, 179]}, {""label"": ""홈"", ""x0"": 327, ""y0"": 98, ""x1"": 477, ""y1"": 152, ""rgb"": [179, 179, 179]}, {""label"": ""도움말"", ""x0"": 692, ""y0"": 437, ""x1"": 842, ""y1"": 491, ""rgb"": [179, 179, 179]}, {""label"": ""삭제"", ""x0"": 484, ""y0"": 377, ""x1"": 634, ""y1"": 431, ""rgb"": [179, 179, 179]}]"
d3_L11_h65_N.png,11,0,65,200,로그인,201,506,126,479,276,533,"228,166,113",#e4a671,0.4496,72.87,40.03,"179,179,179","70,70,70",4.491,8.766,511,7022,"[{""label"": ""로그인"", ""x0"": 126, ""y0"": 479, ""x1"": 276, ""y1"": 533, ""rgb"": [228, 166, 113]}, {""label"": ""취소"", ""x0"": 139, ""y0"": 162, ""x1"": 289, ""y1"": 216, ""rgb"": [179, 179, 179]}, {""label"": ""설정"", ""x0"": 231, ""y0"": 296, ""x1"": 381, ""y1"": 350, ""rgb"": [179, 179, 179]}, {""label"": ""검색"", ""x0"": 610, ""y0"": 156, ""x1"": 760, ""y1"": 210, ""rgb"": [179, 179, 179]}, {""label"": ""저장"", ""x0"": 148, ""y0"": 43, ""x1"": 298, ""y1"": 97, ""rgb"": [179, 179, 179]}, {""label"": ""홈"", ""x0"": 327, ""y0"": 98, ""x1"": 477, ""y1"": 152, ""rgb"": [179, 179, 179]}, {""label"": ""도움말"", ""x0"": 692, ""y0"": 437, ""x1"": 842, ""y1"": 491, ""rgb"": [179, 179, 179]}, {""label"": ""삭제"", ""x0"": 484, ""y0"": 377, ""x1"": 634, ""y1"": 431, ""rgb"": [179, 179, 179]}]"
d3_L11_h290_N.png,11,0,290,201,로그인,201,506,126,479,276,533,"165,174,248",#a5aef8,0.4505,72.92,40.21,"179,179,179","70,70,70",4.499,8.781,511,7022,"[{""label"": ""로그인"", ""x0"": 126, ""y0"": 479, ""x1"": 276, ""y1"": 533, ""rgb"": [165, 174, 248]}, {""label"": ""취소"", ""x0"": 139, ""y0"": 162, ""x1"": 289, ""y1"": 216, ""rgb"": [179, 179, 179]}, {""label"": ""설정"", ""x0"": 231, ""y0"": 296, ""x1"": 381, ""y1"": 350, ""rgb"": [179, 179, 179]}, {""label"": ""검색"", ""x0"": 610, ""y0"": 156, ""x1"": 760, ""y1"": 210, ""rgb"": [179, 179, 179]}, {""label"": ""저장"", ""x0"": 148, ""y0"": 43, ""x1"": 298, ""y1"": 97, ""rgb"": [179, 179, 179]}, {""label"": ""홈"", ""x0"": 327, ""y0"": 98, ""x1"": 477, ""y1"": 152, ""rgb"": [179, 179, 179]}, {""label"": ""도움말"", ""x0"": 692, ""y0"": 437, ""x1"": 842, ""y1"": 491, ""rgb"": [179, 179, 179]}, {""label"": ""삭제"", ""x0"": 484, ""y0"": 377, ""x1"": 634, ""y1"": 431, ""rgb"": [179, 179, 179]}]"
d3_L11_gray_N.png,11,0,gray,202,로그인,201,506,126,479,276,533,"179,179,179",#b3b3b3,0.4508,72.94,0.0,"179,179,179","70,70,70",4.502,8.786,511,7022,"[{""label"": ""로그인"", ""x0"": 126, ""y0"": 479, ""x1"": 276, ""y1"": 533, ""rgb"": [179, 179, 179]}, {""label"": ""취소"", ""x0"": 139, ""y0"": 162, ""x1"": 289, ""y1"": 216, ""rgb"": [179, 179, 179]}, {""label"": ""설정"", ""x0"": 231, ""y0"": 296, ""x1"": 381, ""y1"": 350, ""rgb"": [179, 179, 179]}, {""label"": ""검색"", ""x0"": 610, ""y0"": 156, ""x1"": 760, ""y1"": 210, ""rgb"": [179, 179, 179]}, {""label"": ""저장"", ""x0"": 148, ""y0"": 43, ""x1"": 298, ""y1"": 97, ""rgb"": [179, 179, 179]}, {""label"": ""홈"", ""x0"": 327, ""y0"": 98, ""x1"": 477, ""y1"": 152, ""rgb"": [179, 179, 179]}, {""label"": ""도움말"", ""x0"": 692, ""y0"": 437, ""x1"": 842, ""y1"": 491, ""rgb"": [179, 179, 179]}, {""label"": ""삭제"", ""x0"": 484, ""y0"": 377, ""x1"": 634, ""y1"": 431, ""rgb"": [179, 179, 179]}]"
d3_L11_h245_N.png,11,0,245,203,로그인,201,506,126,479,276,533,"67,191,244",#43bff4,0.4498,72.88,39.9,"179,179,179","70,70,70",4.493,8.77,511,7022,"[{""label"": ""로그인"", ""x0"": 126, ""y0"": 479, ""x1"": 276, ""y1"": 533, ""rgb"": [67, 191, 244]}, {""label"": ""취소"", ""x0"": 139, ""y0"": 162, ""x1"": 289, ""y1"": 216, ""rgb"": [179, 179, 179]}, {""label"": ""설정"", ""x0"": 231, ""y0"": 296, ""x1"": 381, ""y1"": 350, ""rgb"": [179, 179, 179]}, {""label"": ""검색"", ""x0"": 610, ""y0"": 156, ""x1"": 760, ""y1"": 210, ""rgb"": [179, 179, 179]}, {""label"": ""저장"", ""x0"": 148, ""y0"": 43, ""x1"": 298, ""y1"": 97, ""rgb"": [179, 179, 179]}, {""label"": ""홈"", ""x0"": 327, ""y0"": 98, ""x1"": 477, ""y1"": 152, ""rgb"": [179, 179, 179]}, {""label"": ""도움말"", ""x0"": 692, ""y0"": 437, ""x1"": 842, ""y1"": 491, ""rgb"": [179, 179, 179]}, {""label"": ""삭제"", ""x0"": 484, ""y0"": 377, ""x1"": 634, ""y1"": 431, ""rgb"": [179, 179, 179]}]"
d3_L11_h335_N.png,11,0,335,204,로그인,201,506,126,479,276,533,"230,155,211",#e69bd3,0.4497,72.87,40.22,"179,179,179","70,70,70",4.492,8.767,511,7022,"[{""label"": ""로그인"", ""x0"": 126, ""y0"": 479, ""x1"": 276, ""y1"": 533, ""rgb"": [230, 155, 211]}, {""label"": ""취소"", ""x0"": 139, ""y0"": 162, ""x1"": 289, ""y1"": 216, ""rgb"": [179, 179, 179]}, {""label"": ""설정"", ""x0"": 231, ""y0"": 296, ""x1"": 381, ""y1"": 350, ""rgb"": [179, 179, 179]}, {""label"": ""검색"", ""x0"": 610, ""y0"": 156, ""x1"": 760, ""y1"": 210, ""rgb"": [179, 179, 179]}, {""label"": ""저장"", ""x0"": 148, ""y0"": 43, ""x1"": 298, ""y1"": 97, ""rgb"": [179, 179, 179]}, {""label"": ""홈"", ""x0"": 327, ""y0"": 98, ""x1"": 477, ""y1"": 152, ""rgb"": [179, 179, 179]}, {""label"": ""도움말"", ""x0"": 692, ""y0"": 437, ""x1"": 842, ""y1"": 491, ""rgb"": [179, 179, 179]}, {""label"": ""삭제"", ""x0"": 484, ""y0"": 377, ""x1"": 634, ""y1"": 431, ""rgb"": [179, 179, 179]}]"
d3_L11_h200_N.png,11,0,200,205,로그인,201,506,126,479,276,533,"24,198,203",#18c6cb,0.4489,72.82,39.91,"179,179,179","70,70,70",4.485,8.754,511,7022,"[{""label"": ""로그인"", ""x0"": 126, ""y0"": 479, ""x1"": 276, ""y1"": 533, ""rgb"": [24, 198, 203]}, {""label"": ""취소"", ""x0"": 139, ""y0"": 162, ""x1"": 289, ""y1"": 216, ""rgb"": [179, 179, 179]}, {""label"": ""설정"", ""x0"": 231, ""y0"": 296, ""x1"": 381, ""y1"": 350, ""rgb"": [179, 179, 179]}, {""label"": ""검색"", ""x0"": 610, ""y0"": 156, ""x1"": 760, ""y1"": 210, ""rgb"": [179, 179, 179]}, {""label"": ""저장"", ""x0"": 148, ""y0"": 43, ""x1"": 298, ""y1"": 97, ""rgb"": [179, 179, 179]}, {""label"": ""홈"", ""x0"": 327, ""y0"": 98, ""x1"": 477, ""y1"": 152, ""rgb"": [179, 179, 179]}, {""label"": ""도움말"", ""x0"": 692, ""y0"": 437, ""x1"": 842, ""y1"": 491, ""rgb"": [179, 179, 179]}, {""label"": ""삭제"", ""x0"": 484, ""y0"": 377, ""x1"": 634, ""y1"": 431, ""rgb"": [179, 179, 179]}]"
d3_L11_h20_N.png,11,0,20,206,로그인,201,506,126,479,276,533,"250,151,156",#fa979c,0.4486,72.8,39.94,"179,179,179","70,70,70",4.482,8.748,511,7022,"[{""label"": ""로그인"", ""x0"": 126, ""y0"": 479, ""x1"": 276, ""y1"": 533, ""rgb"": [250, 151, 156]}, {""label"": ""취소"", ""x0"": 139, ""y0"": 162, ""x1"": 289, ""y1"": 216, ""rgb"": [179, 179, 179]}, {""label"": ""설정"", ""x0"": 231, ""y0"": 296, ""x1"": 381, ""y1"": 350, ""rgb"": [179, 179, 179]}, {""label"": ""검색"", ""x0"": 610, ""y0"": 156, ""x1"": 760, ""y1"": 210, ""rgb"": [179, 179, 179]}, {""label"": ""저장"", ""x0"": 148, ""y0"": 43, ""x1"": 298, ""y1"": 97, ""rgb"": [179, 179, 179]}, {""label"": ""홈"", ""x0"": 327, ""y0"": 98, ""x1"": 477, ""y1"": 152, ""rgb"": [179, 179, 179]}, {""label"": ""도움말"", ""x0"": 692, ""y0"": 437, ""x1"": 842, ""y1"": 491, ""rgb"": [179, 179, 179]}, {""label"": ""삭제"", ""x0"": 484, ""y0"": 377, ""x1"": 634, ""y1"": 431, ""rgb"": [179, 179, 179]}]"
d3_L11_h245_M.png,11,1,245,207,로그인,679,506,604,479,754,533,"67,191,244",#43bff4,0.4498,72.88,39.9,"179,179,179","70,70,70",4.493,8.77,511,7023,"[{""label"": ""로그인"", ""x0"": 604, ""y0"": 479, ""x1"": 754, ""y1"": 533, ""rgb"": [67, 191, 244]}, {""label"": ""취소"", ""x0"": 591, ""y0"": 162, ""x1"": 741, ""y1"": 216, ""rgb"": [179, 179, 179]}, {""label"": ""설정"", ""x0"": 499, ""y0"": 296, ""x1"": 649, ""y1"": 350, ""rgb"": [179, 179, 179]}, {""label"": ""검색"", ""x0"": 120, ""y0"": 156, ""x1"": 270, ""y1"": 210, ""rgb"": [179, 179, 179]}, {""label"": ""저장"", ""x0"": 582, ""y0"": 43, ""x1"": 732, ""y1"": 97, ""rgb"": [179, 179, 179]}, {""label"": ""홈"", ""x0"": 403, ""y0"": 98, ""x1"": 553, ""y1"": 152, ""rgb"": [179, 179, 179]}, {""label"": ""도움말"", ""x0"": 38, ""y0"": 437, ""x1"": 188, ""y1"": 491, ""rgb"": [179, 179, 179]}, {""label"": ""삭제"", ""x0"": 246, ""y0"": 377, ""x1"": 396, ""y1"": 431, ""rgb"": [179, 179, 179]}]"
d3_L11_h110_M.png,11,1,110,208,로그인,679,506,604,479,754,533,"178,184,109",#b2b86d,0.4485,72.79,39.73,"179,179,179","70,70,70",4.481,8.746,511,7023,"[{""label"": ""로그인"", ""x0"": 604, ""y0"": 479, ""x1"": 754, ""y1"": 533, ""rgb"": [178, 184, 109]}, {""label"": ""취소"", ""x0"": 591, ""y0"": 162, ""x1"": 741, ""y1"": 216, ""rgb"": [179, 179, 179]}, {""label"": ""설정"", ""x0"": 499, ""y0"": 296, ""x1"": 649, ""y1"": 350, ""rgb"": [179, 179, 179]}, {""label"": ""검색"", ""x0"": 120, ""y0"": 156, ""x1"": 270, ""y1"": 210, ""rgb"": [179, 179, 179]}, {""label"": ""저장"", ""x0"": 582, ""y0"": 43, ""x1"": 732, ""y1"": 97, ""rgb"": [179, 179, 179]}, {""label"": ""홈"", ""x0"": 403, ""y0"": 98, ""x1"": 553, ""y1"": 152, ""rgb"": [179, 179, 179]}, {""label"": ""도움말"", ""x0"": 38, ""y0"": 437, ""x1"": 188, ""y1"": 491, ""rgb"": [179, 179, 179]}, {""label"": ""삭제"", ""x0"": 246, ""y0"": 377, ""x1"": 396, ""y1"": 431, ""rgb"": [179, 179, 179]}]"
d3_L11_h335_M.png,11,1,335,209,로그인,679,506,604,479,754,533,"230,155,211",#e69bd3,0.4497,72.87,40.22,"179,179,179","70,70,70",4.492,8.767,511,7023,"[{""label"": ""로그인"", ""x0"": 604, ""y0"": 479, ""x1"": 754, ""y1"": 533, ""rgb"": [230, 155, 211]}, {""label"": ""취소"", ""x0"": 591, ""y0"": 162, ""x1"": 741, ""y1"": 216, ""rgb"": [179, 179, 179]}, {""label"": ""설정"", ""x0"": 499, ""y0"": 296, ""x1"": 649, ""y1"": 350, ""rgb"": [179, 179, 179]}, {""label"": ""검색"", ""x0"": 120, ""y0"": 156, ""x1"": 270, ""y1"": 210, ""rgb"": [179, 179, 179]}, {""label"": ""저장"", ""x0"": 582, ""y0"": 43, ""x1"": 732, ""y1"": 97, ""rgb"": [179, 179, 179]}, {""label"": ""홈"", ""x0"": 403, ""y0"": 98, ""x1"": 553, ""y1"": 152, ""rgb"": [179, 179, 179]}, {""label"": ""도움말"", ""x0"": 38, ""y0"": 437, ""x1"": 188, ""y1"": 491, ""rgb"": [179, 179, 179]}, {""label"": ""삭제"", ""x0"": 246, ""y0"": 377, ""x1"": 396, ""y1"": 431, ""rgb"": [179, 179, 179]}]"
d3_L11_h65_M.png,11,1,65,210,로그인,679,506,604,479,754,533,"228,166,113",#e4a671,0.4496,72.87,40.03,"179,179,179","70,70,70",4.491,8.766,511,7023,"[{""label"": ""로그인"", ""x0"": 604, ""y0"": 479, ""x1"": 754, ""y1"": 533, ""rgb"": [228, 166, 113]}, {""label"": ""취소"", ""x0"": 591, ""y0"": 162, ""x1"": 741, ""y1"": 216, ""rgb"": [179, 179, 179]}, {""label"": ""설정"", ""x0"": 499, ""y0"": 296, ""x1"": 649, ""y1"": 350, ""rgb"": [179, 179, 179]}, {""label"": ""검색"", ""x0"": 120, ""y0"": 156, ""x1"": 270, ""y1"": 210, ""rgb"": [179, 179, 179]}, {""label"": ""저장"", ""x0"": 582, ""y0"": 43, ""x1"": 732, ""y1"": 97, ""rgb"": [179, 179, 179]}, {""label"": ""홈"", ""x0"": 403, ""y0"": 98, ""x1"": 553, ""y1"": 152, ""rgb"": [179, 179, 179]}, {""label"": ""도움말"", ""x0"": 38, ""y0"": 437, ""x1"": 188, ""y1"": 491, ""rgb"": [179, 179, 179]}, {""label"": ""삭제"", ""x0"": 246, ""y0"": 377, ""x1"": 396, ""y1"": 431, ""rgb"": [179, 179, 179]}]"
d3_L11_h155_M.png,11,1,155,211,로그인,679,506,604,479,754,533,"113,196,147",#71c493,0.451,72.95,39.99,"179,179,179","70,70,70",4.503,8.789,511,7023,"[{""label"": ""로그인"", ""x0"": 604, ""y0"": 479, ""x1"": 754, ""y1"": 533, ""rgb"": [113, 196, 147]}, {""label"": ""취소"", ""x0"": 591, ""y0"": 162, ""x1"": 741, ""y1"": 216, ""rgb"": [179, 179, 179]}, {""label"": ""설정"", ""x0"": 499, ""y0"": 296, ""x1"": 649, ""y1"": 350, ""rgb"": [179, 179, 179]}, {""label"": ""검색"", ""x0"": 120, ""y0"": 156, ""x1"": 270, ""y1"": 210, ""rgb"": [179, 179, 179]}, {""label"": ""저장"", ""x0"": 582, ""y0"": 43, ""x1"": 732, ""y1"": 97, ""rgb"": [179, 179, 179]}, {""label"": ""홈"", ""x0"": 403, ""y0"": 98, ""x1"": 553, ""y1"": 152, ""rgb"": [179, 179, 179]}, {""label"": ""도움말"", ""x0"": 38, ""y0"": 437, ""x1"": 188, ""y1"": 491, ""rgb"": [179, 179, 179]}, {""label"": ""삭제"", ""x0"": 246, ""y0"": 377, ""x1"": 396, ""y1"": 431, ""rgb"": [179, 179, 179]}]"
d3_L11_h20_M.png,11,1,20,212,로그인,679,506,604,479,754,533,"250,151,156",#fa979c,0.4486,72.8,39.94,"179,179,179","70,70,70",4.482,8.748,511,7023,"[{""label"": ""로그인"", ""x0"": 604, ""y0"": 479, ""x1"": 754, ""y1"": 533, ""rgb"": [250, 151, 156]}, {""label"": ""취소"", ""x0"": 591, ""y0"": 162, ""x1"": 741, ""y1"": 216, ""rgb"": [179, 179, 179]}, {""label"": ""설정"", ""x0"": 499, ""y0"": 296, ""x1"": 649, ""y1"": 350, ""rgb"": [179, 179, 179]}, {""label"": ""검색"", ""x0"": 120, ""y0"": 156, ""x1"": 270, ""y1"": 210, ""rgb"": [179, 179, 179]}, {""label"": ""저장"", ""x0"": 582, ""y0"": 43, ""x1"": 732, ""y1"": 97, ""rgb"": [179, 179, 179]}, {""label"": ""홈"", ""x0"": 403, ""y0"": 98, ""x1"": 553, ""y1"": 152, ""rgb"": [179, 179, 179]}, {""label"": ""도움말"", ""x0"": 38, ""y0"": 437, ""x1"": 188, ""y1"": 491, ""rgb"": [179, 179, 179]}, {""label"": ""삭제"", ""x0"": 246, ""y0"": 377, ""x1"": 396, ""y1"": 431, ""rgb"": [179, 179, 179]}]"
d3_L11_gray_M.png,11,1,gray,213,로그인,679,506,604,479,754,533,"179,179,179",#b3b3b3,0.4508,72.94,0.0,"179,179,179","70,70,70",4.502,8.786,511,7023,"[{""label"": ""로그인"", ""x0"": 604, ""y0"": 479, ""x1"": 754, ""y1"": 533, ""rgb"": [179, 179, 179]}, {""label"": ""취소"", ""x0"": 591, ""y0"": 162, ""x1"": 741, ""y1"": 216, ""rgb"": [179, 179, 179]}, {""label"": ""설정"", ""x0"": 499, ""y0"": 296, ""x1"": 649, ""y1"": 350, ""rgb"": [179, 179, 179]}, {""label"": ""검색"", ""x0"": 120, ""y0"": 156, ""x1"": 270, ""y1"": 210, ""rgb"": [179, 179, 179]}, {""label"": ""저장"", ""x0"": 582, ""y0"": 43, ""x1"": 732, ""y1"": 97, ""rgb"": [179, 179, 179]}, {""label"": ""홈"", ""x0"": 403, ""y0"": 98, ""x1"": 553, ""y1"": 152, ""rgb"": [179, 179, 179]}, {""label"": ""도움말"", ""x0"": 38, ""y0"": 437, ""x1"": 188, ""y1"": 491, ""rgb"": [179, 179, 179]}, {""label"": ""삭제"", ""x0"": 246, ""y0"": 377, ""x1"": 396, ""y1"": 431, ""rgb"": [179, 179, 179]}]"
d3_L11_h290_M.png,11,1,290,214,로그인,679,506,604,479,754,533,"165,174,248",#a5aef8,0.4505,72.92,40.21,"179,179,179","70,70,70",4.499,8.781,511,7023,"[{""label"": ""로그인"", ""x0"": 604, ""y0"": 479, ""x1"": 754, ""y1"": 533, ""rgb"": [165, 174, 248]}, {""label"": ""취소"", ""x0"": 591, ""y0"": 162, ""x1"": 741, ""y1"": 216, ""rgb"": [179, 179, 179]}, {""label"": ""설정"", ""x0"": 499, ""y0"": 296, ""x1"": 649, ""y1"": 350, ""rgb"": [179, 179, 179]}, {""label"": ""검색"", ""x0"": 120, ""y0"": 156, ""x1"": 270, ""y1"": 210, ""rgb"": [179, 179, 179]}, {""label"": ""저장"", ""x0"": 582, ""y0"": 43, ""x1"": 732, ""y1"": 97, ""rgb"": [179, 179, 179]}, {""label"": ""홈"", ""x0"": 403, ""y0"": 98, ""x1"": 553, ""y1"": 152, ""rgb"": [179, 179, 179]}, {""label"": ""도움말"", ""x0"": 38, ""y0"": 437, ""x1"": 188, ""y1"": 491, ""rgb"": [179, 179, 179]}, {""label"": ""삭제"", ""x0"": 246, ""y0"": 377, ""x1"": 396, ""y1"": 431, ""rgb"": [179, 179, 179]}]"
d3_L11_h200_M.png,11,1,200,215,로그인,679,506,604,479,754,533,"24,198,203",#18c6cb,0.4489,72.82,39.91,"179,179,179","70,70,70",4.485,8.754,511,7023,"[{""label"": ""로그인"", ""x0"": 604, ""y0"": 479, ""x1"": 754, ""y1"": 533, ""rgb"": [24, 198, 203]}, {""label"": ""취소"", ""x0"": 591, ""y0"": 162, ""x1"": 741, ""y1"": 216, ""rgb"": [179, 179, 179]}, {""label"": ""설정"", ""x0"": 499, ""y0"": 296, ""x1"": 649, ""y1"": 350, ""rgb"": [179, 179, 179]}, {""label"": ""검색"", ""x0"": 120, ""y0"": 156, ""x1"": 270, ""y1"": 210, ""rgb"": [179, 179, 179]}, {""label"": ""저장"", ""x0"": 582, ""y0"": 43, ""x1"": 732, ""y1"": 97, ""rgb"": [179, 179, 179]}, {""label"": ""홈"", ""x0"": 403, ""y0"": 98, ""x1"": 553, ""y1"": 152, ""rgb"": [179, 179, 179]}, {""label"": ""도움말"", ""x0"": 38, ""y0"": 437, ""x1"": 188, ""y1"": 491, ""rgb"": [179, 179, 179]}, {""label"": ""삭제"", ""x0"": 246, ""y0"": 377, ""x1"": 396, ""y1"": 431, ""rgb"": [179, 179, 179]}]"
d3_L12_h110_N.png,12,0,110,216,로그인,109,491,34,464,184,518,"178,184,109",#b2b86d,0.4485,72.79,39.73,"179,179,179","70,70,70",4.481,8.746,512,7024,"[{""label"": ""로그인"", ""x0"": 34, ""y0"": 464, ""x1"": 184, ""y1"": 518, ""rgb"": [178, 184, 109]}, {""label"": ""취소"", ""x0"": 160, ""y0"": 353, ""x1"": 310, ""y1"": 407, ""rgb"": [179, 179, 179]}, {""label"": ""설정"", ""x0"": 436, ""y0"": 385, ""x1"": 586, ""y1"": 439, ""rgb"": [179, 179, 179]}, {""label"": ""검색"", ""x0"": 653, ""y0"": 430, ""x1"": 803, ""y1"": 484, ""rgb"": [179, 179, 179]}, {""label"": ""저장"", ""x0"": 188, ""y0"": 240, ""x1"": 338, ""y1"": 294, ""rgb"": [179, 179, 179]}, {""label"": ""홈"", ""x0"": 19, ""y0"": 116, ""x1"": 169, ""y1"": 170, ""rgb"": [179, 179, 179]}, {""label"": ""도움말"", ""x0"": 386, ""y0"": 195, ""x1"": 536, ""y1"": 249, ""rgb"": [179, 179, 179]}, {""label"": ""삭제"", ""x0"": 475, ""y0"": 520, ""x1"": 625, ""y1"": 574, ""rgb"": [179, 179, 179]}]"
d3_L12_h335_N.png,12,0,335,217,로그인,109,491,34,464,184,518,"230,155,211",#e69bd3,0.4497,72.87,40.22,"179,179,179","70,70,70",4.492,8.767,512,7024,"[{""label"": ""로그인"", ""x0"": 34, ""y0"": 464, ""x1"": 184, ""y1"": 518, ""rgb"": [230, 155, 211]}, {""label"": ""취소"", ""x0"": 160, ""y0"": 353, ""x1"": 310, ""y1"": 407, ""rgb"": [179, 179, 179]}, {""label"": ""설정"", ""x0"": 436, ""y0"": 385, ""x1"": 586, ""y1"": 439, ""rgb"": [179, 179, 179]}, {""label"": ""검색"", ""x0"": 653, ""y0"": 430, ""x1"": 803, ""y1"": 484, ""rgb"": [179, 179, 179]}, {""label"": ""저장"", ""x0"": 188, ""y0"": 240, ""x1"": 338, ""y1"": 294, ""rgb"": [179, 179, 179]}, {""label"": ""홈"", ""x0"": 19, ""y0"": 116, ""x1"": 169, ""y1"": 170, ""rgb"": [179, 179, 179]}, {""label"": ""도움말"", ""x0"": 386, ""y0"": 195, ""x1"": 536, ""y1"": 249, ""rgb"": [179, 179, 179]}, {""label"": ""삭제"", ""x0"": 475, ""y0"": 520, ""x1"": 625, ""y1"": 574, ""rgb"": [179, 179, 179]}]"
d3_L12_h155_N.png,12,0,155,218,로그인,109,491,34,464,184,518,"113,196,147",#71c493,0.451,72.95,39.99,"179,179,179","70,70,70",4.503,8.789,512,7024,"[{""label"": ""로그인"", ""x0"": 34, ""y0"": 464, ""x1"": 184, ""y1"": 518, ""rgb"": [113, 196, 147]}, {""label"": ""취소"", ""x0"": 160, ""y0"": 353, ""x1"": 310, ""y1"": 407, ""rgb"": [179, 179, 179]}, {""label"": ""설정"", ""x0"": 436, ""y0"": 385, ""x1"": 586, ""y1"": 439, ""rgb"": [179, 179, 179]}, {""label"": ""검색"", ""x0"": 653, ""y0"": 430, ""x1"": 803, ""y1"": 484, ""rgb"": [179, 179, 179]}, {""label"": ""저장"", ""x0"": 188, ""y0"": 240, ""x1"": 338, ""y1"": 294, ""rgb"": [179, 179, 179]}, {""label"": ""홈"", ""x0"": 19, ""y0"": 116, ""x1"": 169, ""y1"": 170, ""rgb"": [179, 179, 179]}, {""label"": ""도움말"", ""x0"": 386, ""y0"": 195, ""x1"": 536, ""y1"": 249, ""rgb"": [179, 179, 179]}, {""label"": ""삭제"", ""x0"": 475, ""y0"": 520, ""x1"": 625, ""y1"": 574, ""rgb"": [179, 179, 179]}]"
d3_L12_h200_N.png,12,0,200,219,로그인,109,491,34,464,184,518,"24,198,203",#18c6cb,0.4489,72.82,39.91,"179,179,179","70,70,70",4.485,8.754,512,7024,"[{""label"": ""로그인"", ""x0"": 34, ""y0"": 464, ""x1"": 184, ""y1"": 518, ""rgb"": [24, 198, 203]}, {""label"": ""취소"", ""x0"": 160, ""y0"": 353, ""x1"": 310, ""y1"": 407, ""rgb"": [179, 179, 179]}, {""label"": ""설정"", ""x0"": 436, ""y0"": 385, ""x1"": 586, ""y1"": 439, ""rgb"": [179, 179, 179]}, {""label"": ""검색"", ""x0"": 653, ""y0"": 430, ""x1"": 803, ""y1"": 484, ""rgb"": [179, 179, 179]}, {""label"": ""저장"", ""x0"": 188, ""y0"": 240, ""x1"": 338, ""y1"": 294, ""rgb"": [179, 179, 179]}, {""label"": ""홈"", ""x0"": 19, ""y0"": 116, ""x1"": 169, ""y1"": 170, ""rgb"": [179, 179, 179]}, {""label"": ""도움말"", ""x0"": 386, ""y0"": 195, ""x1"": 536, ""y1"": 249, ""rgb"": [179, 179, 179]}, {""label"": ""삭제"", ""x0"": 475, ""y0"": 520, ""x1"": 625, ""y1"": 574, ""rgb"": [179, 179, 179]}]"
d3_L12_h20_N.png,12,0,20,220,로그인,109,491,34,464,184,518,"250,151,156",#fa979c,0.4486,72.8,39.94,"179,179,179","70,70,70",4.482,8.748,512,7024,"[{""label"": ""로그인"", ""x0"": 34, ""y0"": 464, ""x1"": 184, ""y1"": 518, ""rgb"": [250, 151, 156]}, {""label"": ""취소"", ""x0"": 160, ""y0"": 353, ""x1"": 310, ""y1"": 407, ""rgb"": [179, 179, 179]}, {""label"": ""설정"", ""x0"": 436, ""y0"": 385, ""x1"": 586, ""y1"": 439, ""rgb"": [179, 179, 179]}, {""label"": ""검색"", ""x0"": 653, ""y0"": 430, ""x1"": 803, ""y1"": 484, ""rgb"": [179, 179, 179]}, {""label"": ""저장"", ""x0"": 188, ""y0"": 240, ""x1"": 338, ""y1"": 294, ""rgb"": [179, 179, 179]}, {""label"": ""홈"", ""x0"": 19, ""y0"": 116, ""x1"": 169, ""y1"": 170, ""rgb"": [179, 179, 179]}, {""label"": ""도움말"", ""x0"": 386, ""y0"": 195, ""x1"": 536, ""y1"": 249, ""rgb"": [179, 179, 179]}, {""label"": ""삭제"", ""x0"": 475, ""y0"": 520, ""x1"": 625, ""y1"": 574, ""rgb"": [179, 179, 179]}]"
d3_L12_h245_N.png,12,0,245,221,로그인,109,491,34,464,184,518,"67,191,244",#43bff4,0.4498,72.88,39.9,"179,179,179","70,70,70",4.493,8.77,512,7024,"[{""label"": ""로그인"", ""x0"": 34, ""y0"": 464, ""x1"": 184, ""y1"": 518, ""rgb"": [67, 191, 244]}, {""label"": ""취소"", ""x0"": 160, ""y0"": 353, ""x1"": 310, ""y1"": 407, ""rgb"": [179, 179, 179]}, {""label"": ""설정"", ""x0"": 436, ""y0"": 385, ""x1"": 586, ""y1"": 439, ""rgb"": [179, 179, 179]}, {""label"": ""검색"", ""x0"": 653, ""y0"": 430, ""x1"": 803, ""y1"": 484, ""rgb"": [179, 179, 179]}, {""label"": ""저장"", ""x0"": 188, ""y0"": 240, ""x1"": 338, ""y1"": 294, ""rgb"": [179, 179, 179]}, {""label"": ""홈"", ""x0"": 19, ""y0"": 116, ""x1"": 169, ""y1"": 170, ""rgb"": [179, 179, 179]}, {""label"": ""도움말"", ""x0"": 386, ""y0"": 195, ""x1"": 536, ""y1"": 249, ""rgb"": [179, 179, 179]}, {""label"": ""삭제"", ""x0"": 475, ""y0"": 520, ""x1"": 625, ""y1"": 574, ""rgb"": [179, 179, 179]}]"
d3_L12_h65_N.png,12,0,65,222,로그인,109,491,34,464,184,518,"228,166,113",#e4a671,0.4496,72.87,40.03,"179,179,179","70,70,70",4.491,8.766,512,7024,"[{""label"": ""로그인"", ""x0"": 34, ""y0"": 464, ""x1"": 184, ""y1"": 518, ""rgb"": [228, 166, 113]}, {""label"": ""취소"", ""x0"": 160, ""y0"": 353, ""x1"": 310, ""y1"": 407, ""rgb"": [179, 179, 179]}, {""label"": ""설정"", ""x0"": 436, ""y0"": 385, ""x1"": 586, ""y1"": 439, ""rgb"": [179, 179, 179]}, {""label"": ""검색"", ""x0"": 653, ""y0"": 430, ""x1"": 803, ""y1"": 484, ""rgb"": [179, 179, 179]}, {""label"": ""저장"", ""x0"": 188, ""y0"": 240, ""x1"": 338, ""y1"": 294, ""rgb"": [179, 179, 179]}, {""label"": ""홈"", ""x0"": 19, ""y0"": 116, ""x1"": 169, ""y1"": 170, ""rgb"": [179, 179, 179]}, {""label"": ""도움말"", ""x0"": 386, ""y0"": 195, ""x1"": 536, ""y1"": 249, ""rgb"": [179, 179, 179]}, {""label"": ""삭제"", ""x0"": 475, ""y0"": 520, ""x1"": 625, ""y1"": 574, ""rgb"": [179, 179, 179]}]"
d3_L12_h290_N.png,12,0,290,223,로그인,109,491,34,464,184,518,"165,174,248",#a5aef8,0.4505,72.92,40.21,"179,179,179","70,70,70",4.499,8.781,512,7024,"[{""label"": ""로그인"", ""x0"": 34, ""y0"": 464, ""x1"": 184, ""y1"": 518, ""rgb"": [165, 174, 248]}, {""label"": ""취소"", ""x0"": 160, ""y0"": 353, ""x1"": 310, ""y1"": 407, ""rgb"": [179, 179, 179]}, {""label"": ""설정"", ""x0"": 436, ""y0"": 385, ""x1"": 586, ""y1"": 439, ""rgb"": [179, 179, 179]}, {""label"": ""검색"", ""x0"": 653, ""y0"": 430, ""x1"": 803, ""y1"": 484, ""rgb"": [179, 179, 179]}, {""label"": ""저장"", ""x0"": 188, ""y0"": 240, ""x1"": 338, ""y1"": 294, ""rgb"": [179, 179, 179]}, {""label"": ""홈"", ""x0"": 19, ""y0"": 116, ""x1"": 169, ""y1"": 170, ""rgb"": [179, 179, 179]}, {""label"": ""도움말"", ""x0"": 386, ""y0"": 195, ""x1"": 536, ""y1"": 249, ""rgb"": [179, 179, 179]}, {""label"": ""삭제"", ""x0"": 475, ""y0"": 520, ""x1"": 625, ""y1"": 574, ""rgb"": [179, 179, 179]}]"
d3_L12_gray_N.png,12,0,gray,224,로그인,109,491,34,464,184,518,"179,179,179",#b3b3b3,0.4508,72.94,0.0,"179,179,179","70,70,70",4.502,8.786,512,7024,"[{""label"": ""로그인"", ""x0"": 34, ""y0"": 464, ""x1"": 184, ""y1"": 518, ""rgb"": [179, 179, 179]}, {""label"": ""취소"", ""x0"": 160, ""y0"": 353, ""x1"": 310, ""y1"": 407, ""rgb"": [179, 179, 179]}, {""label"": ""설정"", ""x0"": 436, ""y0"": 385, ""x1"": 586, ""y1"": 439, ""rgb"": [179, 179, 179]}, {""label"": ""검색"", ""x0"": 653, ""y0"": 430, ""x1"": 803, ""y1"": 484, ""rgb"": [179, 179, 179]}, {""label"": ""저장"", ""x0"": 188, ""y0"": 240, ""x1"": 338, ""y1"": 294, ""rgb"": [179, 179, 179]}, {""label"": ""홈"", ""x0"": 19, ""y0"": 116, ""x1"": 169, ""y1"": 170, ""rgb"": [179, 179, 179]}, {""label"": ""도움말"", ""x0"": 386, ""y0"": 195, ""x1"": 536, ""y1"": 249, ""rgb"": [179, 179, 179]}, {""label"": ""삭제"", ""x0"": 475, ""y0"": 520, ""x1"": 625, ""y1"": 574, ""rgb"": [179, 179, 179]}]"
d3_L12_h65_M.png,12,1,65,225,로그인,771,491,696,464,846,518,"228,166,113",#e4a671,0.4496,72.87,40.03,"179,179,179","70,70,70",4.491,8.766,512,7025,"[{""label"": ""로그인"", ""x0"": 696, ""y0"": 464, ""x1"": 846, ""y1"": 518, ""rgb"": [228, 166, 113]}, {""label"": ""취소"", ""x0"": 570, ""y0"": 353, ""x1"": 720, ""y1"": 407, ""rgb"": [179, 179, 179]}, {""label"": ""설정"", ""x0"": 294, ""y0"": 385, ""x1"": 444, ""y1"": 439, ""rgb"": [179, 179, 179]}, {""label"": ""검색"", ""x0"": 77, ""y0"": 430, ""x1"": 227, ""y1"": 484, ""rgb"": [179, 179, 179]}, {""label"": ""저장"", ""x0"": 542, ""y0"": 240, ""x1"": 692, ""y1"": 294, ""rgb"": [179, 179, 179]}, {""label"": ""홈"", ""x0"": 711, ""y0"": 116, ""x1"": 861, ""y1"": 170, ""rgb"": [179, 179, 179]}, {""label"": ""도움말"", ""x0"": 344, ""y0"": 195, ""x1"": 494, ""y1"": 249, ""rgb"": [179, 179, 179]}, {""label"": ""삭제"", ""x0"": 255, ""y0"": 520, ""x1"": 405, ""y1"": 574, ""rgb"": [179, 179, 179]}]"
d3_L12_h155_M.png,12,1,155,226,로그인,771,491,696,464,846,518,"113,196,147",#71c493,0.451,72.95,39.99,"179,179,179","70,70,70",4.503,8.789,512,7025,"[{""label"": ""로그인"", ""x0"": 696, ""y0"": 464, ""x1"": 846, ""y1"": 518, ""rgb"": [113, 196, 147]}, {""label"": ""취소"", ""x0"": 570, ""y0"": 353, ""x1"": 720, ""y1"": 407, ""rgb"": [179, 179, 179]}, {""label"": ""설정"", ""x0"": 294, ""y0"": 385, ""x1"": 444, ""y1"": 439, ""rgb"": [179, 179, 179]}, {""label"": ""검색"", ""x0"": 77, ""y0"": 430, ""x1"": 227, ""y1"": 484, ""rgb"": [179, 179, 179]}, {""label"": ""저장"", ""x0"": 542, ""y0"": 240, ""x1"": 692, ""y1"": 294, ""rgb"": [179, 179, 179]}, {""label"": ""홈"", ""x0"": 711, ""y0"": 116, ""x1"": 861, ""y1"": 170, ""rgb"": [179, 179, 179]}, {""label"": ""도움말"", ""x0"": 344, ""y0"": 195, ""x1"": 494, ""y1"": 249, ""rgb"": [179, 179, 179]}, {""label"": ""삭제"", ""x0"": 255, ""y0"": 520, ""x1"": 405, ""y1"": 574, ""rgb"": [179, 179, 179]}]"
d3_L12_h200_M.png,12,1,200,227,로그인,771,491,696,464,846,518,"24,198,203",#18c6cb,0.4489,72.82,39.91,"179,179,179","70,70,70",4.485,8.754,512,7025,"[{""label"": ""로그인"", ""x0"": 696, ""y0"": 464, ""x1"": 846, ""y1"": 518, ""rgb"": [24, 198, 203]}, {""label"": ""취소"", ""x0"": 570, ""y0"": 353, ""x1"": 720, ""y1"": 407, ""rgb"": [179, 179, 179]}, {""label"": ""설정"", ""x0"": 294, ""y0"": 385, ""x1"": 444, ""y1"": 439, ""rgb"": [179, 179, 179]}, {""label"": ""검색"", ""x0"": 77, ""y0"": 430, ""x1"": 227, ""y1"": 484, ""rgb"": [179, 179, 179]}, {""label"": ""저장"", ""x0"": 542, ""y0"": 240, ""x1"": 692, ""y1"": 294, ""rgb"": [179, 179, 179]}, {""label"": ""홈"", ""x0"": 711, ""y0"": 116, ""x1"": 861, ""y1"": 170, ""rgb"": [179, 179, 179]}, {""label"": ""도움말"", ""x0"": 344, ""y0"": 195, ""x1"": 494, ""y1"": 249, ""rgb"": [179, 179, 179]}, {""label"": ""삭제"", ""x0"": 255, ""y0"": 520, ""x1"": 405, ""y1"": 574, ""rgb"": [179, 179, 179]}]"
d3_L12_h335_M.png,12,1,335,228,로그인,771,491,696,464,846,518,"230,155,211",#e69bd3,0.4497,72.87,40.22,"179,179,179","70,70,70",4.492,8.767,512,7025,"[{""label"": ""로그인"", ""x0"": 696, ""y0"": 464, ""x1"": 846, ""y1"": 518, ""rgb"": [230, 155, 211]}, {""label"": ""취소"", ""x0"": 570, ""y0"": 353, ""x1"": 720, ""y1"": 407, ""rgb"": [179, 179, 179]}, {""label"": ""설정"", ""x0"": 294, ""y0"": 385, ""x1"": 444, ""y1"": 439, ""rgb"": [179, 179, 179]}, {""label"": ""검색"", ""x0"": 77, ""y0"": 430, ""x1"": 227, ""y1"": 484, ""rgb"": [179, 179, 179]}, {""label"": ""저장"", ""x0"": 542, ""y0"": 240, ""x1"": 692, ""y1"": 294, ""rgb"": [179, 179, 179]}, {""label"": ""홈"", ""x0"": 711, ""y0"": 116, ""x1"": 861, ""y1"": 170, ""rgb"": [179, 179, 179]}, {""label"": ""도움말"", ""x0"": 344, ""y0"": 195, ""x1"": 494, ""y1"": 249, ""rgb"": [179, 179, 179]}, {""label"": ""삭제"", ""x0"": 255, ""y0"": 520, ""x1"": 405, ""y1"": 574, ""rgb"": [179, 179, 179]}]"
d3_L12_h245_M.png,12,1,245,229,로그인,771,491,696,464,846,518,"67,191,244",#43bff4,0.4498,72.88,39.9,"179,179,179","70,70,70",4.493,8.77,512,7025,"[{""label"": ""로그인"", ""x0"": 696, ""y0"": 464, ""x1"": 846, ""y1"": 518, ""rgb"": [67, 191, 244]}, {""label"": ""취소"", ""x0"": 570, ""y0"": 353, ""x1"": 720, ""y1"": 407, ""rgb"": [179, 179, 179]}, {""label"": ""설정"", ""x0"": 294, ""y0"": 385, ""x1"": 444, ""y1"": 439, ""rgb"": [179, 179, 179]}, {""label"": ""검색"", ""x0"": 77, ""y0"": 430, ""x1"": 227, ""y1"": 484, ""rgb"": [179, 179, 179]}, {""label"": ""저장"", ""x0"": 542, ""y0"": 240, ""x1"": 692, ""y1"": 294, ""rgb"": [179, 179, 179]}, {""label"": ""홈"", ""x0"": 711, ""y0"": 116, ""x1"": 861, ""y1"": 170, ""rgb"": [179, 179, 179]}, {""label"": ""도움말"", ""x0"": 344, ""y0"": 195, ""x1"": 494, ""y1"": 249, ""rgb"": [179, 179, 179]}, {""label"": ""삭제"", ""x0"": 255, ""y0"": 520, ""x1"": 405, ""y1"": 574, ""rgb"": [179, 179, 179]}]"
d3_L12_h20_M.png,12,1,20,230,로그인,771,491,696,464,846,518,"250,151,156",#fa979c,0.4486,72.8,39.94,"179,179,179","70,70,70",4.482,8.748,512,7025,"[{""label"": ""로그인"", ""x0"": 696, ""y0"": 464, ""x1"": 846, ""y1"": 518, ""rgb"": [250, 151, 156]}, {""label"": ""취소"", ""x0"": 570, ""y0"": 353, ""x1"": 720, ""y1"": 407, ""rgb"": [179, 179, 179]}, {""label"": ""설정"", ""x0"": 294, ""y0"": 385, ""x1"": 444, ""y1"": 439, ""rgb"": [179, 179, 179]}, {""label"": ""검색"", ""x0"": 77, ""y0"": 430, ""x1"": 227, ""y1"": 484, ""rgb"": [179, 179, 179]}, {""label"": ""저장"", ""x0"": 542, ""y0"": 240, ""x1"": 692, ""y1"": 294, ""rgb"": [179, 179, 179]}, {""label"": ""홈"", ""x0"": 711, ""y0"": 116, ""x1"": 861, ""y1"": 170, ""rgb"": [179, 179, 179]}, {""label"": ""도움말"", ""x0"": 344, ""y0"": 195, ""x1"": 494, ""y1"": 249, ""rgb"": [179, 179, 179]}, {""label"": ""삭제"", ""x0"": 255, ""y0"": 520, ""x1"": 405, ""y1"": 574, ""rgb"": [179, 179, 179]}]"
d3_L12_h290_M.png,12,1,290,231,로그인,771,491,696,464,846,518,"165,174,248",#a5aef8,0.4505,72.92,40.21,"179,179,179","70,70,70",4.499,8.781,512,7025,"[{""label"": ""로그인"", ""x0"": 696, ""y0"": 464, ""x1"": 846, ""y1"": 518, ""rgb"": [165, 174, 248]}, {""label"": ""취소"", ""x0"": 570, ""y0"": 353, ""x1"": 720, ""y1"": 407, ""rgb"": [179, 179, 179]}, {""label"": ""설정"", ""x0"": 294, ""y0"": 385, ""x1"": 444, ""y1"": 439, ""rgb"": [179, 179, 179]}, {""label"": ""검색"", ""x0"": 77, ""y0"": 430, ""x1"": 227, ""y1"": 484, ""rgb"": [179, 179, 179]}, {""label"": ""저장"", ""x0"": 542, ""y0"": 240, ""x1"": 692, ""y1"": 294, ""rgb"": [179, 179, 179]}, {""label"": ""홈"", ""x0"": 711, ""y0"": 116, ""x1"": 861, ""y1"": 170, ""rgb"": [179, 179, 179]}, {""label"": ""도움말"", ""x0"": 344, ""y0"": 195, ""x1"": 494, ""y1"": 249, ""rgb"": [179, 179, 179]}, {""label"": ""삭제"", ""x0"": 255, ""y0"": 520, ""x1"": 405, ""y1"": 574, ""rgb"": [179, 179, 179]}]"
d3_L12_gray_M.png,12,1,gray,232,로그인,771,491,696,464,846,518,"179,179,179",#b3b3b3,0.4508,72.94,0.0,"179,179,179","70,70,70",4.502,8.786,512,7025,"[{""label"": ""로그인"", ""x0"": 696, ""y0"": 464, ""x1"": 846, ""y1"": 518, ""rgb"": [179, 179, 179]}, {""label"": ""취소"", ""x0"": 570, ""y0"": 353, ""x1"": 720, ""y1"": 407, ""rgb"": [179, 179, 179]}, {""label"": ""설정"", ""x0"": 294, ""y0"": 385, ""x1"": 444, ""y1"": 439, ""rgb"": [179, 179, 179]}, {""label"": ""검색"", ""x0"": 77, ""y0"": 430, ""x1"": 227, ""y1"": 484, ""rgb"": [179, 179, 179]}, {""label"": ""저장"", ""x0"": 542, ""y0"": 240, ""x1"": 692, ""y1"": 294, ""rgb"": [179, 179, 179]}, {""label"": ""홈"", ""x0"": 711, ""y0"": 116, ""x1"": 861, ""y1"": 170, ""rgb"": [179, 179, 179]}, {""label"": ""도움말"", ""x0"": 344, ""y0"": 195, ""x1"": 494, ""y1"": 249, ""rgb"": [179, 179, 179]}, {""label"": ""삭제"", ""x0"": 255, ""y0"": 520, ""x1"": 405, ""y1"": 574, ""rgb"": [179, 179, 179]}]"
d3_L12_h110_M.png,12,1,110,233,로그인,771,491,696,464,846,518,"178,184,109",#b2b86d,0.4485,72.79,39.73,"179,179,179","70,70,70",4.481,8.746,512,7025,"[{""label"": ""로그인"", ""x0"": 696, ""y0"": 464, ""x1"": 846, ""y1"": 518, ""rgb"": [178, 184, 109]}, {""label"": ""취소"", ""x0"": 570, ""y0"": 353, ""x1"": 720, ""y1"": 407, ""rgb"": [179, 179, 179]}, {""label"": ""설정"", ""x0"": 294, ""y0"": 385, ""x1"": 444, ""y1"": 439, ""rgb"": [179, 179, 179]}, {""label"": ""검색"", ""x0"": 77, ""y0"": 430, ""x1"": 227, ""y1"": 484, ""rgb"": [179, 179, 179]}, {""label"": ""저장"", ""x0"": 542, ""y0"": 240, ""x1"": 692, ""y1"": 294, ""rgb"": [179, 179, 179]}, {""label"": ""홈"", ""x0"": 711, ""y0"": 116, ""x1"": 861, ""y1"": 170, ""rgb"": [179, 179, 179]}, {""label"": ""도움말"", ""x0"": 344, ""y0"": 195, ""x1"": 494, ""y1"": 249, ""rgb"": [179, 179, 179]}, {""label"": ""삭제"", ""x0"": 255, ""y0"": 520, ""x1"": 405, ""y1"": 574, ""rgb"": [179, 179, 179]}]"
d3_L13_h20_N.png,13,0,20,234,로그인,106,251,31,224,181,278,"250,151,156",#fa979c,0.4486,72.8,39.94,"179,179,179","70,70,70",4.482,8.748,513,7026,"[{""label"": ""로그인"", ""x0"": 31, ""y0"": 224, ""x1"": 181, ""y1"": 278, ""rgb"": [250, 151, 156]}, {""label"": ""취소"", ""x0"": 695, ""y0"": 461, ""x1"": 845, ""y1"": 515, ""rgb"": [179, 179, 179]}, {""label"": ""설정"", ""x0"": 619, ""y0"": 308, ""x1"": 769, ""y1"": 362, ""rgb"": [179, 179, 179]}, {""label"": ""검색"", ""x0"": 344, ""y0"": 437, ""x1"": 494, ""y1"": 491, ""rgb"": [179, 179, 179]}, {""label"": ""저장"", ""x0"": 534, ""y0"": 126, ""x1"": 684, ""y1"": 180, ""rgb"": [179, 179, 179]}, {""label"": ""홈"", ""x0"": 201, ""y0"": 66, ""x1"": 351, ""y1"": 120, ""rgb"": [179, 179, 179]}, {""label"": ""도움말"", ""x0"": 210, ""y0"": 264, ""x1"": 360, ""y1"": 318, ""rgb"": [179, 179, 179]}, {""label"": ""삭제"", ""x0"": 408, ""y0"": 238, ""x1"": 558, ""y1"": 292, ""rgb"": [179, 179, 179]}]"
d3_L13_h155_N.png,13,0,155,235,로그인,106,251,31,224,181,278,"113,196,147",#71c493,0.451,72.95,39.99,"179,179,179","70,70,70",4.503,8.789,513,7026,"[{""label"": ""로그인"", ""x0"": 31, ""y0"": 224, ""x1"": 181, ""y1"": 278, ""rgb"": [113, 196, 147]}, {""label"": ""취소"", ""x0"": 695, ""y0"": 461, ""x1"": 845, ""y1"": 515, ""rgb"": [179, 179, 179]}, {""label"": ""설정"", ""x0"": 619, ""y0"": 308, ""x1"": 769, ""y1"": 362, ""rgb"": [179, 179, 179]}, {""label"": ""검색"", ""x0"": 344, ""y0"": 437, ""x1"": 494, ""y1"": 491, ""rgb"": [179, 179, 179]}, {""label"": ""저장"", ""x0"": 534, ""y0"": 126, ""x1"": 684, ""y1"": 180, ""rgb"": [179, 179, 179]}, {""label"": ""홈"", ""x0"": 201, ""y0"": 66, ""x1"": 351, ""y1"": 120, ""rgb"": [179, 179, 179]}, {""label"": ""도움말"", ""x0"": 210, ""y0"": 264, ""x1"": 360, ""y1"": 318, ""rgb"": [179, 179, 179]}, {""label"": ""삭제"", ""x0"": 408, ""y0"": 238, ""x1"": 558, ""y1"": 292, ""rgb"": [179, 179, 179]}]"
d3_L13_h65_N.png,13,0,65,236,로그인,106,251,31,224,181,278,"228,166,113",#e4a671,0.4496,72.87,40.03,"179,179,179","70,70,70",4.491,8.766,513,7026,"[{""label"": ""로그인"", ""x0"": 31, ""y0"": 224, ""x1"": 181, ""y1"": 278, ""rgb"": [228, 166, 113]}, {""label"": ""취소"", ""x0"": 695, ""y0"": 461, ""x1"": 845, ""y1"": 515, ""rgb"": [179, 179, 179]}, {""label"": ""설정"", ""x0"": 619, ""y0"": 308, ""x1"": 769, ""y1"": 362, ""rgb"": [179, 179, 179]}, {""label"": ""검색"", ""x0"": 344, ""y0"": 437, ""x1"": 494, ""y1"": 491, ""rgb"": [179, 179, 179]}, {""label"": ""저장"", ""x0"": 534, ""y0"": 126, ""x1"": 684, ""y1"": 180, ""rgb"": [179, 179, 179]}, {""label"": ""홈"", ""x0"": 201, ""y0"": 66, ""x1"": 351, ""y1"": 120, ""rgb"": [179, 179, 179]}, {""label"": ""도움말"", ""x0"": 210, ""y0"": 264, ""x1"": 360, ""y1"": 318, ""rgb"": [179, 179, 179]}, {""label"": ""삭제"", ""x0"": 408, ""y0"": 238, ""x1"": 558, ""y1"": 292, ""rgb"": [179, 179, 179]}]"
d3_L13_h200_N.png,13,0,200,237,로그인,106,251,31,224,181,278,"24,198,203",#18c6cb,0.4489,72.82,39.91,"179,179,179","70,70,70",4.485,8.754,513,7026,"[{""label"": ""로그인"", ""x0"": 31, ""y0"": 224, ""x1"": 181, ""y1"": 278, ""rgb"": [24, 198, 203]}, {""label"": ""취소"", ""x0"": 695, ""y0"": 461, ""x1"": 845, ""y1"": 515, ""rgb"": [179, 179, 179]}, {""label"": ""설정"", ""x0"": 619, ""y0"": 308, ""x1"": 769, ""y1"": 362, ""rgb"": [179, 179, 179]}, {""label"": ""검색"", ""x0"": 344, ""y0"": 437, ""x1"": 494, ""y1"": 491, ""rgb"": [179, 179, 179]}, {""label"": ""저장"", ""x0"": 534, ""y0"": 126, ""x1"": 684, ""y1"": 180, ""rgb"": [179, 179, 179]}, {""label"": ""홈"", ""x0"": 201, ""y0"": 66, ""x1"": 351, ""y1"": 120, ""rgb"": [179, 179, 179]}, {""label"": ""도움말"", ""x0"": 210, ""y0"": 264, ""x1"": 360, ""y1"": 318, ""rgb"": [179, 179, 179]}, {""label"": ""삭제"", ""x0"": 408, ""y0"": 238, ""x1"": 558, ""y1"": 292, ""rgb"": [179, 179, 179]}]"
d3_L13_h110_N.png,13,0,110,238,로그인,106,251,31,224,181,278,"178,184,109",#b2b86d,0.4485,72.79,39.73,"179,179,179","70,70,70",4.481,8.746,513,7026,"[{""label"": ""로그인"", ""x0"": 31, ""y0"": 224, ""x1"": 181, ""y1"": 278, ""rgb"": [178, 184, 109]}, {""label"": ""취소"", ""x0"": 695, ""y0"": 461, ""x1"": 845, ""y1"": 515, ""rgb"": [179, 179, 179]}, {""label"": ""설정"", ""x0"": 619, ""y0"": 308, ""x1"": 769, ""y1"": 362, ""rgb"": [179, 179, 179]}, {""label"": ""검색"", ""x0"": 344, ""y0"": 437, ""x1"": 494, ""y1"": 491, ""rgb"": [179, 179, 179]}, {""label"": ""저장"", ""x0"": 534, ""y0"": 126, ""x1"": 684, ""y1"": 180, ""rgb"": [179, 179, 179]}, {""label"": ""홈"", ""x0"": 201, ""y0"": 66, ""x1"": 351, ""y1"": 120, ""rgb"": [179, 179, 179]}, {""label"": ""도움말"", ""x0"": 210, ""y0"": 264, ""x1"": 360, ""y1"": 318, ""rgb"": [179, 179, 179]}, {""label"": ""삭제"", ""x0"": 408, ""y0"": 238, ""x1"": 558, ""y1"": 292, ""rgb"": [179, 179, 179]}]"
d3_L13_h290_N.png,13,0,290,239,로그인,106,251,31,224,181,278,"165,174,248",#a5aef8,0.4505,72.92,40.21,"179,179,179","70,70,70",4.499,8.781,513,7026,"[{""label"": ""로그인"", ""x0"": 31, ""y0"": 224, ""x1"": 181, ""y1"": 278, ""rgb"": [165, 174, 248]}, {""label"": ""취소"", ""x0"": 695, ""y0"": 461, ""x1"": 845, ""y1"": 515, ""rgb"": [179, 179, 179]}, {""label"": ""설정"", ""x0"": 619, ""y0"": 308, ""x1"": 769, ""y1"": 362, ""rgb"": [179, 179, 179]}, {""label"": ""검색"", ""x0"": 344, ""y0"": 437, ""x1"": 494, ""y1"": 491, ""rgb"": [179, 179, 179]}, {""label"": ""저장"", ""x0"": 534, ""y0"": 126, ""x1"": 684, ""y1"": 180, ""rgb"": [179, 179, 179]}, {""label"": ""홈"", ""x0"": 201, ""y0"": 66, ""x1"": 351, ""y1"": 120, ""rgb"": [179, 179, 179]}, {""label"": ""도움말"", ""x0"": 210, ""y0"": 264, ""x1"": 360, ""y1"": 318, ""rgb"": [179, 179, 179]}, {""label"": ""삭제"", ""x0"": 408, ""y0"": 238, ""x1"": 558, ""y1"": 292, ""rgb"": [179, 179, 179]}]"
d3_L13_h335_N.png,13,0,335,240,로그인,106,251,31,224,181,278,"230,155,211",#e69bd3,0.4497,72.87,40.22,"179,179,179","70,70,70",4.492,8.767,513,7026,"[{""label"": ""로그인"", ""x0"": 31, ""y0"": 224, ""x1"": 181, ""y1"": 278, ""rgb"": [230, 155, 211]}, {""label"": ""취소"", ""x0"": 695, ""y0"": 461, ""x1"": 845, ""y1"": 515, ""rgb"": [179, 179, 179]}, {""label"": ""설정"", ""x0"": 619, ""y0"": 308, ""x1"": 769, ""y1"": 362, ""rgb"": [179, 179, 179]}, {""label"": ""검색"", ""x0"": 344, ""y0"": 437, ""x1"": 494, ""y1"": 491, ""rgb"": [179, 179, 179]}, {""label"": ""저장"", ""x0"": 534, ""y0"": 126, ""x1"": 684, ""y1"": 180, ""rgb"": [179, 179, 179]}, {""label"": ""홈"", ""x0"": 201, ""y0"": 66, ""x1"": 351, ""y1"": 120, ""rgb"": [179, 179, 179]}, {""label"": ""도움말"", ""x0"": 210, ""y0"": 264, ""x1"": 360, ""y1"": 318, ""rgb"": [179, 179, 179]}, {""label"": ""삭제"", ""x0"": 408, ""y0"": 238, ""x1"": 558, ""y1"": 292, ""rgb"": [179, 179, 179]}]"
d3_L13_gray_N.png,13,0,gray,241,로그인,106,251,31,224,181,278,"179,179,179",#b3b3b3,0.4508,72.94,0.0,"179,179,179","70,70,70",4.502,8.786,513,7026,"[{""label"": ""로그인"", ""x0"": 31, ""y0"": 224, ""x1"": 181, ""y1"": 278, ""rgb"": [179, 179, 179]}, {""label"": ""취소"", ""x0"": 695, ""y0"": 461, ""x1"": 845, ""y1"": 515, ""rgb"": [179, 179, 179]}, {""label"": ""설정"", ""x0"": 619, ""y0"": 308, ""x1"": 769, ""y1"": 362, ""rgb"": [179, 179, 179]}, {""label"": ""검색"", ""x0"": 344, ""y0"": 437, ""x1"": 494, ""y1"": 491, ""rgb"": [179, 179, 179]}, {""label"": ""저장"", ""x0"": 534, ""y0"": 126, ""x1"": 684, ""y1"": 180, ""rgb"": [179, 179, 179]}, {""label"": ""홈"", ""x0"": 201, ""y0"": 66, ""x1"": 351, ""y1"": 120, ""rgb"": [179, 179, 179]}, {""label"": ""도움말"", ""x0"": 210, ""y0"": 264, ""x1"": 360, ""y1"": 318, ""rgb"": [179, 179, 179]}, {""label"": ""삭제"", ""x0"": 408, ""y0"": 238, ""x1"": 558, ""y1"": 292, ""rgb"": [179, 179, 179]}]"
d3_L13_h245_N.png,13,0,245,242,로그인,106,251,31,224,181,278,"67,191,244",#43bff4,0.4498,72.88,39.9,"179,179,179","70,70,70",4.493,8.77,513,7026,"[{""label"": ""로그인"", ""x0"": 31, ""y0"": 224, ""x1"": 181, ""y1"": 278, ""rgb"": [67, 191, 244]}, {""label"": ""취소"", ""x0"": 695, ""y0"": 461, ""x1"": 845, ""y1"": 515, ""rgb"": [179, 179, 179]}, {""label"": ""설정"", ""x0"": 619, ""y0"": 308, ""x1"": 769, ""y1"": 362, ""rgb"": [179, 179, 179]}, {""label"": ""검색"", ""x0"": 344, ""y0"": 437, ""x1"": 494, ""y1"": 491, ""rgb"": [179, 179, 179]}, {""label"": ""저장"", ""x0"": 534, ""y0"": 126, ""x1"": 684, ""y1"": 180, ""rgb"": [179, 179, 179]}, {""label"": ""홈"", ""x0"": 201, ""y0"": 66, ""x1"": 351, ""y1"": 120, ""rgb"": [179, 179, 179]}, {""label"": ""도움말"", ""x0"": 210, ""y0"": 264, ""x1"": 360, ""y1"": 318, ""rgb"": [179, 179, 179]}, {""label"": ""삭제"", ""x0"": 408, ""y0"": 238, ""x1"": 558, ""y1"": 292, ""rgb"": [179, 179, 179]}]"
d3_L13_h110_M.png,13,1,110,243,로그인,774,251,699,224,849,278,"178,184,109",#b2b86d,0.4485,72.79,39.73,"179,179,179","70,70,70",4.481,8.746,513,7027,"[{""label"": ""로그인"", ""x0"": 699, ""y0"": 224, ""x1"": 849, ""y1"": 278, ""rgb"": [178, 184, 109]}, {""label"": ""취소"", ""x0"": 35, ""y0"": 461, ""x1"": 185, ""y1"": 515, ""rgb"": [179, 179, 179]}, {""label"": ""설정"", ""x0"": 111, ""y0"": 308, ""x1"": 261, ""y1"": 362, ""rgb"": [179, 179, 179]}, {""label"": ""검색"", ""x0"": 386, ""y0"": 437, ""x1"": 536, ""y1"": 491, ""rgb"": [179, 179, 179]}, {""label"": ""저장"", ""x0"": 196, ""y0"": 126, ""x1"": 346, ""y1"": 180, ""rgb"": [179, 179, 179]}, {""label"": ""홈"", ""x0"": 529, ""y0"": 66, ""x1"": 679, ""y1"": 120, ""rgb"": [179, 179, 179]}, {""label"": ""도움말"", ""x0"": 520, ""y0"": 264, ""x1"": 670, ""y1"": 318, ""rgb"": [179, 179, 179]}, {""label"": ""삭제"", ""x0"": 322, ""y0"": 238, ""x1"": 472, ""y1"": 292, ""rgb"": [179, 179, 179]}]"
d3_L13_gray_M.png,13,1,gray,244,로그인,774,251,699,224,849,278,"179,179,179",#b3b3b3,0.4508,72.94,0.0,"179,179,179","70,70,70",4.502,8.786,513,7027,"[{""label"": ""로그인"", ""x0"": 699, ""y0"": 224, ""x1"": 849, ""y1"": 278, ""rgb"": [179, 179, 179]}, {""label"": ""취소"", ""x0"": 35, ""y0"": 461, ""x1"": 185, ""y1"": 515, ""rgb"": [179, 179, 179]}, {""label"": ""설정"", ""x0"": 111, ""y0"": 308, ""x1"": 261, ""y1"": 362, ""rgb"": [179, 179, 179]}, {""label"": ""검색"", ""x0"": 386, ""y0"": 437, ""x1"": 536, ""y1"": 491, ""rgb"": [179, 179, 179]}, {""label"": ""저장"", ""x0"": 196, ""y0"": 126, ""x1"": 346, ""y1"": 180, ""rgb"": [179, 179, 179]}, {""label"": ""홈"", ""x0"": 529, ""y0"": 66, ""x1"": 679, ""y1"": 120, ""rgb"": [179, 179, 179]}, {""label"": ""도움말"", ""x0"": 520, ""y0"": 264, ""x1"": 670, ""y1"": 318, ""rgb"": [179, 179, 179]}, {""label"": ""삭제"", ""x0"": 322, ""y0"": 238, ""x1"": 472, ""y1"": 292, ""rgb"": [179, 179, 179]}]"
d3_L13_h335_M.png,13,1,335,245,로그인,774,251,699,224,849,278,"230,155,211",#e69bd3,0.4497,72.87,40.22,"179,179,179","70,70,70",4.492,8.767,513,7027,"[{""label"": ""로그인"", ""x0"": 699, ""y0"": 224, ""x1"": 849, ""y1"": 278, ""rgb"": [230, 155, 211]}, {""label"": ""취소"", ""x0"": 35, ""y0"": 461, ""x1"": 185, ""y1"": 515, ""rgb"": [179, 179, 179]}, {""label"": ""설정"", ""x0"": 111, ""y0"": 308, ""x1"": 261, ""y1"": 362, ""rgb"": [179, 179, 179]}, {""label"": ""검색"", ""x0"": 386, ""y0"": 437, ""x1"": 536, ""y1"": 491, ""rgb"": [179, 179, 179]}, {""label"": ""저장"", ""x0"": 196, ""y0"": 126, ""x1"": 346, ""y1"": 180, ""rgb"": [179, 179, 179]}, {""label"": ""홈"", ""x0"": 529, ""y0"": 66, ""x1"": 679, ""y1"": 120, ""rgb"": [179, 179, 179]}, {""label"": ""도움말"", ""x0"": 520, ""y0"": 264, ""x1"": 670, ""y1"": 318, ""rgb"": [179, 179, 179]}, {""label"": ""삭제"", ""x0"": 322, ""y0"": 238, ""x1"": 472, ""y1"": 292, ""rgb"": [179, 179, 179]}]"
d3_L13_h200_M.png,13,1,200,246,로그인,774,251,699,224,849,278,"24,198,203",#18c6cb,0.4489,72.82,39.91,"179,179,179","70,70,70",4.485,8.754,513,7027,"[{""label"": ""로그인"", ""x0"": 699, ""y0"": 224, ""x1"": 849, ""y1"": 278, ""rgb"": [24, 198, 203]}, {""label"": ""취소"", ""x0"": 35, ""y0"": 461, ""x1"": 185, ""y1"": 515, ""rgb"": [179, 179, 179]}, {""label"": ""설정"", ""x0"": 111, ""y0"": 308, ""x1"": 261, ""y1"": 362, ""rgb"": [179, 179, 179]}, {""label"": ""검색"", ""x0"": 386, ""y0"": 437, ""x1"": 536, ""y1"": 491, ""rgb"": [179, 179, 179]}, {""label"": ""저장"", ""x0"": 196, ""y0"": 126, ""x1"": 346, ""y1"": 180, ""rgb"": [179, 179, 179]}, {""label"": ""홈"", ""x0"": 529, ""y0"": 66, ""x1"": 679, ""y1"": 120, ""rgb"": [179, 179, 179]}, {""label"": ""도움말"", ""x0"": 520, ""y0"": 264, ""x1"": 670, ""y1"": 318, ""rgb"": [179, 179, 179]}, {""label"": ""삭제"", ""x0"": 322, ""y0"": 238, ""x1"": 472, ""y1"": 292, ""rgb"": [179, 179, 179]}]"
d3_L13_h245_M.png,13,1,245,247,로그인,774,251,699,224,849,278,"67,191,244",#43bff4,0.4498,72.88,39.9,"179,179,179","70,70,70",4.493,8.77,513,7027,"[{""label"": ""로그인"", ""x0"": 699, ""y0"": 224, ""x1"": 849, ""y1"": 278, ""rgb"": [67, 191, 244]}, {""label"": ""취소"", ""x0"": 35, ""y0"": 461, ""x1"": 185, ""y1"": 515, ""rgb"": [179, 179, 179]}, {""label"": ""설정"", ""x0"": 111, ""y0"": 308, ""x1"": 261, ""y1"": 362, ""rgb"": [179, 179, 179]}, {""label"": ""검색"", ""x0"": 386, ""y0"": 437, ""x1"": 536, ""y1"": 491, ""rgb"": [179, 179, 179]}, {""label"": ""저장"", ""x0"": 196, ""y0"": 126, ""x1"": 346, ""y1"": 180, ""rgb"": [179, 179, 179]}, {""label"": ""홈"", ""x0"": 529, ""y0"": 66, ""x1"": 679, ""y1"": 120, ""rgb"": [179, 179, 179]}, {""label"": ""도움말"", ""x0"": 520, ""y0"": 264, ""x1"": 670, ""y1"": 318, ""rgb"": [179, 179, 179]}, {""label"": ""삭제"", ""x0"": 322, ""y0"": 238, ""x1"": 472, ""y1"": 292, ""rgb"": [179, 179, 179]}]"
d3_L13_h65_M.png,13,1,65,248,로그인,774,251,699,224,849,278,"228,166,113",#e4a671,0.4496,72.87,40.03,"179,179,179","70,70,70",4.491,8.766,513,7027,"[{""label"": ""로그인"", ""x0"": 699, ""y0"": 224, ""x1"": 849, ""y1"": 278, ""rgb"": [228, 166, 113]}, {""label"": ""취소"", ""x0"": 35, ""y0"": 461, ""x1"": 185, ""y1"": 515, ""rgb"": [179, 179, 179]}, {""label"": ""설정"", ""x0"": 111, ""y0"": 308, ""x1"": 261, ""y1"": 362, ""rgb"": [179, 179, 179]}, {""label"": ""검색"", ""x0"": 386, ""y0"": 437, ""x1"": 536, ""y1"": 491, ""rgb"": [179, 179, 179]}, {""label"": ""저장"", ""x0"": 196, ""y0"": 126, ""x1"": 346, ""y1"": 180, ""rgb"": [179, 179, 179]}, {""label"": ""홈"", ""x0"": 529, ""y0"": 66, ""x1"": 679, ""y1"": 120, ""rgb"": [179, 179, 179]}, {""label"": ""도움말"", ""x0"": 520, ""y0"": 264, ""x1"": 670, ""y1"": 318, ""rgb"": [179, 179, 179]}, {""label"": ""삭제"", ""x0"": 322, ""y0"": 238, ""x1"": 472, ""y1"": 292, ""rgb"": [179, 179, 179]}]"
d3_L13_h155_M.png,13,1,155,249,로그인,774,251,699,224,849,278,"113,196,147",#71c493,0.451,72.95,39.99,"179,179,179","70,70,70",4.503,8.789,513,7027,"[{""label"": ""로그인"", ""x0"": 699, ""y0"": 224, ""x1"": 849, ""y1"": 278, ""rgb"": [113, 196, 147]}, {""label"": ""취소"", ""x0"": 35, ""y0"": 461, ""x1"": 185, ""y1"": 515, ""rgb"": [179, 179, 179]}, {""label"": ""설정"", ""x0"": 111, ""y0"": 308, ""x1"": 261, ""y1"": 362, ""rgb"": [179, 179, 179]}, {""label"": ""검색"", ""x0"": 386, ""y0"": 437, ""x1"": 536, ""y1"": 491, ""rgb"": [179, 179, 179]}, {""label"": ""저장"", ""x0"": 196, ""y0"": 126, ""x1"": 346, ""y1"": 180, ""rgb"": [179, 179, 179]}, {""label"": ""홈"", ""x0"": 529, ""y0"": 66, ""x1"": 679, ""y1"": 120, ""rgb"": [179, 179, 179]}, {""label"": ""도움말"", ""x0"": 520, ""y0"": 264, ""x1"": 670, ""y1"": 318, ""rgb"": [179, 179, 179]}, {""label"": ""삭제"", ""x0"": 322, ""y0"": 238, ""x1"": 472, ""y1"": 292, ""rgb"": [179, 179, 179]}]"
d3_L13_h20_M.png,13,1,20,250,로그인,774,251,699,224,849,278,"250,151,156",#fa979c,0.4486,72.8,39.94,"179,179,179","70,70,70",4.482,8.748,513,7027,"[{""label"": ""로그인"", ""x0"": 699, ""y0"": 224, ""x1"": 849, ""y1"": 278, ""rgb"": [250, 151, 156]}, {""label"": ""취소"", ""x0"": 35, ""y0"": 461, ""x1"": 185, ""y1"": 515, ""rgb"": [179, 179, 179]}, {""label"": ""설정"", ""x0"": 111, ""y0"": 308, ""x1"": 261, ""y1"": 362, ""rgb"": [179, 179, 179]}, {""label"": ""검색"", ""x0"": 386, ""y0"": 437, ""x1"": 536, ""y1"": 491, ""rgb"": [179, 179, 179]}, {""label"": ""저장"", ""x0"": 196, ""y0"": 126, ""x1"": 346, ""y1"": 180, ""rgb"": [179, 179, 179]}, {""label"": ""홈"", ""x0"": 529, ""y0"": 66, ""x1"": 679, ""y1"": 120, ""rgb"": [179, 179, 179]}, {""label"": ""도움말"", ""x0"": 520, ""y0"": 264, ""x1"": 670, ""y1"": 318, ""rgb"": [179, 179, 179]}, {""label"": ""삭제"", ""x0"": 322, ""y0"": 238, ""x1"": 472, ""y1"": 292, ""rgb"": [179, 179, 179]}]"
d3_L13_h290_M.png,13,1,290,251,로그인,774,251,699,224,849,278,"165,174,248",#a5aef8,0.4505,72.92,40.21,"179,179,179","70,70,70",4.499,8.781,513,7027,"[{""label"": ""로그인"", ""x0"": 699, ""y0"": 224, ""x1"": 849, ""y1"": 278, ""rgb"": [165, 174, 248]}, {""label"": ""취소"", ""x0"": 35, ""y0"": 461, ""x1"": 185, ""y1"": 515, ""rgb"": [179, 179, 179]}, {""label"": ""설정"", ""x0"": 111, ""y0"": 308, ""x1"": 261, ""y1"": 362, ""rgb"": [179, 179, 179]}, {""label"": ""검색"", ""x0"": 386, ""y0"": 437, ""x1"": 536, ""y1"": 491, ""rgb"": [179, 179, 179]}, {""label"": ""저장"", ""x0"": 196, ""y0"": 126, ""x1"": 346, ""y1"": 180, ""rgb"": [179, 179, 179]}, {""label"": ""홈"", ""x0"": 529, ""y0"": 66, ""x1"": 679, ""y1"": 120, ""rgb"": [179, 179, 179]}, {""label"": ""도움말"", ""x0"": 520, ""y0"": 264, ""x1"": 670, ""y1"": 318, ""rgb"": [179, 179, 179]}, {""label"": ""삭제"", ""x0"": 322, ""y0"": 238, ""x1"": 472, ""y1"": 292, ""rgb"": [179, 179, 179]}]"
d3_L14_gray_N.png,14,0,gray,252,로그인,456,154,381,127,531,181,"179,179,179",#b3b3b3,0.4508,72.94,0.0,"179,179,179","70,70,70",4.502,8.786,514,7028,"[{""label"": ""로그인"", ""x0"": 381, ""y0"": 127, ""x1"": 531, ""y1"": 181, ""rgb"": [179, 179, 179]}, {""label"": ""취소"", ""x0"": 662, ""y0"": 228, ""x1"": 812, ""y1"": 282, ""rgb"": [179, 179, 179]}, {""label"": ""설정"", ""x0"": 174, ""y0"": 437, ""x1"": 324, ""y1"": 491, ""rgb"": [179, 179, 179]}, {""label"": ""검색"", ""x0"": 439, ""y0"": 389, ""x1"": 589, ""y1"": 443, ""rgb"": [179, 179, 179]}, {""label"": ""저장"", ""x0"": 456, ""y0"": 293, ""x1"": 606, ""y1"": 347, ""rgb"": [179, 179, 179]}, {""label"": ""홈"", ""x0"": 25, ""y0"": 131, ""x1"": 175, ""y1"": 185, ""rgb"": [179, 179, 179]}, {""label"": ""도움말"", ""x0"": 229, ""y0"": 222, ""x1"": 379, ""y1"": 276, ""rgb"": [179, 179, 179]}, {""label"": ""삭제"", ""x0"": 571, ""y0"": 122, ""x1"": 721, ""y1"": 176, ""rgb"": [179, 179, 179]}]"
d3_L14_h20_N.png,14,0,20,253,로그인,456,154,381,127,531,181,"250,151,156",#fa979c,0.4486,72.8,39.94,"179,179,179","70,70,70",4.482,8.748,514,7028,"[{""label"": ""로그인"", ""x0"": 381, ""y0"": 127, ""x1"": 531, ""y1"": 181, ""rgb"": [250, 151, 156]}, {""label"": ""취소"", ""x0"": 662, ""y0"": 228, ""x1"": 812, ""y1"": 282, ""rgb"": [179, 179, 179]}, {""label"": ""설정"", ""x0"": 174, ""y0"": 437, ""x1"": 324, ""y1"": 491, ""rgb"": [179, 179, 179]}, {""label"": ""검색"", ""x0"": 439, ""y0"": 389, ""x1"": 589, ""y1"": 443, ""rgb"": [179, 179, 179]}, {""label"": ""저장"", ""x0"": 456, ""y0"": 293, ""x1"": 606, ""y1"": 347, ""rgb"": [179, 179, 179]}, {""label"": ""홈"", ""x0"": 25, ""y0"": 131, ""x1"": 175, ""y1"": 185, ""rgb"": [179, 179, 179]}, {""label"": ""도움말"", ""x0"": 229, ""y0"": 222, ""x1"": 379, ""y1"": 276, ""rgb"": [179, 179, 179]}, {""label"": ""삭제"", ""x0"": 571, ""y0"": 122, ""x1"": 721, ""y1"": 176, ""rgb"": [179, 179, 179]}]"
d3_L14_h200_N.png,14,0,200,254,로그인,456,154,381,127,531,181,"24,198,203",#18c6cb,0.4489,72.82,39.91,"179,179,179","70,70,70",4.485,8.754,514,7028,"[{""label"": ""로그인"", ""x0"": 381, ""y0"": 127, ""x1"": 531, ""y1"": 181, ""rgb"": [24, 198, 203]}, {""label"": ""취소"", ""x0"": 662, ""y0"": 228, ""x1"": 812, ""y1"": 282, ""rgb"": [179, 179, 179]}, {""label"": ""설정"", ""x0"": 174, ""y0"": 437, ""x1"": 324, ""y1"": 491, ""rgb"": [179, 179, 179]}, {""label"": ""검색"", ""x0"": 439, ""y0"": 389, ""x1"": 589, ""y1"": 443, ""rgb"": [179, 179, 179]}, {""label"": ""저장"", ""x0"": 456, ""y0"": 293, ""x1"": 606, ""y1"": 347, ""rgb"": [179, 179, 179]}, {""label"": ""홈"", ""x0"": 25, ""y0"": 131, ""x1"": 175, ""y1"": 185, ""rgb"": [179, 179, 179]}, {""label"": ""도움말"", ""x0"": 229, ""y0"": 222, ""x1"": 379, ""y1"": 276, ""rgb"": [179, 179, 179]}, {""label"": ""삭제"", ""x0"": 571, ""y0"": 122, ""x1"": 721, ""y1"": 176, ""rgb"": [179, 179, 179]}]"
d3_L14_h245_N.png,14,0,245,255,로그인,456,154,381,127,531,181,"67,191,244",#43bff4,0.4498,72.88,39.9,"179,179,179","70,70,70",4.493,8.77,514,7028,"[{""label"": ""로그인"", ""x0"": 381, ""y0"": 127, ""x1"": 531, ""y1"": 181, ""rgb"": [67, 191, 244]}, {""label"": ""취소"", ""x0"": 662, ""y0"": 228, ""x1"": 812, ""y1"": 282, ""rgb"": [179, 179, 179]}, {""label"": ""설정"", ""x0"": 174, ""y0"": 437, ""x1"": 324, ""y1"": 491, ""rgb"": [179, 179, 179]}, {""label"": ""검색"", ""x0"": 439, ""y0"": 389, ""x1"": 589, ""y1"": 443, ""rgb"": [179, 179, 179]}, {""label"": ""저장"", ""x0"": 456, ""y0"": 293, ""x1"": 606, ""y1"": 347, ""rgb"": [179, 179, 179]}, {""label"": ""홈"", ""x0"": 25, ""y0"": 131, ""x1"": 175, ""y1"": 185, ""rgb"": [179, 179, 179]}, {""label"": ""도움말"", ""x0"": 229, ""y0"": 222, ""x1"": 379, ""y1"": 276, ""rgb"": [179, 179, 179]}, {""label"": ""삭제"", ""x0"": 571, ""y0"": 122, ""x1"": 721, ""y1"": 176, ""rgb"": [179, 179, 179]}]"
d3_L14_h155_N.png,14,0,155,256,로그인,456,154,381,127,531,181,"113,196,147",#71c493,0.451,72.95,39.99,"179,179,179","70,70,70",4.503,8.789,514,7028,"[{""label"": ""로그인"", ""x0"": 381, ""y0"": 127, ""x1"": 531, ""y1"": 181, ""rgb"": [113, 196, 147]}, {""label"": ""취소"", ""x0"": 662, ""y0"": 228, ""x1"": 812, ""y1"": 282, ""rgb"": [179, 179, 179]}, {""label"": ""설정"", ""x0"": 174, ""y0"": 437, ""x1"": 324, ""y1"": 491, ""rgb"": [179, 179, 179]}, {""label"": ""검색"", ""x0"": 439, ""y0"": 389, ""x1"": 589, ""y1"": 443, ""rgb"": [179, 179, 179]}, {""label"": ""저장"", ""x0"": 456, ""y0"": 293, ""x1"": 606, ""y1"": 347, ""rgb"": [179, 179, 179]}, {""label"": ""홈"", ""x0"": 25, ""y0"": 131, ""x1"": 175, ""y1"": 185, ""rgb"": [179, 179, 179]}, {""label"": ""도움말"", ""x0"": 229, ""y0"": 222, ""x1"": 379, ""y1"": 276, ""rgb"": [179, 179, 179]}, {""label"": ""삭제"", ""x0"": 571, ""y0"": 122, ""x1"": 721, ""y1"": 176, ""rgb"": [179, 179, 179]}]"
d3_L14_h65_N.png,14,0,65,257,로그인,456,154,381,127,531,181,"228,166,113",#e4a671,0.4496,72.87,40.03,"179,179,179","70,70,70",4.491,8.766,514,7028,"[{""label"": ""로그인"", ""x0"": 381, ""y0"": 127, ""x1"": 531, ""y1"": 181, ""rgb"": [228, 166, 113]}, {""label"": ""취소"", ""x0"": 662, ""y0"": 228, ""x1"": 812, ""y1"": 282, ""rgb"": [179, 179, 179]}, {""label"": ""설정"", ""x0"": 174, ""y0"": 437, ""x1"": 324, ""y1"": 491, ""rgb"": [179, 179, 179]}, {""label"": ""검색"", ""x0"": 439, ""y0"": 389, ""x1"": 589, ""y1"": 443, ""rgb"": [179, 179, 179]}, {""label"": ""저장"", ""x0"": 456, ""y0"": 293, ""x1"": 606, ""y1"": 347, ""rgb"": [179, 179, 179]}, {""label"": ""홈"", ""x0"": 25, ""y0"": 131, ""x1"": 175, ""y1"": 185, ""rgb"": [179, 179, 179]}, {""label"": ""도움말"", ""x0"": 229, ""y0"": 222, ""x1"": 379, ""y1"": 276, ""rgb"": [179, 179, 179]}, {""label"": ""삭제"", ""x0"": 571, ""y0"": 122, ""x1"": 721, ""y1"": 176, ""rgb"": [179, 179, 179]}]"
d3_L14_h335_N.png,14,0,335,258,로그인,456,154,381,127,531,181,"230,155,211",#e69bd3,0.4497,72.87,40.22,"179,179,179","70,70,70",4.492,8.767,514,7028,"[{""label"": ""로그인"", ""x0"": 381, ""y0"": 127, ""x1"": 531, ""y1"": 181, ""rgb"": [230, 155, 211]}, {""label"": ""취소"", ""x0"": 662, ""y0"": 228, ""x1"": 812, ""y1"": 282, ""rgb"": [179, 179, 179]}, {""label"": ""설정"", ""x0"": 174, ""y0"": 437, ""x1"": 324, ""y1"": 491, ""rgb"": [179, 179, 179]}, {""label"": ""검색"", ""x0"": 439, ""y0"": 389, ""x1"": 589, ""y1"": 443, ""rgb"": [179, 179, 179]}, {""label"": ""저장"", ""x0"": 456, ""y0"": 293, ""x1"": 606, ""y1"": 347, ""rgb"": [179, 179, 179]}, {""label"": ""홈"", ""x0"": 25, ""y0"": 131, ""x1"": 175, ""y1"": 185, ""rgb"": [179, 179, 179]}, {""label"": ""도움말"", ""x0"": 229, ""y0"": 222, ""x1"": 379, ""y1"": 276, ""rgb"": [179, 179, 179]}, {""label"": ""삭제"", ""x0"": 571, ""y0"": 122, ""x1"": 721, ""y1"": 176, ""rgb"": [179, 179, 179]}]"
d3_L14_h110_N.png,14,0,110,259,로그인,456,154,381,127,531,181,"178,184,109",#b2b86d,0.4485,72.79,39.73,"179,179,179","70,70,70",4.481,8.746,514,7028,"[{""label"": ""로그인"", ""x0"": 381, ""y0"": 127, ""x1"": 531, ""y1"": 181, ""rgb"": [178, 184, 109]}, {""label"": ""취소"", ""x0"": 662, ""y0"": 228, ""x1"": 812, ""y1"": 282, ""rgb"": [179, 179, 179]}, {""label"": ""설정"", ""x0"": 174, ""y0"": 437, ""x1"": 324, ""y1"": 491, ""rgb"": [179, 179, 179]}, {""label"": ""검색"", ""x0"": 439, ""y0"": 389, ""x1"": 589, ""y1"": 443, ""rgb"": [179, 179, 179]}, {""label"": ""저장"", ""x0"": 456, ""y0"": 293, ""x1"": 606, ""y1"": 347, ""rgb"": [179, 179, 179]}, {""label"": ""홈"", ""x0"": 25, ""y0"": 131, ""x1"": 175, ""y1"": 185, ""rgb"": [179, 179, 179]}, {""label"": ""도움말"", ""x0"": 229, ""y0"": 222, ""x1"": 379, ""y1"": 276, ""rgb"": [179, 179, 179]}, {""label"": ""삭제"", ""x0"": 571, ""y0"": 122, ""x1"": 721, ""y1"": 176, ""rgb"": [179, 179, 179]}]"
d3_L14_h290_N.png,14,0,290,260,로그인,456,154,381,127,531,181,"165,174,248",#a5aef8,0.4505,72.92,40.21,"179,179,179","70,70,70",4.499,8.781,514,7028,"[{""label"": ""로그인"", ""x0"": 381, ""y0"": 127, ""x1"": 531, ""y1"": 181, ""rgb"": [165, 174, 248]}, {""label"": ""취소"", ""x0"": 662, ""y0"": 228, ""x1"": 812, ""y1"": 282, ""rgb"": [179, 179, 179]}, {""label"": ""설정"", ""x0"": 174, ""y0"": 437, ""x1"": 324, ""y1"": 491, ""rgb"": [179, 179, 179]}, {""label"": ""검색"", ""x0"": 439, ""y0"": 389, ""x1"": 589, ""y1"": 443, ""rgb"": [179, 179, 179]}, {""label"": ""저장"", ""x0"": 456, ""y0"": 293, ""x1"": 606, ""y1"": 347, ""rgb"": [179, 179, 179]}, {""label"": ""홈"", ""x0"": 25, ""y0"": 131, ""x1"": 175, ""y1"": 185, ""rgb"": [179, 179, 179]}, {""label"": ""도움말"", ""x0"": 229, ""y0"": 222, ""x1"": 379, ""y1"": 276, ""rgb"": [179, 179, 179]}, {""label"": ""삭제"", ""x0"": 571, ""y0"": 122, ""x1"": 721, ""y1"": 176, ""rgb"": [179, 179, 179]}]"
d3_L14_h245_M.png,14,1,245,261,로그인,424,154,349,127,499,181,"67,191,244",#43bff4,0.4498,72.88,39.9,"179,179,179","70,70,70",4.493,8.77,514,7029,"[{""label"": ""로그인"", ""x0"": 349, ""y0"": 127, ""x1"": 499, ""y1"": 181, ""rgb"": [67, 191, 244]}, {""label"": ""취소"", ""x0"": 68, ""y0"": 228, ""x1"": 218, ""y1"": 282, ""rgb"": [179, 179, 179]}, {""label"": ""설정"", ""x0"": 556, ""y0"": 437, ""x1"": 706, ""y1"": 491, ""rgb"": [179, 179, 179]}, {""label"": ""검색"", ""x0"": 291, ""y0"": 389, ""x1"": 441, ""y1"": 443, ""rgb"": [179, 179, 179]}, {""label"": ""저장"", ""x0"": 274, ""y0"": 293, ""x1"": 424, ""y1"": 347, ""rgb"": [179, 179, 179]}, {""label"": ""홈"", ""x0"": 705, ""y0"": 131, ""x1"": 855, ""y1"": 185, ""rgb"": [179, 179, 179]}, {""label"": ""도움말"", ""x0"": 501, ""y0"": 222, ""x1"": 651, ""y1"": 276, ""rgb"": [179, 179, 179]}, {""label"": ""삭제"", ""x0"": 159, ""y0"": 122, ""x1"": 309, ""y1"": 176, ""rgb"": [179, 179, 179]}]"
d3_L14_h155_M.png,14,1,155,262,로그인,424,154,349,127,499,181,"113,196,147",#71c493,0.451,72.95,39.99,"179,179,179","70,70,70",4.503,8.789,514,7029,"[{""label"": ""로그인"", ""x0"": 349, ""y0"": 127, ""x1"": 499, ""y1"": 181, ""rgb"": [113, 196, 147]}, {""label"": ""취소"", ""x0"": 68, ""y0"": 228, ""x1"": 218, ""y1"": 282, ""rgb"": [179, 179, 179]}, {""label"": ""설정"", ""x0"": 556, ""y0"": 437, ""x1"": 706, ""y1"": 491, ""rgb"": [179, 179, 179]}, {""label"": ""검색"", ""x0"": 291, ""y0"": 389, ""x1"": 441, ""y1"": 443, ""rgb"": [179, 179, 179]}, {""label"": ""저장"", ""x0"": 274, ""y0"": 293, ""x1"": 424, ""y1"": 347, ""rgb"": [179, 179, 179]}, {""label"": ""홈"", ""x0"": 705, ""y0"": 131, ""x1"": 855, ""y1"": 185, ""rgb"": [179, 179, 179]}, {""label"": ""도움말"", ""x0"": 501, ""y0"": 222, ""x1"": 651, ""y1"": 276, ""rgb"": [179, 179, 179]}, {""label"": ""삭제"", ""x0"": 159, ""y0"": 122, ""x1"": 309, ""y1"": 176, ""rgb"": [179, 179, 179]}]"
d3_L14_h110_M.png,14,1,110,263,로그인,424,154,349,127,499,181,"178,184,109",#b2b86d,0.4485,72.79,39.73,"179,179,179","70,70,70",4.481,8.746,514,7029,"[{""label"": ""로그인"", ""x0"": 349, ""y0"": 127, ""x1"": 499, ""y1"": 181, ""rgb"": [178, 184, 109]}, {""label"": ""취소"", ""x0"": 68, ""y0"": 228, ""x1"": 218, ""y1"": 282, ""rgb"": [179, 179, 179]}, {""label"": ""설정"", ""x0"": 556, ""y0"": 437, ""x1"": 706, ""y1"": 491, ""rgb"": [179, 179, 179]}, {""label"": ""검색"", ""x0"": 291, ""y0"": 389, ""x1"": 441, ""y1"": 443, ""rgb"": [179, 179, 179]}, {""label"": ""저장"", ""x0"": 274, ""y0"": 293, ""x1"": 424, ""y1"": 347, ""rgb"": [179, 179, 179]}, {""label"": ""홈"", ""x0"": 705, ""y0"": 131, ""x1"": 855, ""y1"": 185, ""rgb"": [179, 179, 179]}, {""label"": ""도움말"", ""x0"": 501, ""y0"": 222, ""x1"": 651, ""y1"": 276, ""rgb"": [179, 179, 179]}, {""label"": ""삭제"", ""x0"": 159, ""y0"": 122, ""x1"": 309, ""y1"": 176, ""rgb"": [179, 179, 179]}]"
d3_L14_h65_M.png,14,1,65,264,로그인,424,154,349,127,499,181,"228,166,113",#e4a671,0.4496,72.87,40.03,"179,179,179","70,70,70",4.491,8.766,514,7029,"[{""label"": ""로그인"", ""x0"": 349, ""y0"": 127, ""x1"": 499, ""y1"": 181, ""rgb"": [228, 166, 113]}, {""label"": ""취소"", ""x0"": 68, ""y0"": 228, ""x1"": 218, ""y1"": 282, ""rgb"": [179, 179, 179]}, {""label"": ""설정"", ""x0"": 556, ""y0"": 437, ""x1"": 706, ""y1"": 491, ""rgb"": [179, 179, 179]}, {""label"": ""검색"", ""x0"": 291, ""y0"": 389, ""x1"": 441, ""y1"": 443, ""rgb"": [179, 179, 179]}, {""label"": ""저장"", ""x0"": 274, ""y0"": 293, ""x1"": 424, ""y1"": 347, ""rgb"": [179, 179, 179]}, {""label"": ""홈"", ""x0"": 705, ""y0"": 131, ""x1"": 855, ""y1"": 185, ""rgb"": [179, 179, 179]}, {""label"": ""도움말"", ""x0"": 501, ""y0"": 222, ""x1"": 651, ""y1"": 276, ""rgb"": [179, 179, 179]}, {""label"": ""삭제"", ""x0"": 159, ""y0"": 122, ""x1"": 309, ""y1"": 176, ""rgb"": [179, 179, 179]}]"
d3_L14_h20_M.png,14,1,20,265,로그인,424,154,349,127,499,181,"250,151,156",#fa979c,0.4486,72.8,39.94,"179,179,179","70,70,70",4.482,8.748,514,7029,"[{""label"": ""로그인"", ""x0"": 349, ""y0"": 127, ""x1"": 499, ""y1"": 181, ""rgb"": [250, 151, 156]}, {""label"": ""취소"", ""x0"": 68, ""y0"": 228, ""x1"": 218, ""y1"": 282, ""rgb"": [179, 179, 179]}, {""label"": ""설정"", ""x0"": 556, ""y0"": 437, ""x1"": 706, ""y1"": 491, ""rgb"": [179, 179, 179]}, {""label"": ""검색"", ""x0"": 291, ""y0"": 389, ""x1"": 441, ""y1"": 443, ""rgb"": [179, 179, 179]}, {""label"": ""저장"", ""x0"": 274, ""y0"": 293, ""x1"": 424, ""y1"": 347, ""rgb"": [179, 179, 179]}, {""label"": ""홈"", ""x0"": 705, ""y0"": 131, ""x1"": 855, ""y1"": 185, ""rgb"": [179, 179, 179]}, {""label"": ""도움말"", ""x0"": 501, ""y0"": 222, ""x1"": 651, ""y1"": 276, ""rgb"": [179, 179, 179]}, {""label"": ""삭제"", ""x0"": 159, ""y0"": 122, ""x1"": 309, ""y1"": 176, ""rgb"": [179, 179, 179]}]"
d3_L14_h335_M.png,14,1,335,266,로그인,424,154,349,127,499,181,"230,155,211",#e69bd3,0.4497,72.87,40.22,"179,179,179","70,70,70",4.492,8.767,514,7029,"[{""label"": ""로그인"", ""x0"": 349, ""y0"": 127, ""x1"": 499, ""y1"": 181, ""rgb"": [230, 155, 211]}, {""label"": ""취소"", ""x0"": 68, ""y0"": 228, ""x1"": 218, ""y1"": 282, ""rgb"": [179, 179, 179]}, {""label"": ""설정"", ""x0"": 556, ""y0"": 437, ""x1"": 706, ""y1"": 491, ""rgb"": [179, 179, 179]}, {""label"": ""검색"", ""x0"": 291, ""y0"": 389, ""x1"": 441, ""y1"": 443, ""rgb"": [179, 179, 179]}, {""label"": ""저장"", ""x0"": 274, ""y0"": 293, ""x1"": 424, ""y1"": 347, ""rgb"": [179, 179, 179]}, {""label"": ""홈"", ""x0"": 705, ""y0"": 131, ""x1"": 855, ""y1"": 185, ""rgb"": [179, 179, 179]}, {""label"": ""도움말"", ""x0"": 501, ""y0"": 222, ""x1"": 651, ""y1"": 276, ""rgb"": [179, 179, 179]}, {""label"": ""삭제"", ""x0"": 159, ""y0"": 122, ""x1"": 309, ""y1"": 176, ""rgb"": [179, 179, 179]}]"
d3_L14_gray_M.png,14,1,gray,267,로그인,424,154,349,127,499,181,"179,179,179",#b3b3b3,0.4508,72.94,0.0,"179,179,179","70,70,70",4.502,8.786,514,7029,"[{""label"": ""로그인"", ""x0"": 349, ""y0"": 127, ""x1"": 499, ""y1"": 181, ""rgb"": [179, 179, 179]}, {""label"": ""취소"", ""x0"": 68, ""y0"": 228, ""x1"": 218, ""y1"": 282, ""rgb"": [179, 179, 179]}, {""label"": ""설정"", ""x0"": 556, ""y0"": 437, ""x1"": 706, ""y1"": 491, ""rgb"": [179, 179, 179]}, {""label"": ""검색"", ""x0"": 291, ""y0"": 389, ""x1"": 441, ""y1"": 443, ""rgb"": [179, 179, 179]}, {""label"": ""저장"", ""x0"": 274, ""y0"": 293, ""x1"": 424, ""y1"": 347, ""rgb"": [179, 179, 179]}, {""label"": ""홈"", ""x0"": 705, ""y0"": 131, ""x1"": 855, ""y1"": 185, ""rgb"": [179, 179, 179]}, {""label"": ""도움말"", ""x0"": 501, ""y0"": 222, ""x1"": 651, ""y1"": 276, ""rgb"": [179, 179, 179]}, {""label"": ""삭제"", ""x0"": 159, ""y0"": 122, ""x1"": 309, ""y1"": 176, ""rgb"": [179, 179, 179]}]"
d3_L14_h290_M.png,14,1,290,268,로그인,424,154,349,127,499,181,"165,174,248",#a5aef8,0.4505,72.92,40.21,"179,179,179","70,70,70",4.499,8.781,514,7029,"[{""label"": ""로그인"", ""x0"": 349, ""y0"": 127, ""x1"": 499, ""y1"": 181, ""rgb"": [165, 174, 248]}, {""label"": ""취소"", ""x0"": 68, ""y0"": 228, ""x1"": 218, ""y1"": 282, ""rgb"": [179, 179, 179]}, {""label"": ""설정"", ""x0"": 556, ""y0"": 437, ""x1"": 706, ""y1"": 491, ""rgb"": [179, 179, 179]}, {""label"": ""검색"", ""x0"": 291, ""y0"": 389, ""x1"": 441, ""y1"": 443, ""rgb"": [179, 179, 179]}, {""label"": ""저장"", ""x0"": 274, ""y0"": 293, ""x1"": 424, ""y1"": 347, ""rgb"": [179, 179, 179]}, {""label"": ""홈"", ""x0"": 705, ""y0"": 131, ""x1"": 855, ""y1"": 185, ""rgb"": [179, 179, 179]}, {""label"": ""도움말"", ""x0"": 501, ""y0"": 222, ""x1"": 651, ""y1"": 276, ""rgb"": [179, 179, 179]}, {""label"": ""삭제"", ""x0"": 159, ""y0"": 122, ""x1"": 309, ""y1"": 176, ""rgb"": [179, 179, 179]}]"
d3_L14_h200_M.png,14,1,200,269,로그인,424,154,349,127,499,181,"24,198,203",#18c6cb,0.4489,72.82,39.91,"179,179,179","70,70,70",4.485,8.754,514,7029,"[{""label"": ""로그인"", ""x0"": 349, ""y0"": 127, ""x1"": 499, ""y1"": 181, ""rgb"": [24, 198, 203]}, {""label"": ""취소"", ""x0"": 68, ""y0"": 228, ""x1"": 218, ""y1"": 282, ""rgb"": [179, 179, 179]}, {""label"": ""설정"", ""x0"": 556, ""y0"": 437, ""x1"": 706, ""y1"": 491, ""rgb"": [179, 179, 179]}, {""label"": ""검색"", ""x0"": 291, ""y0"": 389, ""x1"": 441, ""y1"": 443, ""rgb"": [179, 179, 179]}, {""label"": ""저장"", ""x0"": 274, ""y0"": 293, ""x1"": 424, ""y1"": 347, ""rgb"": [179, 179, 179]}, {""label"": ""홈"", ""x0"": 705, ""y0"": 131, ""x1"": 855, ""y1"": 185, ""rgb"": [179, 179, 179]}, {""label"": ""도움말"", ""x0"": 501, ""y0"": 222, ""x1"": 651, ""y1"": 276, ""rgb"": [179, 179, 179]}, {""label"": ""삭제"", ""x0"": 159, ""y0"": 122, ""x1"": 309, ""y1"": 176, ""rgb"": [179, 179, 179]}]"
d3_L15_h110_N.png,15,0,110,270,로그인,258,322,183,295,333,349,"178,184,109",#b2b86d,0.4485,72.79,39.73,"179,179,179","70,70,70",4.481,8.746,515,7030,"[{""label"": ""로그인"", ""x0"": 183, ""y0"": 295, ""x1"": 333, ""y1"": 349, ""rgb"": [178, 184, 109]}, {""label"": ""취소"", ""x0"": 304, ""y0"": 151, ""x1"": 454, ""y1"": 205, ""rgb"": [179, 179, 179]}, {""label"": ""설정"", ""x0"": 112, ""y0"": 25, ""x1"": 262, ""y1"": 79, ""rgb"": [179, 179, 179]}, {""label"": ""검색"", ""x0"": 491, ""y0"": 296, ""x1"": 641, ""y1"": 350, ""rgb"": [179, 179, 179]}, {""label"": ""저장"", ""x0"": 530, ""y0"": 39, ""x1"": 680, ""y1"": 93, ""rgb"": [179, 179, 179]}, {""label"": ""홈"", ""x0"": 61, ""y0"": 186, ""x1"": 211, ""y1"": 240, ""rgb"": [179, 179, 179]}, {""label"": ""도움말"", ""x0"": 665, ""y0"": 494, ""x1"": 815, ""y1"": 548, ""rgb"": [179, 179, 179]}, {""label"": ""삭제"", ""x0"": 50, ""y0"": 442, ""x1"": 200, ""y1"": 496, ""rgb"": [179, 179, 179]}]"
d3_L15_h200_N.png,15,0,200,271,로그인,258,322,183,295,333,349,"24,198,203",#18c6cb,0.4489,72.82,39.91,"179,179,179","70,70,70",4.485,8.754,515,7030,"[{""label"": ""로그인"", ""x0"": 183, ""y0"": 295, ""x1"": 333, ""y1"": 349, ""rgb"": [24, 198, 203]}, {""label"": ""취소"", ""x0"": 304, ""y0"": 151, ""x1"": 454, ""y1"": 205, ""rgb"": [179, 179, 179]}, {""label"": ""설정"", ""x0"": 112, ""y0"": 25, ""x1"": 262, ""y1"": 79, ""rgb"": [179, 179, 179]}, {""label"": ""검색"", ""x0"": 491, ""y0"": 296, ""x1"": 641, ""y1"": 350, ""rgb"": [179, 179, 179]}, {""label"": ""저장"", ""x0"": 530, ""y0"": 39, ""x1"": 680, ""y1"": 93, ""rgb"": [179, 179, 179]}, {""label"": ""홈"", ""x0"": 61, ""y0"": 186, ""x1"": 211, ""y1"": 240, ""rgb"": [179, 179, 179]}, {""label"": ""도움말"", ""x0"": 665, ""y0"": 494, ""x1"": 815, ""y1"": 548, ""rgb"": [179, 179, 179]}, {""label"": ""삭제"", ""x0"": 50, ""y0"": 442, ""x1"": 200, ""y1"": 496, ""rgb"": [179, 179, 179]}]"
d3_L15_gray_N.png,15,0,gray,272,로그인,258,322,183,295,333,349,"179,179,179",#b3b3b3,0.4508,72.94,0.0,"179,179,179","70,70,70",4.502,8.786,515,7030,"[{""label"": ""로그인"", ""x0"": 183, ""y0"": 295, ""x1"": 333, ""y1"": 349, ""rgb"": [179, 179, 179]}, {""label"": ""취소"", ""x0"": 304, ""y0"": 151, ""x1"": 454, ""y1"": 205, ""rgb"": [179, 179, 179]}, {""label"": ""설정"", ""x0"": 112, ""y0"": 25, ""x1"": 262, ""y1"": 79, ""rgb"": [179, 179, 179]}, {""label"": ""검색"", ""x0"": 491, ""y0"": 296, ""x1"": 641, ""y1"": 350, ""rgb"": [179, 179, 179]}, {""label"": ""저장"", ""x0"": 530, ""y0"": 39, ""x1"": 680, ""y1"": 93, ""rgb"": [179, 179, 179]}, {""label"": ""홈"", ""x0"": 61, ""y0"": 186, ""x1"": 211, ""y1"": 240, ""rgb"": [179, 179, 179]}, {""label"": ""도움말"", ""x0"": 665, ""y0"": 494, ""x1"": 815, ""y1"": 548, ""rgb"": [179, 179, 179]}, {""label"": ""삭제"", ""x0"": 50, ""y0"": 442, ""x1"": 200, ""y1"": 496, ""rgb"": [179, 179, 179]}]"
d3_L15_h65_N.png,15,0,65,273,로그인,258,322,183,295,333,349,"228,166,113",#e4a671,0.4496,72.87,40.03,"179,179,179","70,70,70",4.491,8.766,515,7030,"[{""label"": ""로그인"", ""x0"": 183, ""y0"": 295, ""x1"": 333, ""y1"": 349, ""rgb"": [228, 166, 113]}, {""label"": ""취소"", ""x0"": 304, ""y0"": 151, ""x1"": 454, ""y1"": 205, ""rgb"": [179, 179, 179]}, {""label"": ""설정"", ""x0"": 112, ""y0"": 25, ""x1"": 262, ""y1"": 79, ""rgb"": [179, 179, 179]}, {""label"": ""검색"", ""x0"": 491, ""y0"": 296, ""x1"": 641, ""y1"": 350, ""rgb"": [179, 179, 179]}, {""label"": ""저장"", ""x0"": 530, ""y0"": 39, ""x1"": 680, ""y1"": 93, ""rgb"": [179, 179, 179]}, {""label"": ""홈"", ""x0"": 61, ""y0"": 186, ""x1"": 211, ""y1"": 240, ""rgb"": [179, 179, 179]}, {""label"": ""도움말"", ""x0"": 665, ""y0"": 494, ""x1"": 815, ""y1"": 548, ""rgb"": [179, 179, 179]}, {""label"": ""삭제"", ""x0"": 50, ""y0"": 442, ""x1"": 200, ""y1"": 496, ""rgb"": [179, 179, 179]}]"
d3_L15_h290_N.png,15,0,290,274,로그인,258,322,183,295,333,349,"165,174,248",#a5aef8,0.4505,72.92,40.21,"179,179,179","70,70,70",4.499,8.781,515,7030,"[{""label"": ""로그인"", ""x0"": 183, ""y0"": 295, ""x1"": 333, ""y1"": 349, ""rgb"": [165, 174, 248]}, {""label"": ""취소"", ""x0"": 304, ""y0"": 151, ""x1"": 454, ""y1"": 205, ""rgb"": [179, 179, 179]}, {""label"": ""설정"", ""x0"": 112, ""y0"": 25, ""x1"": 262, ""y1"": 79, ""rgb"": [179, 179, 179]}, {""label"": ""검색"", ""x0"": 491, ""y0"": 296, ""x1"": 641, ""y1"": 350, ""rgb"": [179, 179, 179]}, {""label"": ""저장"", ""x0"": 530, ""y0"": 39, ""x1"": 680, ""y1"": 93, ""rgb"": [179, 179, 179]}, {""label"": ""홈"", ""x0"": 61, ""y0"": 186, ""x1"": 211, ""y1"": 240, ""rgb"": [179, 179, 179]}, {""label"": ""도움말"", ""x0"": 665, ""y0"": 494, ""x1"": 815, ""y1"": 548, ""rgb"": [179, 179, 179]}, {""label"": ""삭제"", ""x0"": 50, ""y0"": 442, ""x1"": 200, ""y1"": 496, ""rgb"": [179, 179, 179]}]"
d3_L15_h335_N.png,15,0,335,275,로그인,258,322,183,295,333,349,"230,155,211",#e69bd3,0.4497,72.87,40.22,"179,179,179","70,70,70",4.492,8.767,515,7030,"[{""label"": ""로그인"", ""x0"": 183, ""y0"": 295, ""x1"": 333, ""y1"": 349, ""rgb"": [230, 155, 211]}, {""label"": ""취소"", ""x0"": 304, ""y0"": 151, ""x1"": 454, ""y1"": 205, ""rgb"": [179, 179, 179]}, {""label"": ""설정"", ""x0"": 112, ""y0"": 25, ""x1"": 262, ""y1"": 79, ""rgb"": [179, 179, 179]}, {""label"": ""검색"", ""x0"": 491, ""y0"": 296, ""x1"": 641, ""y1"": 350, ""rgb"": [179, 179, 179]}, {""label"": ""저장"", ""x0"": 530, ""y0"": 39, ""x1"": 680, ""y1"": 93, ""rgb"": [179, 179, 179]}, {""label"": ""홈"", ""x0"": 61, ""y0"": 186, ""x1"": 211, ""y1"": 240, ""rgb"": [179, 179, 179]}, {""label"": ""도움말"", ""x0"": 665, ""y0"": 494, ""x1"": 815, ""y1"": 548, ""rgb"": [179, 179, 179]}, {""label"": ""삭제"", ""x0"": 50, ""y0"": 442, ""x1"": 200, ""y1"": 496, ""rgb"": [179, 179, 179]}]"
d3_L15_h20_N.png,15,0,20,276,로그인,258,322,183,295,333,349,"250,151,156",#fa979c,0.4486,72.8,39.94,"179,179,179","70,70,70",4.482,8.748,515,7030,"[{""label"": ""로그인"", ""x0"": 183, ""y0"": 295, ""x1"": 333, ""y1"": 349, ""rgb"": [250, 151, 156]}, {""label"": ""취소"", ""x0"": 304, ""y0"": 151, ""x1"": 454, ""y1"": 205, ""rgb"": [179, 179, 179]}, {""label"": ""설정"", ""x0"": 112, ""y0"": 25, ""x1"": 262, ""y1"": 79, ""rgb"": [179, 179, 179]}, {""label"": ""검색"", ""x0"": 491, ""y0"": 296, ""x1"": 641, ""y1"": 350, ""rgb"": [179, 179, 179]}, {""label"": ""저장"", ""x0"": 530, ""y0"": 39, ""x1"": 680, ""y1"": 93, ""rgb"": [179, 179, 179]}, {""label"": ""홈"", ""x0"": 61, ""y0"": 186, ""x1"": 211, ""y1"": 240, ""rgb"": [179, 179, 179]}, {""label"": ""도움말"", ""x0"": 665, ""y0"": 494, ""x1"": 815, ""y1"": 548, ""rgb"": [179, 179, 179]}, {""label"": ""삭제"", ""x0"": 50, ""y0"": 442, ""x1"": 200, ""y1"": 496, ""rgb"": [179, 179, 179]}]"
d3_L15_h245_N.png,15,0,245,277,로그인,258,322,183,295,333,349,"67,191,244",#43bff4,0.4498,72.88,39.9,"179,179,179","70,70,70",4.493,8.77,515,7030,"[{""label"": ""로그인"", ""x0"": 183, ""y0"": 295, ""x1"": 333, ""y1"": 349, ""rgb"": [67, 191, 244]}, {""label"": ""취소"", ""x0"": 304, ""y0"": 151, ""x1"": 454, ""y1"": 205, ""rgb"": [179, 179, 179]}, {""label"": ""설정"", ""x0"": 112, ""y0"": 25, ""x1"": 262, ""y1"": 79, ""rgb"": [179, 179, 179]}, {""label"": ""검색"", ""x0"": 491, ""y0"": 296, ""x1"": 641, ""y1"": 350, ""rgb"": [179, 179, 179]}, {""label"": ""저장"", ""x0"": 530, ""y0"": 39, ""x1"": 680, ""y1"": 93, ""rgb"": [179, 179, 179]}, {""label"": ""홈"", ""x0"": 61, ""y0"": 186, ""x1"": 211, ""y1"": 240, ""rgb"": [179, 179, 179]}, {""label"": ""도움말"", ""x0"": 665, ""y0"": 494, ""x1"": 815, ""y1"": 548, ""rgb"": [179, 179, 179]}, {""label"": ""삭제"", ""x0"": 50, ""y0"": 442, ""x1"": 200, ""y1"": 496, ""rgb"": [179, 179, 179]}]"
d3_L15_h155_N.png,15,0,155,278,로그인,258,322,183,295,333,349,"113,196,147",#71c493,0.451,72.95,39.99,"179,179,179","70,70,70",4.503,8.789,515,7030,"[{""label"": ""로그인"", ""x0"": 183, ""y0"": 295, ""x1"": 333, ""y1"": 349, ""rgb"": [113, 196, 147]}, {""label"": ""취소"", ""x0"": 304, ""y0"": 151, ""x1"": 454, ""y1"": 205, ""rgb"": [179, 179, 179]}, {""label"": ""설정"", ""x0"": 112, ""y0"": 25, ""x1"": 262, ""y1"": 79, ""rgb"": [179, 179, 179]}, {""label"": ""검색"", ""x0"": 491, ""y0"": 296, ""x1"": 641, ""y1"": 350, ""rgb"": [179, 179, 179]}, {""label"": ""저장"", ""x0"": 530, ""y0"": 39, ""x1"": 680, ""y1"": 93, ""rgb"": [179, 179, 179]}, {""label"": ""홈"", ""x0"": 61, ""y0"": 186, ""x1"": 211, ""y1"": 240, ""rgb"": [179, 179, 179]}, {""label"": ""도움말"", ""x0"": 665, ""y0"": 494, ""x1"": 815, ""y1"": 548, ""rgb"": [179, 179, 179]}, {""label"": ""삭제"", ""x0"": 50, ""y0"": 442, ""x1"": 200, ""y1"": 496, ""rgb"": [179, 179, 179]}]"
d3_L15_h200_M.png,15,1,200,279,로그인,622,322,547,295,697,349,"24,198,203",#18c6cb,0.4489,72.82,39.91,"179,179,179","70,70,70",4.485,8.754,515,7031,"[{""label"": ""로그인"", ""x0"": 547, ""y0"": 295, ""x1"": 697, ""y1"": 349, ""rgb"": [24, 198, 203]}, {""label"": ""취소"", ""x0"": 426, ""y0"": 151, ""x1"": 576, ""y1"": 205, ""rgb"": [179, 179, 179]}, {""label"": ""설정"", ""x0"": 618, ""y0"": 25, ""x1"": 768, ""y1"": 79, ""rgb"": [179, 179, 179]}, {""label"": ""검색"", ""x0"": 239, ""y0"": 296, ""x1"": 389, ""y1"": 350, ""rgb"": [179, 179, 179]}, {""label"": ""저장"", ""x0"": 200, ""y0"": 39, ""x1"": 350, ""y1"": 93, ""rgb"": [179, 179, 179]}, {""label"": ""홈"", ""x0"": 669, ""y0"": 186, ""x1"": 819, ""y1"": 240, ""rgb"": [179, 179, 179]}, {""label"": ""도움말"", ""x0"": 65, ""y0"": 494, ""x1"": 215, ""y1"": 548, ""rgb"": [179, 179, 179]}, {""label"": ""삭제"", ""x0"": 680, ""y0"": 442, ""x1"": 830, ""y1"": 496, ""rgb"": [179, 179, 179]}]"
d3_L15_h65_M.png,15,1,65,280,로그인,622,322,547,295,697,349,"228,166,113",#e4a671,0.4496,72.87,40.03,"179,179,179","70,70,70",4.491,8.766,515,7031,"[{""label"": ""로그인"", ""x0"": 547, ""y0"": 295, ""x1"": 697, ""y1"": 349, ""rgb"": [228, 166, 113]}, {""label"": ""취소"", ""x0"": 426, ""y0"": 151, ""x1"": 576, ""y1"": 205, ""rgb"": [179, 179, 179]}, {""label"": ""설정"", ""x0"": 618, ""y0"": 25, ""x1"": 768, ""y1"": 79, ""rgb"": [179, 179, 179]}, {""label"": ""검색"", ""x0"": 239, ""y0"": 296, ""x1"": 389, ""y1"": 350, ""rgb"": [179, 179, 179]}, {""label"": ""저장"", ""x0"": 200, ""y0"": 39, ""x1"": 350, ""y1"": 93, ""rgb"": [179, 179, 179]}, {""label"": ""홈"", ""x0"": 669, ""y0"": 186, ""x1"": 819, ""y1"": 240, ""rgb"": [179, 179, 179]}, {""label"": ""도움말"", ""x0"": 65, ""y0"": 494, ""x1"": 215, ""y1"": 548, ""rgb"": [179, 179, 179]}, {""label"": ""삭제"", ""x0"": 680, ""y0"": 442, ""x1"": 830, ""y1"": 496, ""rgb"": [179, 179, 179]}]"
d3_L15_h110_M.png,15,1,110,281,로그인,622,322,547,295,697,349,"178,184,109",#b2b86d,0.4485,72.79,39.73,"179,179,179","70,70,70",4.481,8.746,515,7031,"[{""label"": ""로그인"", ""x0"": 547, ""y0"": 295, ""x1"": 697, ""y1"": 349, ""rgb"": [178, 184, 109]}, {""label"": ""취소"", ""x0"": 426, ""y0"": 151, ""x1"": 576, ""y1"": 205, ""rgb"": [179, 179, 179]}, {""label"": ""설정"", ""x0"": 618, ""y0"": 25, ""x1"": 768, ""y1"": 79, ""rgb"": [179, 179, 179]}, {""label"": ""검색"", ""x0"": 239, ""y0"": 296, ""x1"": 389, ""y1"": 350, ""rgb"": [179, 179, 179]}, {""label"": ""저장"", ""x0"": 200, ""y0"": 39, ""x1"": 350, ""y1"": 93, ""rgb"": [179, 179, 179]}, {""label"": ""홈"", ""x0"": 669, ""y0"": 186, ""x1"": 819, ""y1"": 240, ""rgb"": [179, 179, 179]}, {""label"": ""도움말"", ""x0"": 65, ""y0"": 494, ""x1"": 215, ""y1"": 548, ""rgb"": [179, 179, 179]}, {""label"": ""삭제"", ""x0"": 680, ""y0"": 442, ""x1"": 830, ""y1"": 496, ""rgb"": [179, 179, 179]}]"
d3_L15_gray_M.png,15,1,gray,282,로그인,622,322,547,295,697,349,"179,179,179",#b3b3b3,0.4508,72.94,0.0,"179,179,179","70,70,70",4.502,8.786,515,7031,"[{""label"": ""로그인"", ""x0"": 547, ""y0"": 295, ""x1"": 697, ""y1"": 349, ""rgb"": [179, 179, 179]}, {""label"": ""취소"", ""x0"": 426, ""y0"": 151, ""x1"": 576, ""y1"": 205, ""rgb"": [179, 179, 179]}, {""label"": ""설정"", ""x0"": 618, ""y0"": 25, ""x1"": 768, ""y1"": 79, ""rgb"": [179, 179, 179]}, {""label"": ""검색"", ""x0"": 239, ""y0"": 296, ""x1"": 389, ""y1"": 350, ""rgb"": [179, 179, 179]}, {""label"": ""저장"", ""x0"": 200, ""y0"": 39, ""x1"": 350, ""y1"": 93, ""rgb"": [179, 179, 179]}, {""label"": ""홈"", ""x0"": 669, ""y0"": 186, ""x1"": 819, ""y1"": 240, ""rgb"": [179, 179, 179]}, {""label"": ""도움말"", ""x0"": 65, ""y0"": 494, ""x1"": 215, ""y1"": 548, ""rgb"": [179, 179, 179]}, {""label"": ""삭제"", ""x0"": 680, ""y0"": 442, ""x1"": 830, ""y1"": 496, ""rgb"": [179, 179, 179]}]"
d3_L15_h155_M.png,15,1,155,283,로그인,622,322,547,295,697,349,"113,196,147",#71c493,0.451,72.95,39.99,"179,179,179","70,70,70",4.503,8.789,515,7031,"[{""label"": ""로그인"", ""x0"": 547, ""y0"": 295, ""x1"": 697, ""y1"": 349, ""rgb"": [113, 196, 147]}, {""label"": ""취소"", ""x0"": 426, ""y0"": 151, ""x1"": 576, ""y1"": 205, ""rgb"": [179, 179, 179]}, {""label"": ""설정"", ""x0"": 618, ""y0"": 25, ""x1"": 768, ""y1"": 79, ""rgb"": [179, 179, 179]}, {""label"": ""검색"", ""x0"": 239, ""y0"": 296, ""x1"": 389, ""y1"": 350, ""rgb"": [179, 179, 179]}, {""label"": ""저장"", ""x0"": 200, ""y0"": 39, ""x1"": 350, ""y1"": 93, ""rgb"": [179, 179, 179]}, {""label"": ""홈"", ""x0"": 669, ""y0"": 186, ""x1"": 819, ""y1"": 240, ""rgb"": [179, 179, 179]}, {""label"": ""도움말"", ""x0"": 65, ""y0"": 494, ""x1"": 215, ""y1"": 548, ""rgb"": [179, 179, 179]}, {""label"": ""삭제"", ""x0"": 680, ""y0"": 442, ""x1"": 830, ""y1"": 496, ""rgb"": [179, 179, 179]}]"
d3_L15_h290_M.png,15,1,290,284,로그인,622,322,547,295,697,349,"165,174,248",#a5aef8,0.4505,72.92,40.21,"179,179,179","70,70,70",4.499,8.781,515,7031,"[{""label"": ""로그인"", ""x0"": 547, ""y0"": 295, ""x1"": 697, ""y1"": 349, ""rgb"": [165, 174, 248]}, {""label"": ""취소"", ""x0"": 426, ""y0"": 151, ""x1"": 576, ""y1"": 205, ""rgb"": [179, 179, 179]}, {""label"": ""설정"", ""x0"": 618, ""y0"": 25, ""x1"": 768, ""y1"": 79, ""rgb"": [179, 179, 179]}, {""label"": ""검색"", ""x0"": 239, ""y0"": 296, ""x1"": 389, ""y1"": 350, ""rgb"": [179, 179, 179]}, {""label"": ""저장"", ""x0"": 200, ""y0"": 39, ""x1"": 350, ""y1"": 93, ""rgb"": [179, 179, 179]}, {""label"": ""홈"", ""x0"": 669, ""y0"": 186, ""x1"": 819, ""y1"": 240, ""rgb"": [179, 179, 179]}, {""label"": ""도움말"", ""x0"": 65, ""y0"": 494, ""x1"": 215, ""y1"": 548, ""rgb"": [179, 179, 179]}, {""label"": ""삭제"", ""x0"": 680, ""y0"": 442, ""x1"": 830, ""y1"": 496, ""rgb"": [179, 179, 179]}]"
d3_L15_h335_M.png,15,1,335,285,로그인,622,322,547,295,697,349,"230,155,211",#e69bd3,0.4497,72.87,40.22,"179,179,179","70,70,70",4.492,8.767,515,7031,"[{""label"": ""로그인"", ""x0"": 547, ""y0"": 295, ""x1"": 697, ""y1"": 349, ""rgb"": [230, 155, 211]}, {""label"": ""취소"", ""x0"": 426, ""y0"": 151, ""x1"": 576, ""y1"": 205, ""rgb"": [179, 179, 179]}, {""label"": ""설정"", ""x0"": 618, ""y0"": 25, ""x1"": 768, ""y1"": 79, ""rgb"": [179, 179, 179]}, {""label"": ""검색"", ""x0"": 239, ""y0"": 296, ""x1"": 389, ""y1"": 350, ""rgb"": [179, 179, 179]}, {""label"": ""저장"", ""x0"": 200, ""y0"": 39, ""x1"": 350, ""y1"": 93, ""rgb"": [179, 179, 179]}, {""label"": ""홈"", ""x0"": 669, ""y0"": 186, ""x1"": 819, ""y1"": 240, ""rgb"": [179, 179, 179]}, {""label"": ""도움말"", ""x0"": 65, ""y0"": 494, ""x1"": 215, ""y1"": 548, ""rgb"": [179, 179, 179]}, {""label"": ""삭제"", ""x0"": 680, ""y0"": 442, ""x1"": 830, ""y1"": 496, ""rgb"": [179, 179, 179]}]"
d3_L15_h20_M.png,15,1,20,286,로그인,622,322,547,295,697,349,"250,151,156",#fa979c,0.4486,72.8,39.94,"179,179,179","70,70,70",4.482,8.748,515,7031,"[{""label"": ""로그인"", ""x0"": 547, ""y0"": 295, ""x1"": 697, ""y1"": 349, ""rgb"": [250, 151, 156]}, {""label"": ""취소"", ""x0"": 426, ""y0"": 151, ""x1"": 576, ""y1"": 205, ""rgb"": [179, 179, 179]}, {""label"": ""설정"", ""x0"": 618, ""y0"": 25, ""x1"": 768, ""y1"": 79, ""rgb"": [179, 179, 179]}, {""label"": ""검색"", ""x0"": 239, ""y0"": 296, ""x1"": 389, ""y1"": 350, ""rgb"": [179, 179, 179]}, {""label"": ""저장"", ""x0"": 200, ""y0"": 39, ""x1"": 350, ""y1"": 93, ""rgb"": [179, 179, 179]}, {""label"": ""홈"", ""x0"": 669, ""y0"": 186, ""x1"": 819, ""y1"": 240, ""rgb"": [179, 179, 179]}, {""label"": ""도움말"", ""x0"": 65, ""y0"": 494, ""x1"": 215, ""y1"": 548, ""rgb"": [179, 179, 179]}, {""label"": ""삭제"", ""x0"": 680, ""y0"": 442, ""x1"": 830, ""y1"": 496, ""rgb"": [179, 179, 179]}]"
d3_L15_h245_M.png,15,1,245,287,로그인,622,322,547,295,697,349,"67,191,244",#43bff4,0.4498,72.88,39.9,"179,179,179","70,70,70",4.493,8.77,515,7031,"[{""label"": ""로그인"", ""x0"": 547, ""y0"": 295, ""x1"": 697, ""y1"": 349, ""rgb"": [67, 191, 244]}, {""label"": ""취소"", ""x0"": 426, ""y0"": 151, ""x1"": 576, ""y1"": 205, ""rgb"": [179, 179, 179]}, {""label"": ""설정"", ""x0"": 618, ""y0"": 25, ""x1"": 768, ""y1"": 79, ""rgb"": [179, 179, 179]}, {""label"": ""검색"", ""x0"": 239, ""y0"": 296, ""x1"": 389, ""y1"": 350, ""rgb"": [179, 179, 179]}, {""label"": ""저장"", ""x0"": 200, ""y0"": 39, ""x1"": 350, ""y1"": 93, ""rgb"": [179, 179, 179]}, {""label"": ""홈"", ""x0"": 669, ""y0"": 186, ""x1"": 819, ""y1"": 240, ""rgb"": [179, 179, 179]}, {""label"": ""도움말"", ""x0"": 65, ""y0"": 494, ""x1"": 215, ""y1"": 548, ""rgb"": [179, 179, 179]}, {""label"": ""삭제"", ""x0"": 680, ""y0"": 442, ""x1"": 830, ""y1"": 496, ""rgb"": [179, 179, 179]}]"
d3_L16_h290_N.png,16,0,290,288,로그인,333,58,258,31,408,85,"165,174,248",#a5aef8,0.4505,72.92,40.21,"179,179,179","70,70,70",4.499,8.781,516,7032,"[{""label"": ""로그인"", ""x0"": 258, ""y0"": 31, ""x1"": 408, ""y1"": 85, ""rgb"": [165, 174, 248]}, {""label"": ""취소"", ""x0"": 189, ""y0"": 382, ""x1"": 339, ""y1"": 436, ""rgb"": [179, 179, 179]}, {""label"": ""설정"", ""x0"": 74, ""y0"": 297, ""x1"": 224, ""y1"": 351, ""rgb"": [179, 179, 179]}, {""label"": ""검색"", ""x0"": 38, ""y0"": 167, ""x1"": 188, ""y1"": 221, ""rgb"": [179, 179, 179]}, {""label"": ""저장"", ""x0"": 533, ""y0"": 388, ""x1"": 683, ""y1"": 442, ""rgb"": [179, 179, 179]}, {""label"": ""홈"", ""x0"": 464, ""y0"": 157, ""x1"": 614, ""y1"": 211, ""rgb"": [179, 179, 179]}, {""label"": ""도움말"", ""x0"": 633, ""y0"": 75, ""x1"": 783, ""y1"": 129, ""rgb"": [179, 179, 179]}, {""label"": ""삭제"", ""x0"": 478, ""y0"": 513, ""x1"": 628, ""y1"": 567, ""rgb"": [179, 179, 179]}]"
d3_L16_h65_N.png,16,0,65,289,로그인,333,58,258,31,408,85,"228,166,113",#e4a671,0.4496,72.87,40.03,"179,179,179","70,70,70",4.491,8.766,516,7032,"[{""label"": ""로그인"", ""x0"": 258, ""y0"": 31, ""x1"": 408, ""y1"": 85, ""rgb"": [228, 166, 113]}, {""label"": ""취소"", ""x0"": 189, ""y0"": 382, ""x1"": 339, ""y1"": 436, ""rgb"": [179, 179, 179]}, {""label"": ""설정"", ""x0"": 74, ""y0"": 297, ""x1"": 224, ""y1"": 351, ""rgb"": [179, 179, 179]}, {""label"": ""검색"", ""x0"": 38, ""y0"": 167, ""x1"": 188, ""y1"": 221, ""rgb"": [179, 179, 179]}, {""label"": ""저장"", ""x0"": 533, ""y0"": 388, ""x1"": 683, ""y1"": 442, ""rgb"": [179, 179, 179]}, {""label"": ""홈"", ""x0"": 464, ""y0"": 157, ""x1"": 614, ""y1"": 211, ""rgb"": [179, 179, 179]}, {""label"": ""도움말"", ""x0"": 633, ""y0"": 75, ""x1"": 783, ""y1"": 129, ""rgb"": [179, 179, 179]}, {""label"": ""삭제"", ""x0"": 478, ""y0"": 513, ""x1"": 628, ""y1"": 567, ""rgb"": [179, 179, 179]}]"
d3_L16_h245_N.png,16,0,245,290,로그인,333,58,258,31,408,85,"67,191,244",#43bff4,0.4498,72.88,39.9,"179,179,179","70,70,70",4.493,8.77,516,7032,"[{""label"": ""로그인"", ""x0"": 258, ""y0"": 31, ""x1"": 408, ""y1"": 85, ""rgb"": [67, 191, 244]}, {""label"": ""취소"", ""x0"": 189, ""y0"": 382, ""x1"": 339, ""y1"": 436, ""rgb"": [179, 179, 179]}, {""label"": ""설정"", ""x0"": 74, ""y0"": 297, ""x1"": 224, ""y1"": 351, ""rgb"": [179, 179, 179]}, {""label"": ""검색"", ""x0"": 38, ""y0"": 167, ""x1"": 188, ""y1"": 221, ""rgb"": [179, 179, 179]}, {""label"": ""저장"", ""x0"": 533, ""y0"": 388, ""x1"": 683, ""y1"": 442, ""rgb"": [179, 179, 179]}, {""label"": ""홈"", ""x0"": 464, ""y0"": 157, ""x1"": 614, ""y1"": 211, ""rgb"": [179, 179, 179]}, {""label"": ""도움말"", ""x0"": 633, ""y0"": 75, ""x1"": 783, ""y1"": 129, ""rgb"": [179, 179, 179]}, {""label"": ""삭제"", ""x0"": 478, ""y0"": 513, ""x1"": 628, ""y1"": 567, ""rgb"": [179, 179, 179]}]"
d3_L16_h335_N.png,16,0,335,291,로그인,333,58,258,31,408,85,"230,155,211",#e69bd3,0.4497,72.87,40.22,"179,179,179","70,70,70",4.492,8.767,516,7032,"[{""label"": ""로그인"", ""x0"": 258, ""y0"": 31, ""x1"": 408, ""y1"": 85, ""rgb"": [230, 155, 211]}, {""label"": ""취소"", ""x0"": 189, ""y0"": 382, ""x1"": 339, ""y1"": 436, ""rgb"": [179, 179, 179]}, {""label"": ""설정"", ""x0"": 74, ""y0"": 297, ""x1"": 224, ""y1"": 351, ""rgb"": [179, 179, 179]}, {""label"": ""검색"", ""x0"": 38, ""y0"": 167, ""x1"": 188, ""y1"": 221, ""rgb"": [179, 179, 179]}, {""label"": ""저장"", ""x0"": 533, ""y0"": 388, ""x1"": 683, ""y1"": 442, ""rgb"": [179, 179, 179]}, {""label"": ""홈"", ""x0"": 464, ""y0"": 157, ""x1"": 614, ""y1"": 211, ""rgb"": [179, 179, 179]}, {""label"": ""도움말"", ""x0"": 633, ""y0"": 75, ""x1"": 783, ""y1"": 129, ""rgb"": [179, 179, 179]}, {""label"": ""삭제"", ""x0"": 478, ""y0"": 513, ""x1"": 628, ""y1"": 567, ""rgb"": [179, 179, 179]}]"
d3_L16_gray_N.png,16,0,gray,292,로그인,333,58,258,31,408,85,"179,179,179",#b3b3b3,0.4508,72.94,0.0,"179,179,179","70,70,70",4.502,8.786,516,7032,"[{""label"": ""로그인"", ""x0"": 258, ""y0"": 31, ""x1"": 408, ""y1"": 85, ""rgb"": [179, 179, 179]}, {""label"": ""취소"", ""x0"": 189, ""y0"": 382, ""x1"": 339, ""y1"": 436, ""rgb"": [179, 179, 179]}, {""label"": ""설정"", ""x0"": 74, ""y0"": 297, ""x1"": 224, ""y1"": 351, ""rgb"": [179, 179, 179]}, {""label"": ""검색"", ""x0"": 38, ""y0"": 167, ""x1"": 188, ""y1"": 221, ""rgb"": [179, 179, 179]}, {""label"": ""저장"", ""x0"": 533, ""y0"": 388, ""x1"": 683, ""y1"": 442, ""rgb"": [179, 179, 179]}, {""label"": ""홈"", ""x0"": 464, ""y0"": 157, ""x1"": 614, ""y1"": 211, ""rgb"": [179, 179, 179]}, {""label"": ""도움말"", ""x0"": 633, ""y0"": 75, ""x1"": 783, ""y1"": 129, ""rgb"": [179, 179, 179]}, {""label"": ""삭제"", ""x0"": 478, ""y0"": 513, ""x1"": 628, ""y1"": 567, ""rgb"": [179, 179, 179]}]"
d3_L16_h20_N.png,16,0,20,293,로그인,333,58,258,31,408,85,"250,151,156",#fa979c,0.4486,72.8,39.94,"179,179,179","70,70,70",4.482,8.748,516,7032,"[{""label"": ""로그인"", ""x0"": 258, ""y0"": 31, ""x1"": 408, ""y1"": 85, ""rgb"": [250, 151, 156]}, {""label"": ""취소"", ""x0"": 189, ""y0"": 382, ""x1"": 339, ""y1"": 436, ""rgb"": [179, 179, 179]}, {""label"": ""설정"", ""x0"": 74, ""y0"": 297, ""x1"": 224, ""y1"": 351, ""rgb"": [179, 179, 179]}, {""label"": ""검색"", ""x0"": 38, ""y0"": 167, ""x1"": 188, ""y1"": 221, ""rgb"": [179, 179, 179]}, {""label"": ""저장"", ""x0"": 533, ""y0"": 388, ""x1"": 683, ""y1"": 442, ""rgb"": [179, 179, 179]}, {""label"": ""홈"", ""x0"": 464, ""y0"": 157, ""x1"": 614, ""y1"": 211, ""rgb"": [179, 179, 179]}, {""label"": ""도움말"", ""x0"": 633, ""y0"": 75, ""x1"": 783, ""y1"": 129, ""rgb"": [179, 179, 179]}, {""label"": ""삭제"", ""x0"": 478, ""y0"": 513, ""x1"": 628, ""y1"": 567, ""rgb"": [179, 179, 179]}]"
d3_L16_h110_N.png,16,0,110,294,로그인,333,58,258,31,408,85,"178,184,109",#b2b86d,0.4485,72.79,39.73,"179,179,179","70,70,70",4.481,8.746,516,7032,"[{""label"": ""로그인"", ""x0"": 258, ""y0"": 31, ""x1"": 408, ""y1"": 85, ""rgb"": [178, 184, 109]}, {""label"": ""취소"", ""x0"": 189, ""y0"": 382, ""x1"": 339, ""y1"": 436, ""rgb"": [179, 179, 179]}, {""label"": ""설정"", ""x0"": 74, ""y0"": 297, ""x1"": 224, ""y1"": 351, ""rgb"": [179, 179, 179]}, {""label"": ""검색"", ""x0"": 38, ""y0"": 167, ""x1"": 188, ""y1"": 221, ""rgb"": [179, 179, 179]}, {""label"": ""저장"", ""x0"": 533, ""y0"": 388, ""x1"": 683, ""y1"": 442, ""rgb"": [179, 179, 179]}, {""label"": ""홈"", ""x0"": 464, ""y0"": 157, ""x1"": 614, ""y1"": 211, ""rgb"": [179, 179, 179]}, {""label"": ""도움말"", ""x0"": 633, ""y0"": 75, ""x1"": 783, ""y1"": 129, ""rgb"": [179, 179, 179]}, {""label"": ""삭제"", ""x0"": 478, ""y0"": 513, ""x1"": 628, ""y1"": 567, ""rgb"": [179, 179, 179]}]"
d3_L16_h155_N.png,16,0,155,295,로그인,333,58,258,31,408,85,"113,196,147",#71c493,0.451,72.95,39.99,"179,179,179","70,70,70",4.503,8.789,516,7032,"[{""label"": ""로그인"", ""x0"": 258, ""y0"": 31, ""x1"": 408, ""y1"": 85, ""rgb"": [113, 196, 147]}, {""label"": ""취소"", ""x0"": 189, ""y0"": 382, ""x1"": 339, ""y1"": 436, ""rgb"": [179, 179, 179]}, {""label"": ""설정"", ""x0"": 74, ""y0"": 297, ""x1"": 224, ""y1"": 351, ""rgb"": [179, 179, 179]}, {""label"": ""검색"", ""x0"": 38, ""y0"": 167, ""x1"": 188, ""y1"": 221, ""rgb"": [179, 179, 179]}, {""label"": ""저장"", ""x0"": 533, ""y0"": 388, ""x1"": 683, ""y1"": 442, ""rgb"": [179, 179, 179]}, {""label"": ""홈"", ""x0"": 464, ""y0"": 157, ""x1"": 614, ""y1"": 211, ""rgb"": [179, 179, 179]}, {""label"": ""도움말"", ""x0"": 633, ""y0"": 75, ""x1"": 783, ""y1"": 129, ""rgb"": [179, 179, 179]}, {""label"": ""삭제"", ""x0"": 478, ""y0"": 513, ""x1"": 628, ""y1"": 567, ""rgb"": [179, 179, 179]}]"
d3_L16_h200_N.png,16,0,200,296,로그인,333,58,258,31,408,85,"24,198,203",#18c6cb,0.4489,72.82,39.91,"179,179,179","70,70,70",4.485,8.754,516,7032,"[{""label"": ""로그인"", ""x0"": 258, ""y0"": 31, ""x1"": 408, ""y1"": 85, ""rgb"": [24, 198, 203]}, {""label"": ""취소"", ""x0"": 189, ""y0"": 382, ""x1"": 339, ""y1"": 436, ""rgb"": [179, 179, 179]}, {""label"": ""설정"", ""x0"": 74, ""y0"": 297, ""x1"": 224, ""y1"": 351, ""rgb"": [179, 179, 179]}, {""label"": ""검색"", ""x0"": 38, ""y0"": 167, ""x1"": 188, ""y1"": 221, ""rgb"": [179, 179, 179]}, {""label"": ""저장"", ""x0"": 533, ""y0"": 388, ""x1"": 683, ""y1"": 442, ""rgb"": [179, 179, 179]}, {""label"": ""홈"", ""x0"": 464, ""y0"": 157, ""x1"": 614, ""y1"": 211, ""rgb"": [179, 179, 179]}, {""label"": ""도움말"", ""x0"": 633, ""y0"": 75, ""x1"": 783, ""y1"": 129, ""rgb"": [179, 179, 179]}, {""label"": ""삭제"", ""x0"": 478, ""y0"": 513, ""x1"": 628, ""y1"": 567, ""rgb"": [179, 179, 179]}]"
d3_L16_gray_M.png,16,1,gray,297,로그인,547,58,472,31,622,85,"179,179,179",#b3b3b3,0.4508,72.94,0.0,"179,179,179","70,70,70",4.502,8.786,516,7033,"[{""label"": ""로그인"", ""x0"": 472, ""y0"": 31, ""x1"": 622, ""y1"": 85, ""rgb"": [179, 179, 179]}, {""label"": ""취소"", ""x0"": 541, ""y0"": 382, ""x1"": 691, ""y1"": 436, ""rgb"": [179, 179, 179]}, {""label"": ""설정"", ""x0"": 656, ""y0"": 297, ""x1"": 806, ""y1"": 351, ""rgb"": [179, 179, 179]}, {""label"": ""검색"", ""x0"": 692, ""y0"": 167, ""x1"": 842, ""y1"": 221, ""rgb"": [179, 179, 179]}, {""label"": ""저장"", ""x0"": 197, ""y0"": 388, ""x1"": 347, ""y1"": 442, ""rgb"": [179, 179, 179]}, {""label"": ""홈"", ""x0"": 266, ""y0"": 157, ""x1"": 416, ""y1"": 211, ""rgb"": [179, 179, 179]}, {""label"": ""도움말"", ""x0"": 97, ""y0"": 75, ""x1"": 247, ""y1"": 129, ""rgb"": [179, 179, 179]}, {""label"": ""삭제"", ""x0"": 252, ""y0"": 513, ""x1"": 402, ""y1"": 567, ""rgb"": [179, 179, 179]}]"
d3_L16_h65_M.png,16,1,65,298,로그인,547,58,472,31,622,85,"228,166,113",#e4a671,0.4496,72.87,40.03,"179,179,179","70,70,70",4.491,8.766,516,7033,"[{""label"": ""로그인"", ""x0"": 472, ""y0"": 31, ""x1"": 622, ""y1"": 85, ""rgb"": [228, 166, 113]}, {""label"": ""취소"", ""x0"": 541, ""y0"": 382, ""x1"": 691, ""y1"": 436, ""rgb"": [179, 179, 179]}, {""label"": ""설정"", ""x0"": 656, ""y0"": 297, ""x1"": 806, ""y1"": 351, ""rgb"": [179, 179, 179]}, {""label"": ""검색"", ""x0"": 692, ""y0"": 167, ""x1"": 842, ""y1"": 221, ""rgb"": [179, 179, 179]}, {""label"": ""저장"", ""x0"": 197, ""y0"": 388, ""x1"": 347, ""y1"": 442, ""rgb"": [179, 179, 179]}, {""label"": ""홈"", ""x0"": 266, ""y0"": 157, ""x1"": 416, ""y1"": 211, ""rgb"": [179, 179, 179]}, {""label"": ""도움말"", ""x0"": 97, ""y0"": 75, ""x1"": 247, ""y1"": 129, ""rgb"": [179, 179, 179]}, {""label"": ""삭제"", ""x0"": 252, ""y0"": 513, ""x1"": 402, ""y1"": 567, ""rgb"": [179, 179, 179]}]"
d3_L16_h245_M.png,16,1,245,299,로그인,547,58,472,31,622,85,"67,191,244",#43bff4,0.4498,72.88,39.9,"179,179,179","70,70,70",4.493,8.77,516,7033,"[{""label"": ""로그인"", ""x0"": 472, ""y0"": 31, ""x1"": 622, ""y1"": 85, ""rgb"": [67, 191, 244]}, {""label"": ""취소"", ""x0"": 541, ""y0"": 382, ""x1"": 691, ""y1"": 436, ""rgb"": [179, 179, 179]}, {""label"": ""설정"", ""x0"": 656, ""y0"": 297, ""x1"": 806, ""y1"": 351, ""rgb"": [179, 179, 179]}, {""label"": ""검색"", ""x0"": 692, ""y0"": 167, ""x1"": 842, ""y1"": 221, ""rgb"": [179, 179, 179]}, {""label"": ""저장"", ""x0"": 197, ""y0"": 388, ""x1"": 347, ""y1"": 442, ""rgb"": [179, 179, 179]}, {""label"": ""홈"", ""x0"": 266, ""y0"": 157, ""x1"": 416, ""y1"": 211, ""rgb"": [179, 179, 179]}, {""label"": ""도움말"", ""x0"": 97, ""y0"": 75, ""x1"": 247, ""y1"": 129, ""rgb"": [179, 179, 179]}, {""label"": ""삭제"", ""x0"": 252, ""y0"": 513, ""x1"": 402, ""y1"": 567, ""rgb"": [179, 179, 179]}]"
d3_L16_h155_M.png,16,1,155,300,로그인,547,58,472,31,622,85,"113,196,147",#71c493,0.451,72.95,39.99,"179,179,179","70,70,70",4.503,8.789,516,7033,"[{""label"": ""로그인"", ""x0"": 472, ""y0"": 31, ""x1"": 622, ""y1"": 85, ""rgb"": [113, 196, 147]}, {""label"": ""취소"", ""x0"": 541, ""y0"": 382, ""x1"": 691, ""y1"": 436, ""rgb"": [179, 179, 179]}, {""label"": ""설정"", ""x0"": 656, ""y0"": 297, ""x1"": 806, ""y1"": 351, ""rgb"": [179, 179, 179]}, {""label"": ""검색"", ""x0"": 692, ""y0"": 167, ""x1"": 842, ""y1"": 221, ""rgb"": [179, 179, 179]}, {""label"": ""저장"", ""x0"": 197, ""y0"": 388, ""x1"": 347, ""y1"": 442, ""rgb"": [179, 179, 179]}, {""label"": ""홈"", ""x0"": 266, ""y0"": 157, ""x1"": 416, ""y1"": 211, ""rgb"": [179, 179, 179]}, {""label"": ""도움말"", ""x0"": 97, ""y0"": 75, ""x1"": 247, ""y1"": 129, ""rgb"": [179, 179, 179]}, {""label"": ""삭제"", ""x0"": 252, ""y0"": 513, ""x1"": 402, ""y1"": 567, ""rgb"": [179, 179, 179]}]"
d3_L16_h200_M.png,16,1,200,301,로그인,547,58,472,31,622,85,"24,198,203",#18c6cb,0.4489,72.82,39.91,"179,179,179","70,70,70",4.485,8.754,516,7033,"[{""label"": ""로그인"", ""x0"": 472, ""y0"": 31, ""x1"": 622, ""y1"": 85, ""rgb"": [24, 198, 203]}, {""label"": ""취소"", ""x0"": 541, ""y0"": 382, ""x1"": 691, ""y1"": 436, ""rgb"": [179, 179, 179]}, {""label"": ""설정"", ""x0"": 656, ""y0"": 297, ""x1"": 806, ""y1"": 351, ""rgb"": [179, 179, 179]}, {""label"": ""검색"", ""x0"": 692, ""y0"": 167, ""x1"": 842, ""y1"": 221, ""rgb"": [179, 179, 179]}, {""label"": ""저장"", ""x0"": 197, ""y0"": 388, ""x1"": 347, ""y1"": 442, ""rgb"": [179, 179, 179]}, {""label"": ""홈"", ""x0"": 266, ""y0"": 157, ""x1"": 416, ""y1"": 211, ""rgb"": [179, 179, 179]}, {""label"": ""도움말"", ""x0"": 97, ""y0"": 75, ""x1"": 247, ""y1"": 129, ""rgb"": [179, 179, 179]}, {""label"": ""삭제"", ""x0"": 252, ""y0"": 513, ""x1"": 402, ""y1"": 567, ""rgb"": [179, 179, 179]}]"
d3_L16_h290_M.png,16,1,290,302,로그인,547,58,472,31,622,85,"165,174,248",#a5aef8,0.4505,72.92,40.21,"179,179,179","70,70,70",4.499,8.781,516,7033,"[{""label"": ""로그인"", ""x0"": 472, ""y0"": 31, ""x1"": 622, ""y1"": 85, ""rgb"": [165, 174, 248]}, {""label"": ""취소"", ""x0"": 541, ""y0"": 382, ""x1"": 691, ""y1"": 436, ""rgb"": [179, 179, 179]}, {""label"": ""설정"", ""x0"": 656, ""y0"": 297, ""x1"": 806, ""y1"": 351, ""rgb"": [179, 179, 179]}, {""label"": ""검색"", ""x0"": 692, ""y0"": 167, ""x1"": 842, ""y1"": 221, ""rgb"": [179, 179, 179]}, {""label"": ""저장"", ""x0"": 197, ""y0"": 388, ""x1"": 347, ""y1"": 442, ""rgb"": [179, 179, 179]}, {""label"": ""홈"", ""x0"": 266, ""y0"": 157, ""x1"": 416, ""y1"": 211, ""rgb"": [179, 179, 179]}, {""label"": ""도움말"", ""x0"": 97, ""y0"": 75, ""x1"": 247, ""y1"": 129, ""rgb"": [179, 179, 179]}, {""label"": ""삭제"", ""x0"": 252, ""y0"": 513, ""x1"": 402, ""y1"": 567, ""rgb"": [179, 179, 179]}]"
d3_L16_h335_M.png,16,1,335,303,로그인,547,58,472,31,622,85,"230,155,211",#e69bd3,0.4497,72.87,40.22,"179,179,179","70,70,70",4.492,8.767,516,7033,"[{""label"": ""로그인"", ""x0"": 472, ""y0"": 31, ""x1"": 622, ""y1"": 85, ""rgb"": [230, 155, 211]}, {""label"": ""취소"", ""x0"": 541, ""y0"": 382, ""x1"": 691, ""y1"": 436, ""rgb"": [179, 179, 179]}, {""label"": ""설정"", ""x0"": 656, ""y0"": 297, ""x1"": 806, ""y1"": 351, ""rgb"": [179, 179, 179]}, {""label"": ""검색"", ""x0"": 692, ""y0"": 167, ""x1"": 842, ""y1"": 221, ""rgb"": [179, 179, 179]}, {""label"": ""저장"", ""x0"": 197, ""y0"": 388, ""x1"": 347, ""y1"": 442, ""rgb"": [179, 179, 179]}, {""label"": ""홈"", ""x0"": 266, ""y0"": 157, ""x1"": 416, ""y1"": 211, ""rgb"": [179, 179, 179]}, {""label"": ""도움말"", ""x0"": 97, ""y0"": 75, ""x1"": 247, ""y1"": 129, ""rgb"": [179, 179, 179]}, {""label"": ""삭제"", ""x0"": 252, ""y0"": 513, ""x1"": 402, ""y1"": 567, ""rgb"": [179, 179, 179]}]"
d3_L16_h20_M.png,16,1,20,304,로그인,547,58,472,31,622,85,"250,151,156",#fa979c,0.4486,72.8,39.94,"179,179,179","70,70,70",4.482,8.748,516,7033,"[{""label"": ""로그인"", ""x0"": 472, ""y0"": 31, ""x1"": 622, ""y1"": 85, ""rgb"": [250, 151, 156]}, {""label"": ""취소"", ""x0"": 541, ""y0"": 382, ""x1"": 691, ""y1"": 436, ""rgb"": [179, 179, 179]}, {""label"": ""설정"", ""x0"": 656, ""y0"": 297, ""x1"": 806, ""y1"": 351, ""rgb"": [179, 179, 179]}, {""label"": ""검색"", ""x0"": 692, ""y0"": 167, ""x1"": 842, ""y1"": 221, ""rgb"": [179, 179, 179]}, {""label"": ""저장"", ""x0"": 197, ""y0"": 388, ""x1"": 347, ""y1"": 442, ""rgb"": [179, 179, 179]}, {""label"": ""홈"", ""x0"": 266, ""y0"": 157, ""x1"": 416, ""y1"": 211, ""rgb"": [179, 179, 179]}, {""label"": ""도움말"", ""x0"": 97, ""y0"": 75, ""x1"": 247, ""y1"": 129, ""rgb"": [179, 179, 179]}, {""label"": ""삭제"", ""x0"": 252, ""y0"": 513, ""x1"": 402, ""y1"": 567, ""rgb"": [179, 179, 179]}]"
d3_L16_h110_M.png,16,1,110,305,로그인,547,58,472,31,622,85,"178,184,109",#b2b86d,0.4485,72.79,39.73,"179,179,179","70,70,70",4.481,8.746,516,7033,"[{""label"": ""로그인"", ""x0"": 472, ""y0"": 31, ""x1"": 622, ""y1"": 85, ""rgb"": [178, 184, 109]}, {""label"": ""취소"", ""x0"": 541, ""y0"": 382, ""x1"": 691, ""y1"": 436, ""rgb"": [179, 179, 179]}, {""label"": ""설정"", ""x0"": 656, ""y0"": 297, ""x1"": 806, ""y1"": 351, ""rgb"": [179, 179, 179]}, {""label"": ""검색"", ""x0"": 692, ""y0"": 167, ""x1"": 842, ""y1"": 221, ""rgb"": [179, 179, 179]}, {""label"": ""저장"", ""x0"": 197, ""y0"": 388, ""x1"": 347, ""y1"": 442, ""rgb"": [179, 179, 179]}, {""label"": ""홈"", ""x0"": 266, ""y0"": 157, ""x1"": 416, ""y1"": 211, ""rgb"": [179, 179, 179]}, {""label"": ""도움말"", ""x0"": 97, ""y0"": 75, ""x1"": 247, ""y1"": 129, ""rgb"": [179, 179, 179]}, {""label"": ""삭제"", ""x0"": 252, ""y0"": 513, ""x1"": 402, ""y1"": 567, ""rgb"": [179, 179, 179]}]"
d3_L17_h110_N.png,17,0,110,306,로그인,532,454,457,427,607,481,"178,184,109",#b2b86d,0.4485,72.79,39.73,"179,179,179","70,70,70",4.481,8.746,517,7034,"[{""label"": ""로그인"", ""x0"": 457, ""y0"": 427, ""x1"": 607, ""y1"": 481, ""rgb"": [178, 184, 109]}, {""label"": ""취소"", ""x0"": 218, ""y0"": 457, ""x1"": 368, ""y1"": 511, ""rgb"": [179, 179, 179]}, {""label"": ""설정"", ""x0"": 327, ""y0"": 144, ""x1"": 477, ""y1"": 198, ""rgb"": [179, 179, 179]}, {""label"": ""검색"", ""x0"": 597, ""y0"": 168, ""x1"": 747, ""y1"": 222, ""rgb"": [179, 179, 179]}, {""label"": ""저장"", ""x0"": 75, ""y0"": 102, ""x1"": 225, ""y1"": 156, ""rgb"": [179, 179, 179]}, {""label"": ""홈"", ""x0"": 336, ""y0"": 23, ""x1"": 486, ""y1"": 77, ""rgb"": [179, 179, 179]}, {""label"": ""도움말"", ""x0"": 534, ""y0"": 281, ""x1"": 684, ""y1"": 335, ""rgb"": [179, 179, 179]}, {""label"": ""삭제"", ""x0"": 665, ""y0"": 30, ""x1"": 815, ""y1"": 84, ""rgb"": [179, 179, 179]}]"
d3_L17_h200_N.png,17,0,200,307,로그인,532,454,457,427,607,481,"24,198,203",#18c6cb,0.4489,72.82,39.91,"179,179,179","70,70,70",4.485,8.754,517,7034,"[{""label"": ""로그인"", ""x0"": 457, ""y0"": 427, ""x1"": 607, ""y1"": 481, ""rgb"": [24, 198, 203]}, {""label"": ""취소"", ""x0"": 218, ""y0"": 457, ""x1"": 368, ""y1"": 511, ""rgb"": [179, 179, 179]}, {""label"": ""설정"", ""x0"": 327, ""y0"": 144, ""x1"": 477, ""y1"": 198, ""rgb"": [179, 179, 179]}, {""label"": ""검색"", ""x0"": 597, ""y0"": 168, ""x1"": 747, ""y1"": 222, ""rgb"": [179, 179, 179]}, {""label"": ""저장"", ""x0"": 75, ""y0"": 102, ""x1"": 225, ""y1"": 156, ""rgb"": [179, 179, 179]}, {""label"": ""홈"", ""x0"": 336, ""y0"": 23, ""x1"": 486, ""y1"": 77, ""rgb"": [179, 179, 179]}, {""label"": ""도움말"", ""x0"": 534, ""y0"": 281, ""x1"": 684, ""y1"": 335, ""rgb"": [179, 179, 179]}, {""label"": ""삭제"", ""x0"": 665, ""y0"": 30, ""x1"": 815, ""y1"": 84, ""rgb"": [179, 179, 179]}]"
d3_L17_h65_N.png,17,0,65,308,로그인,532,454,457,427,607,481,"228,166,113",#e4a671,0.4496,72.87,40.03,"179,179,179","70,70,70",4.491,8.766,517,7034,"[{""label"": ""로그인"", ""x0"": 457, ""y0"": 427, ""x1"": 607, ""y1"": 481, ""rgb"": [228, 166, 113]}, {""label"": ""취소"", ""x0"": 218, ""y0"": 457, ""x1"": 368, ""y1"": 511, ""rgb"": [179, 179, 179]}, {""label"": ""설정"", ""x0"": 327, ""y0"": 144, ""x1"": 477, ""y1"": 198, ""rgb"": [179, 179, 179]}, {""label"": ""검색"", ""x0"": 597, ""y0"": 168, ""x1"": 747, ""y1"": 222, ""rgb"": [179, 179, 179]}, {""label"": ""저장"", ""x0"": 75, ""y0"": 102, ""x1"": 225, ""y1"": 156, ""rgb"": [179, 179, 179]}, {""label"": ""홈"", ""x0"": 336, ""y0"": 23, ""x1"": 486, ""y1"": 77, ""rgb"": [179, 179, 179]}, {""label"": ""도움말"", ""x0"": 534, ""y0"": 281, ""x1"": 684, ""y1"": 335, ""rgb"": [179, 179, 179]}, {""label"": ""삭제"", ""x0"": 665, ""y0"": 30, ""x1"": 815, ""y1"": 84, ""rgb"": [179, 179, 179]}]"
d3_L17_h335_N.png,17,0,335,309,로그인,532,454,457,427,607,481,"230,155,211",#e69bd3,0.4497,72.87,40.22,"179,179,179","70,70,70",4.492,8.767,517,7034,"[{""label"": ""로그인"", ""x0"": 457, ""y0"": 427, ""x1"": 607, ""y1"": 481, ""rgb"": [230, 155, 211]}, {""label"": ""취소"", ""x0"": 218, ""y0"": 457, ""x1"": 368, ""y1"": 511, ""rgb"": [179, 179, 179]}, {""label"": ""설정"", ""x0"": 327, ""y0"": 144, ""x1"": 477, ""y1"": 198, ""rgb"": [179, 179, 179]}, {""label"": ""검색"", ""x0"": 597, ""y0"": 168, ""x1"": 747, ""y1"": 222, ""rgb"": [179, 179, 179]}, {""label"": ""저장"", ""x0"": 75, ""y0"": 102, ""x1"": 225, ""y1"": 156, ""rgb"": [179, 179, 179]}, {""label"": ""홈"", ""x0"": 336, ""y0"": 23, ""x1"": 486, ""y1"": 77, ""rgb"": [179, 179, 179]}, {""label"": ""도움말"", ""x0"": 534, ""y0"": 281, ""x1"": 684, ""y1"": 335, ""rgb"": [179, 179, 179]}, {""label"": ""삭제"", ""x0"": 665, ""y0"": 30, ""x1"": 815, ""y1"": 84, ""rgb"": [179, 179, 179]}]"
d3_L17_h155_N.png,17,0,155,310,로그인,532,454,457,427,607,481,"113,196,147",#71c493,0.451,72.95,39.99,"179,179,179","70,70,70",4.503,8.789,517,7034,"[{""label"": ""로그인"", ""x0"": 457, ""y0"": 427, ""x1"": 607, ""y1"": 481, ""rgb"": [113, 196, 147]}, {""label"": ""취소"", ""x0"": 218, ""y0"": 457, ""x1"": 368, ""y1"": 511, ""rgb"": [179, 179, 179]}, {""label"": ""설정"", ""x0"": 327, ""y0"": 144, ""x1"": 477, ""y1"": 198, ""rgb"": [179, 179, 179]}, {""label"": ""검색"", ""x0"": 597, ""y0"": 168, ""x1"": 747, ""y1"": 222, ""rgb"": [179, 179, 179]}, {""label"": ""저장"", ""x0"": 75, ""y0"": 102, ""x1"": 225, ""y1"": 156, ""rgb"": [179, 179, 179]}, {""label"": ""홈"", ""x0"": 336, ""y0"": 23, ""x1"": 486, ""y1"": 77, ""rgb"": [179, 179, 179]}, {""label"": ""도움말"", ""x0"": 534, ""y0"": 281, ""x1"": 684, ""y1"": 335, ""rgb"": [179, 179, 179]}, {""label"": ""삭제"", ""x0"": 665, ""y0"": 30, ""x1"": 815, ""y1"": 84, ""rgb"": [179, 179, 179]}]"
d3_L17_h20_N.png,17,0,20,311,로그인,532,454,457,427,607,481,"250,151,156",#fa979c,0.4486,72.8,39.94,"179,179,179","70,70,70",4.482,8.748,517,7034,"[{""label"": ""로그인"", ""x0"": 457, ""y0"": 427, ""x1"": 607, ""y1"": 481, ""rgb"": [250, 151, 156]}, {""label"": ""취소"", ""x0"": 218, ""y0"": 457, ""x1"": 368, ""y1"": 511, ""rgb"": [179, 179, 179]}, {""label"": ""설정"", ""x0"": 327, ""y0"": 144, ""x1"": 477, ""y1"": 198, ""rgb"": [179, 179, 179]}, {""label"": ""검색"", ""x0"": 597, ""y0"": 168, ""x1"": 747, ""y1"": 222, ""rgb"": [179, 179, 179]}, {""label"": ""저장"", ""x0"": 75, ""y0"": 102, ""x1"": 225, ""y1"": 156, ""rgb"": [179, 179, 179]}, {""label"": ""홈"", ""x0"": 336, ""y0"": 23, ""x1"": 486, ""y1"": 77, ""rgb"": [179, 179, 179]}, {""label"": ""도움말"", ""x0"": 534, ""y0"": 281, ""x1"": 684, ""y1"": 335, ""rgb"": [179, 179, 179]}, {""label"": ""삭제"", ""x0"": 665, ""y0"": 30, ""x1"": 815, ""y1"": 84, ""rgb"": [179, 179, 179]}]"
d3_L17_h245_N.png,17,0,245,312,로그인,532,454,457,427,607,481,"67,191,244",#43bff4,0.4498,72.88,39.9,"179,179,179","70,70,70",4.493,8.77,517,7034,"[{""label"": ""로그인"", ""x0"": 457, ""y0"": 427, ""x1"": 607, ""y1"": 481, ""rgb"": [67, 191, 244]}, {""label"": ""취소"", ""x0"": 218, ""y0"": 457, ""x1"": 368, ""y1"": 511, ""rgb"": [179, 179, 179]}, {""label"": ""설정"", ""x0"": 327, ""y0"": 144, ""x1"": 477, ""y1"": 198, ""rgb"": [179, 179, 179]}, {""label"": ""검색"", ""x0"": 597, ""y0"": 168, ""x1"": 747, ""y1"": 222, ""rgb"": [179, 179, 179]}, {""label"": ""저장"", ""x0"": 75, ""y0"": 102, ""x1"": 225, ""y1"": 156, ""rgb"": [179, 179, 179]}, {""label"": ""홈"", ""x0"": 336, ""y0"": 23, ""x1"": 486, ""y1"": 77, ""rgb"": [179, 179, 179]}, {""label"": ""도움말"", ""x0"": 534, ""y0"": 281, ""x1"": 684, ""y1"": 335, ""rgb"": [179, 179, 179]}, {""label"": ""삭제"", ""x0"": 665, ""y0"": 30, ""x1"": 815, ""y1"": 84, ""rgb"": [179, 179, 179]}]"
d3_L17_gray_N.png,17,0,gray,313,로그인,532,454,457,427,607,481,"179,179,179",#b3b3b3,0.4508,72.94,0.0,"179,179,179","70,70,70",4.502,8.786,517,7034,"[{""label"": ""로그인"", ""x0"": 457, ""y0"": 427, ""x1"": 607, ""y1"": 481, ""rgb"": [179, 179, 179]}, {""label"": ""취소"", ""x0"": 218, ""y0"": 457, ""x1"": 368, ""y1"": 511, ""rgb"": [179, 179, 179]}, {""label"": ""설정"", ""x0"": 327, ""y0"": 144, ""x1"": 477, ""y1"": 198, ""rgb"": [179, 179, 179]}, {""label"": ""검색"", ""x0"": 597, ""y0"": 168, ""x1"": 747, ""y1"": 222, ""rgb"": [179, 179, 179]}, {""label"": ""저장"", ""x0"": 75, ""y0"": 102, ""x1"": 225, ""y1"": 156, ""rgb"": [179, 179, 179]}, {""label"": ""홈"", ""x0"": 336, ""y0"": 23, ""x1"": 486, ""y1"": 77, ""rgb"": [179, 179, 179]}, {""label"": ""도움말"", ""x0"": 534, ""y0"": 281, ""x1"": 684, ""y1"": 335, ""rgb"": [179, 179, 179]}, {""label"": ""삭제"", ""x0"": 665, ""y0"": 30, ""x1"": 815, ""y1"": 84, ""rgb"": [179, 179, 179]}]"
d3_L17_h290_N.png,17,0,290,314,로그인,532,454,457,427,607,481,"165,174,248",#a5aef8,0.4505,72.92,40.21,"179,179,179","70,70,70",4.499,8.781,517,7034,"[{""label"": ""로그인"", ""x0"": 457, ""y0"": 427, ""x1"": 607, ""y1"": 481, ""rgb"": [165, 174, 248]}, {""label"": ""취소"", ""x0"": 218, ""y0"": 457, ""x1"": 368, ""y1"": 511, ""rgb"": [179, 179, 179]}, {""label"": ""설정"", ""x0"": 327, ""y0"": 144, ""x1"": 477, ""y1"": 198, ""rgb"": [179, 179, 179]}, {""label"": ""검색"", ""x0"": 597, ""y0"": 168, ""x1"": 747, ""y1"": 222, ""rgb"": [179, 179, 179]}, {""label"": ""저장"", ""x0"": 75, ""y0"": 102, ""x1"": 225, ""y1"": 156, ""rgb"": [179, 179, 179]}, {""label"": ""홈"", ""x0"": 336, ""y0"": 23, ""x1"": 486, ""y1"": 77, ""rgb"": [179, 179, 179]}, {""label"": ""도움말"", ""x0"": 534, ""y0"": 281, ""x1"": 684, ""y1"": 335, ""rgb"": [179, 179, 179]}, {""label"": ""삭제"", ""x0"": 665, ""y0"": 30, ""x1"": 815, ""y1"": 84, ""rgb"": [179, 179, 179]}]"
d3_L17_h155_M.png,17,1,155,315,로그인,348,454,273,427,423,481,"113,196,147",#71c493,0.451,72.95,39.99,"179,179,179","70,70,70",4.503,8.789,517,7035,"[{""label"": ""로그인"", ""x0"": 273, ""y0"": 427, ""x1"": 423, ""y1"": 481, ""rgb"": [113, 196, 147]}, {""label"": ""취소"", ""x0"": 512, ""y0"": 457, ""x1"": 662, ""y1"": 511, ""rgb"": [179, 179, 179]}, {""label"": ""설정"", ""x0"": 403, ""y0"": 144, ""x1"": 553, ""y1"": 198, ""rgb"": [179, 179, 179]}, {""label"": ""검색"", ""x0"": 133, ""y0"": 168, ""x1"": 283, ""y1"": 222, ""rgb"": [179, 179, 179]}, {""label"": ""저장"", ""x0"": 655, ""y0"": 102, ""x1"": 805, ""y1"": 156, ""rgb"": [179, 179, 179]}, {""label"": ""홈"", ""x0"": 394, ""y0"": 23, ""x1"": 544, ""y1"": 77, ""rgb"": [179, 179, 179]}, {""label"": ""도움말"", ""x0"": 196, ""y0"": 281, ""x1"": 346, ""y1"": 335, ""rgb"": [179, 179, 179]}, {""label"": ""삭제"", ""x0"": 65, ""y0"": 30, ""x1"": 215, ""y1"": 84, ""rgb"": [179, 179, 179]}]"
d3_L17_h335_M.png,17,1,335,316,로그인,348,454,273,427,423,481,"230,155,211",#e69bd3,0.4497,72.87,40.22,"179,179,179","70,70,70",4.492,8.767,517,7035,"[{""label"": ""로그인"", ""x0"": 273, ""y0"": 427, ""x1"": 423, ""y1"": 481, ""rgb"": [230, 155, 211]}, {""label"": ""취소"", ""x0"": 512, ""y0"": 457, ""x1"": 662, ""y1"": 511, ""rgb"": [179, 179, 179]}, {""label"": ""설정"", ""x0"": 403, ""y0"": 144, ""x1"": 553, ""y1"": 198, ""rgb"": [179, 179, 179]}, {""label"": ""검색"", ""x0"": 133, ""y0"": 168, ""x1"": 283, ""y1"": 222, ""rgb"": [179, 179, 179]}, {""label"": ""저장"", ""x0"": 655, ""y0"": 102, ""x1"": 805, ""y1"": 156, ""rgb"": [179, 179, 179]}, {""label"": ""홈"", ""x0"": 394, ""y0"": 23, ""x1"": 544, ""y1"": 77, ""rgb"": [179, 179, 179]}, {""label"": ""도움말"", ""x0"": 196, ""y0"": 281, ""x1"": 346, ""y1"": 335, ""rgb"": [179, 179, 179]}, {""label"": ""삭제"", ""x0"": 65, ""y0"": 30, ""x1"": 215, ""y1"": 84, ""rgb"": [179, 179, 179]}]"
d3_L17_h65_M.png,17,1,65,317,로그인,348,454,273,427,423,481,"228,166,113",#e4a671,0.4496,72.87,40.03,"179,179,179","70,70,70",4.491,8.766,517,7035,"[{""label"": ""로그인"", ""x0"": 273, ""y0"": 427, ""x1"": 423, ""y1"": 481, ""rgb"": [228, 166, 113]}, {""label"": ""취소"", ""x0"": 512, ""y0"": 457, ""x1"": 662, ""y1"": 511, ""rgb"": [179, 179, 179]}, {""label"": ""설정"", ""x0"": 403, ""y0"": 144, ""x1"": 553, ""y1"": 198, ""rgb"": [179, 179, 179]}, {""label"": ""검색"", ""x0"": 133, ""y0"": 168, ""x1"": 283, ""y1"": 222, ""rgb"": [179, 179, 179]}, {""label"": ""저장"", ""x0"": 655, ""y0"": 102, ""x1"": 805, ""y1"": 156, ""rgb"": [179, 179, 179]}, {""label"": ""홈"", ""x0"": 394, ""y0"": 23, ""x1"": 544, ""y1"": 77, ""rgb"": [179, 179, 179]}, {""label"": ""도움말"", ""x0"": 196, ""y0"": 281, ""x1"": 346, ""y1"": 335, ""rgb"": [179, 179, 179]}, {""label"": ""삭제"", ""x0"": 65, ""y0"": 30, ""x1"": 215, ""y1"": 84, ""rgb"": [179, 179, 179]}]"
d3_L17_gray_M.png,17,1,gray,318,로그인,348,454,273,427,423,481,"179,179,179",#b3b3b3,0.4508,72.94,0.0,"179,179,179","70,70,70",4.502,8.786,517,7035,"[{""label"": ""로그인"", ""x0"": 273, ""y0"": 427, ""x1"": 423, ""y1"": 481, ""rgb"": [179, 179, 179]}, {""label"": ""취소"", ""x0"": 512, ""y0"": 457, ""x1"": 662, ""y1"": 511, ""rgb"": [179, 179, 179]}, {""label"": ""설정"", ""x0"": 403, ""y0"": 144, ""x1"": 553, ""y1"": 198, ""rgb"": [179, 179, 179]}, {""label"": ""검색"", ""x0"": 133, ""y0"": 168, ""x1"": 283, ""y1"": 222, ""rgb"": [179, 179, 179]}, {""label"": ""저장"", ""x0"": 655, ""y0"": 102, ""x1"": 805, ""y1"": 156, ""rgb"": [179, 179, 179]}, {""label"": ""홈"", ""x0"": 394, ""y0"": 23, ""x1"": 544, ""y1"": 77, ""rgb"": [179, 179, 179]}, {""label"": ""도움말"", ""x0"": 196, ""y0"": 281, ""x1"": 346, ""y1"": 335, ""rgb"": [179, 179, 179]}, {""label"": ""삭제"", ""x0"": 65, ""y0"": 30, ""x1"": 215, ""y1"": 84, ""rgb"": [179, 179, 179]}]"
d3_L17_h110_M.png,17,1,110,319,로그인,348,454,273,427,423,481,"178,184,109",#b2b86d,0.4485,72.79,39.73,"179,179,179","70,70,70",4.481,8.746,517,7035,"[{""label"": ""로그인"", ""x0"": 273, ""y0"": 427, ""x1"": 423, ""y1"": 481, ""rgb"": [178, 184, 109]}, {""label"": ""취소"", ""x0"": 512, ""y0"": 457, ""x1"": 662, ""y1"": 511, ""rgb"": [179, 179, 179]}, {""label"": ""설정"", ""x0"": 403, ""y0"": 144, ""x1"": 553, ""y1"": 198, ""rgb"": [179, 179, 179]}, {""label"": ""검색"", ""x0"": 133, ""y0"": 168, ""x1"": 283, ""y1"": 222, ""rgb"": [179, 179, 179]}, {""label"": ""저장"", ""x0"": 655, ""y0"": 102, ""x1"": 805, ""y1"": 156, ""rgb"": [179, 179, 179]}, {""label"": ""홈"", ""x0"": 394, ""y0"": 23, ""x1"": 544, ""y1"": 77, ""rgb"": [179, 179, 179]}, {""label"": ""도움말"", ""x0"": 196, ""y0"": 281, ""x1"": 346, ""y1"": 335, ""rgb"": [179, 179, 179]}, {""label"": ""삭제"", ""x0"": 65, ""y0"": 30, ""x1"": 215, ""y1"": 84, ""rgb"": [179, 179, 179]}]"
d3_L17_h20_M.png,17,1,20,320,로그인,348,454,273,427,423,481,"250,151,156",#fa979c,0.4486,72.8,39.94,"179,179,179","70,70,70",4.482,8.748,517,7035,"[{""label"": ""로그인"", ""x0"": 273, ""y0"": 427, ""x1"": 423, ""y1"": 481, ""rgb"": [250, 151, 156]}, {""label"": ""취소"", ""x0"": 512, ""y0"": 457, ""x1"": 662, ""y1"": 511, ""rgb"": [179, 179, 179]}, {""label"": ""설정"", ""x0"": 403, ""y0"": 144, ""x1"": 553, ""y1"": 198, ""rgb"": [179, 179, 179]}, {""label"": ""검색"", ""x0"": 133, ""y0"": 168, ""x1"": 283, ""y1"": 222, ""rgb"": [179, 179, 179]}, {""label"": ""저장"", ""x0"": 655, ""y0"": 102, ""x1"": 805, ""y1"": 156, ""rgb"": [179, 179, 179]}, {""label"": ""홈"", ""x0"": 394, ""y0"": 23, ""x1"": 544, ""y1"": 77, ""rgb"": [179, 179, 179]}, {""label"": ""도움말"", ""x0"": 196, ""y0"": 281, ""x1"": 346, ""y1"": 335, ""rgb"": [179, 179, 179]}, {""label"": ""삭제"", ""x0"": 65, ""y0"": 30, ""x1"": 215, ""y1"": 84, ""rgb"": [179, 179, 179]}]"
d3_L17_h245_M.png,17,1,245,321,로그인,348,454,273,427,423,481,"67,191,244",#43bff4,0.4498,72.88,39.9,"179,179,179","70,70,70",4.493,8.77,517,7035,"[{""label"": ""로그인"", ""x0"": 273, ""y0"": 427, ""x1"": 423, ""y1"": 481, ""rgb"": [67, 191, 244]}, {""label"": ""취소"", ""x0"": 512, ""y0"": 457, ""x1"": 662, ""y1"": 511, ""rgb"": [179, 179, 179]}, {""label"": ""설정"", ""x0"": 403, ""y0"": 144, ""x1"": 553, ""y1"": 198, ""rgb"": [179, 179, 179]}, {""label"": ""검색"", ""x0"": 133, ""y0"": 168, ""x1"": 283, ""y1"": 222, ""rgb"": [179, 179, 179]}, {""label"": ""저장"", ""x0"": 655, ""y0"": 102, ""x1"": 805, ""y1"": 156, ""rgb"": [179, 179, 179]}, {""label"": ""홈"", ""x0"": 394, ""y0"": 23, ""x1"": 544, ""y1"": 77, ""rgb"": [179, 179, 179]}, {""label"": ""도움말"", ""x0"": 196, ""y0"": 281, ""x1"": 346, ""y1"": 335, ""rgb"": [179, 179, 179]}, {""label"": ""삭제"", ""x0"": 65, ""y0"": 30, ""x1"": 215, ""y1"": 84, ""rgb"": [179, 179, 179]}]"
d3_L17_h290_M.png,17,1,290,322,로그인,348,454,273,427,423,481,"165,174,248",#a5aef8,0.4505,72.92,40.21,"179,179,179","70,70,70",4.499,8.781,517,7035,"[{""label"": ""로그인"", ""x0"": 273, ""y0"": 427, ""x1"": 423, ""y1"": 481, ""rgb"": [165, 174, 248]}, {""label"": ""취소"", ""x0"": 512, ""y0"": 457, ""x1"": 662, ""y1"": 511, ""rgb"": [179, 179, 179]}, {""label"": ""설정"", ""x0"": 403, ""y0"": 144, ""x1"": 553, ""y1"": 198, ""rgb"": [179, 179, 179]}, {""label"": ""검색"", ""x0"": 133, ""y0"": 168, ""x1"": 283, ""y1"": 222, ""rgb"": [179, 179, 179]}, {""label"": ""저장"", ""x0"": 655, ""y0"": 102, ""x1"": 805, ""y1"": 156, ""rgb"": [179, 179, 179]}, {""label"": ""홈"", ""x0"": 394, ""y0"": 23, ""x1"": 544, ""y1"": 77, ""rgb"": [179, 179, 179]}, {""label"": ""도움말"", ""x0"": 196, ""y0"": 281, ""x1"": 346, ""y1"": 335, ""rgb"": [179, 179, 179]}, {""label"": ""삭제"", ""x0"": 65, ""y0"": 30, ""x1"": 215, ""y1"": 84, ""rgb"": [179, 179, 179]}]"
d3_L17_h200_M.png,17,1,200,323,로그인,348,454,273,427,423,481,"24,198,203",#18c6cb,0.4489,72.82,39.91,"179,179,179","70,70,70",4.485,8.754,517,7035,"[{""label"": ""로그인"", ""x0"": 273, ""y0"": 427, ""x1"": 423, ""y1"": 481, ""rgb"": [24, 198, 203]}, {""label"": ""취소"", ""x0"": 512, ""y0"": 457, ""x1"": 662, ""y1"": 511, ""rgb"": [179, 179, 179]}, {""label"": ""설정"", ""x0"": 403, ""y0"": 144, ""x1"": 553, ""y1"": 198, ""rgb"": [179, 179, 179]}, {""label"": ""검색"", ""x0"": 133, ""y0"": 168, ""x1"": 283, ""y1"": 222, ""rgb"": [179, 179, 179]}, {""label"": ""저장"", ""x0"": 655, ""y0"": 102, ""x1"": 805, ""y1"": 156, ""rgb"": [179, 179, 179]}, {""label"": ""홈"", ""x0"": 394, ""y0"": 23, ""x1"": 544, ""y1"": 77, ""rgb"": [179, 179, 179]}, {""label"": ""도움말"", ""x0"": 196, ""y0"": 281, ""x1"": 346, ""y1"": 335, ""rgb"": [179, 179, 179]}, {""label"": ""삭제"", ""x0"": 65, ""y0"": 30, ""x1"": 215, ""y1"": 84, ""rgb"": [179, 179, 179]}]"
d3_L18_gray_N.png,18,0,gray,324,로그인,470,405,395,378,545,432,"179,179,179",#b3b3b3,0.4508,72.94,0.0,"179,179,179","70,70,70",4.502,8.786,518,7036,"[{""label"": ""로그인"", ""x0"": 395, ""y0"": 378, ""x1"": 545, ""y1"": 432, ""rgb"": [179, 179, 179]}, {""label"": ""취소"", ""x0"": 276, ""y0"": 277, ""x1"": 426, ""y1"": 331, ""rgb"": [179, 179, 179]}, {""label"": ""설정"", ""x0"": 541, ""y0"": 526, ""x1"": 691, ""y1"": 580, ""rgb"": [179, 179, 179]}, {""label"": ""검색"", ""x0"": 262, ""y0"": 483, ""x1"": 412, ""y1"": 537, ""rgb"": [179, 179, 179]}, {""label"": ""저장"", ""x0"": 32, ""y0"": 470, ""x1"": 182, ""y1"": 524, ""rgb"": [179, 179, 179]}, {""label"": ""홈"", ""x0"": 601, ""y0"": 119, ""x1"": 751, ""y1"": 173, ""rgb"": [179, 179, 179]}, {""label"": ""도움말"", ""x0"": 155, ""y0"": 376, ""x1"": 305, ""y1"": 430, ""rgb"": [179, 179, 179]}, {""label"": ""삭제"", ""x0"": 594, ""y0"": 369, ""x1"": 744, ""y1"": 423, ""rgb"": [179, 179, 179]}]"
d3_L18_h20_N.png,18,0,20,325,로그인,470,405,395,378,545,432,"250,151,156",#fa979c,0.4486,72.8,39.94,"179,179,179","70,70,70",4.482,8.748,518,7036,"[{""label"": ""로그인"", ""x0"": 395, ""y0"": 378, ""x1"": 545, ""y1"": 432, ""rgb"": [250, 151, 156]}, {""label"": ""취소"", ""x0"": 276, ""y0"": 277, ""x1"": 426, ""y1"": 331, ""rgb"": [179, 179, 179]}, {""label"": ""설정"", ""x0"": 541, ""y0"": 526, ""x1"": 691, ""y1"": 580, ""rgb"": [179, 179, 179]}, {""label"": ""검색"", ""x0"": 262, ""y0"": 483, ""x1"": 412, ""y1"": 537, ""rgb"": [179, 179, 179]}, {""label"": ""저장"", ""x0"": 32, ""y0"": 470, ""x1"": 182, ""y1"": 524, ""rgb"": [179, 179, 179]}, {""label"": ""홈"", ""x0"": 601, ""y0"": 119, ""x1"": 751, ""y1"": 173, ""rgb"": [179, 179, 179]}, {""label"": ""도움말"", ""x0"": 155, ""y0"": 376, ""x1"": 305, ""y1"": 430, ""rgb"": [179, 179, 179]}, {""label"": ""삭제"", ""x0"": 594, ""y0"": 369, ""x1"": 744, ""y1"": 423, ""rgb"": [179, 179, 179]}]"
d3_L18_h110_N.png,18,0,110,326,로그인,470,405,395,378,545,432,"178,184,109",#b2b86d,0.4485,72.79,39.73,"179,179,179","70,70,70",4.481,8.746,518,7036,"[{""label"": ""로그인"", ""x0"": 395, ""y0"": 378, ""x1"": 545, ""y1"": 432, ""rgb"": [178, 184, 109]}, {""label"": ""취소"", ""x0"": 276, ""y0"": 277, ""x1"": 426, ""y1"": 331, ""rgb"": [179, 179, 179]}, {""label"": ""설정"", ""x0"": 541, ""y0"": 526, ""x1"": 691, ""y1"": 580, ""rgb"": [179, 179, 179]}, {""label"": ""검색"", ""x0"": 262, ""y0"": 483, ""x1"": 412, ""y1"": 537, ""rgb"": [179, 179, 179]}, {""label"": ""저장"", ""x0"": 32, ""y0"": 470, ""x1"": 182, ""y1"": 524, ""rgb"": [179, 179, 179]}, {""label"": ""홈"", ""x0"": 601, ""y0"": 119, ""x1"": 751, ""y1"": 173, ""rgb"": [179, 179, 179]}, {""label"": ""도움말"", ""x0"": 155, ""y0"": 376, ""x1"": 305, ""y1"": 430, ""rgb"": [179, 179, 179]}, {""label"": ""삭제"", ""x0"": 594, ""y0"": 369, ""x1"": 744, ""y1"": 423, ""rgb"": [179, 179, 179]}]"
d3_L18_h65_N.png,18,0,65,327,로그인,470,405,395,378,545,432,"228,166,113",#e4a671,0.4496,72.87,40.03,"179,179,179","70,70,70",4.491,8.766,518,7036,"[{""label"": ""로그인"", ""x0"": 395, ""y0"": 378, ""x1"": 545, ""y1"": 432, ""rgb"": [228, 166, 113]}, {""label"": ""취소"", ""x0"": 276, ""y0"": 277, ""x1"": 426, ""y1"": 331, ""rgb"": [179, 179, 179]}, {""label"": ""설정"", ""x0"": 541, ""y0"": 526, ""x1"": 691, ""y1"": 580, ""rgb"": [179, 179, 179]}, {""label"": ""검색"", ""x0"": 262, ""y0"": 483, ""x1"": 412, ""y1"": 537, ""rgb"": [179, 179, 179]}, {""label"": ""저장"", ""x0"": 32, ""y0"": 470, ""x1"": 182, ""y1"": 524, ""rgb"": [179, 179, 179]}, {""label"": ""홈"", ""x0"": 601, ""y0"": 119, ""x1"": 751, ""y1"": 173, ""rgb"": [179, 179, 179]}, {""label"": ""도움말"", ""x0"": 155, ""y0"": 376, ""x1"": 305, ""y1"": 430, ""rgb"": [179, 179, 179]}, {""label"": ""삭제"", ""x0"": 594, ""y0"": 369, ""x1"": 744, ""y1"": 423, ""rgb"": [179, 179, 179]}]"
d3_L18_h245_N.png,18,0,245,328,로그인,470,405,395,378,545,432,"67,191,244",#43bff4,0.4498,72.88,39.9,"179,179,179","70,70,70",4.493,8.77,518,7036,"[{""label"": ""로그인"", ""x0"": 395, ""y0"": 378, ""x1"": 545, ""y1"": 432, ""rgb"": [67, 191, 244]}, {""label"": ""취소"", ""x0"": 276, ""y0"": 277, ""x1"": 426, ""y1"": 331, ""rgb"": [179, 179, 179]}, {""label"": ""설정"", ""x0"": 541, ""y0"": 526, ""x1"": 691, ""y1"": 580, ""rgb"": [179, 179, 179]}, {""label"": ""검색"", ""x0"": 262, ""y0"": 483, ""x1"": 412, ""y1"": 537, ""rgb"": [179, 179, 179]}, {""label"": ""저장"", ""x0"": 32, ""y0"": 470, ""x1"": 182, ""y1"": 524, ""rgb"": [179, 179, 179]}, {""label"": ""홈"", ""x0"": 601, ""y0"": 119, ""x1"": 751, ""y1"": 173, ""rgb"": [179, 179, 179]}, {""label"": ""도움말"", ""x0"": 155, ""y0"": 376, ""x1"": 305, ""y1"": 430, ""rgb"": [179, 179, 179]}, {""label"": ""삭제"", ""x0"": 594, ""y0"": 369, ""x1"": 744, ""y1"": 423, ""rgb"": [179, 179, 179]}]"
d3_L18_h155_N.png,18,0,155,329,로그인,470,405,395,378,545,432,"113,196,147",#71c493,0.451,72.95,39.99,"179,179,179","70,70,70",4.503,8.789,518,7036,"[{""label"": ""로그인"", ""x0"": 395, ""y0"": 378, ""x1"": 545, ""y1"": 432, ""rgb"": [113, 196, 147]}, {""label"": ""취소"", ""x0"": 276, ""y0"": 277, ""x1"": 426, ""y1"": 331, ""rgb"": [179, 179, 179]}, {""label"": ""설정"", ""x0"": 541, ""y0"": 526, ""x1"": 691, ""y1"": 580, ""rgb"": [179, 179, 179]}, {""label"": ""검색"", ""x0"": 262, ""y0"": 483, ""x1"": 412, ""y1"": 537, ""rgb"": [179, 179, 179]}, {""label"": ""저장"", ""x0"": 32, ""y0"": 470, ""x1"": 182, ""y1"": 524, ""rgb"": [179, 179, 179]}, {""label"": ""홈"", ""x0"": 601, ""y0"": 119, ""x1"": 751, ""y1"": 173, ""rgb"": [179, 179, 179]}, {""label"": ""도움말"", ""x0"": 155, ""y0"": 376, ""x1"": 305, ""y1"": 430, ""rgb"": [179, 179, 179]}, {""label"": ""삭제"", ""x0"": 594, ""y0"": 369, ""x1"": 744, ""y1"": 423, ""rgb"": [179, 179, 179]}]"
d3_L18_h200_N.png,18,0,200,330,로그인,470,405,395,378,545,432,"24,198,203",#18c6cb,0.4489,72.82,39.91,"179,179,179","70,70,70",4.485,8.754,518,7036,"[{""label"": ""로그인"", ""x0"": 395, ""y0"": 378, ""x1"": 545, ""y1"": 432, ""rgb"": [24, 198, 203]}, {""label"": ""취소"", ""x0"": 276, ""y0"": 277, ""x1"": 426, ""y1"": 331, ""rgb"": [179, 179, 179]}, {""label"": ""설정"", ""x0"": 541, ""y0"": 526, ""x1"": 691, ""y1"": 580, ""rgb"": [179, 179, 179]}, {""label"": ""검색"", ""x0"": 262, ""y0"": 483, ""x1"": 412, ""y1"": 537, ""rgb"": [179, 179, 179]}, {""label"": ""저장"", ""x0"": 32, ""y0"": 470, ""x1"": 182, ""y1"": 524, ""rgb"": [179, 179, 179]}, {""label"": ""홈"", ""x0"": 601, ""y0"": 119, ""x1"": 751, ""y1"": 173, ""rgb"": [179, 179, 179]}, {""label"": ""도움말"", ""x0"": 155, ""y0"": 376, ""x1"": 305, ""y1"": 430, ""rgb"": [179, 179, 179]}, {""label"": ""삭제"", ""x0"": 594, ""y0"": 369, ""x1"": 744, ""y1"": 423, ""rgb"": [179, 179, 179]}]"
d3_L18_h290_N.png,18,0,290,331,로그인,470,405,395,378,545,432,"165,174,248",#a5aef8,0.4505,72.92,40.21,"179,179,179","70,70,70",4.499,8.781,518,7036,"[{""label"": ""로그인"", ""x0"": 395, ""y0"": 378, ""x1"": 545, ""y1"": 432, ""rgb"": [165, 174, 248]}, {""label"": ""취소"", ""x0"": 276, ""y0"": 277, ""x1"": 426, ""y1"": 331, ""rgb"": [179, 179, 179]}, {""label"": ""설정"", ""x0"": 541, ""y0"": 526, ""x1"": 691, ""y1"": 580, ""rgb"": [179, 179, 179]}, {""label"": ""검색"", ""x0"": 262, ""y0"": 483, ""x1"": 412, ""y1"": 537, ""rgb"": [179, 179, 179]}, {""label"": ""저장"", ""x0"": 32, ""y0"": 470, ""x1"": 182, ""y1"": 524, ""rgb"": [179, 179, 179]}, {""label"": ""홈"", ""x0"": 601, ""y0"": 119, ""x1"": 751, ""y1"": 173, ""rgb"": [179, 179, 179]}, {""label"": ""도움말"", ""x0"": 155, ""y0"": 376, ""x1"": 305, ""y1"": 430, ""rgb"": [179, 179, 179]}, {""label"": ""삭제"", ""x0"": 594, ""y0"": 369, ""x1"": 744, ""y1"": 423, ""rgb"": [179, 179, 179]}]"
d3_L18_h335_N.png,18,0,335,332,로그인,470,405,395,378,545,432,"230,155,211",#e69bd3,0.4497,72.87,40.22,"179,179,179","70,70,70",4.492,8.767,518,7036,"[{""label"": ""로그인"", ""x0"": 395, ""y0"": 378, ""x1"": 545, ""y1"": 432, ""rgb"": [230, 155, 211]}, {""label"": ""취소"", ""x0"": 276, ""y0"": 277, ""x1"": 426, ""y1"": 331, ""rgb"": [179, 179, 179]}, {""label"": ""설정"", ""x0"": 541, ""y0"": 526, ""x1"": 691, ""y1"": 580, ""rgb"": [179, 179, 179]}, {""label"": ""검색"", ""x0"": 262, ""y0"": 483, ""x1"": 412, ""y1"": 537, ""rgb"": [179, 179, 179]}, {""label"": ""저장"", ""x0"": 32, ""y0"": 470, ""x1"": 182, ""y1"": 524, ""rgb"": [179, 179, 179]}, {""label"": ""홈"", ""x0"": 601, ""y0"": 119, ""x1"": 751, ""y1"": 173, ""rgb"": [179, 179, 179]}, {""label"": ""도움말"", ""x0"": 155, ""y0"": 376, ""x1"": 305, ""y1"": 430, ""rgb"": [179, 179, 179]}, {""label"": ""삭제"", ""x0"": 594, ""y0"": 369, ""x1"": 744, ""y1"": 423, ""rgb"": [179, 179, 179]}]"
d3_L18_h65_M.png,18,1,65,333,로그인,410,405,335,378,485,432,"228,166,113",#e4a671,0.4496,72.87,40.03,"179,179,179","70,70,70",4.491,8.766,518,7037,"[{""label"": ""로그인"", ""x0"": 335, ""y0"": 378, ""x1"": 485, ""y1"": 432, ""rgb"": [228, 166, 113]}, {""label"": ""취소"", ""x0"": 454, ""y0"": 277, ""x1"": 604, ""y1"": 331, ""rgb"": [179, 179, 179]}, {""label"": ""설정"", ""x0"": 189, ""y0"": 526, ""x1"": 339, ""y1"": 580, ""rgb"": [179, 179, 179]}, {""label"": ""검색"", ""x0"": 468, ""y0"": 483, ""x1"": 618, ""y1"": 537, ""rgb"": [179, 179, 179]}, {""label"": ""저장"", ""x0"": 698, ""y0"": 470, ""x1"": 848, ""y1"": 524, ""rgb"": [179, 179, 179]}, {""label"": ""홈"", ""x0"": 129, ""y0"": 119, ""x1"": 279, ""y1"": 173, ""rgb"": [179, 179, 179]}, {""label"": ""도움말"", ""x0"": 575, ""y0"": 376, ""x1"": 725, ""y1"": 430, ""rgb"": [179, 179, 179]}, {""label"": ""삭제"", ""x0"": 136, ""y0"": 369, ""x1"": 286, ""y1"": 423, ""rgb"": [179, 179, 179]}]"
d3_L18_h245_M.png,18,1,245,334,로그인,410,405,335,378,485,432,"67,191,244",#43bff4,0.4498,72.88,39.9,"179,179,179","70,70,70",4.493,8.77,518,7037,"[{""label"": ""로그인"", ""x0"": 335, ""y0"": 378, ""x1"": 485, ""y1"": 432, ""rgb"": [67, 191, 244]}, {""label"": ""취소"", ""x0"": 454, ""y0"": 277, ""x1"": 604, ""y1"": 331, ""rgb"": [179, 179, 179]}, {""label"": ""설정"", ""x0"": 189, ""y0"": 526, ""x1"": 339, ""y1"": 580, ""rgb"": [179, 179, 179]}, {""label"": ""검색"", ""x0"": 468, ""y0"": 483, ""x1"": 618, ""y1"": 537, ""rgb"": [179, 179, 179]}, {""label"": ""저장"", ""x0"": 698, ""y0"": 470, ""x1"": 848, ""y1"": 524, ""rgb"": [179, 179, 179]}, {""label"": ""홈"", ""x0"": 129, ""y0"": 119, ""x1"": 279, ""y1"": 173, ""rgb"": [179, 179, 179]}, {""label"": ""도움말"", ""x0"": 575, ""y0"": 376, ""x1"": 725, ""y1"": 430, ""rgb"": [179, 179, 179]}, {""label"": ""삭제"", ""x0"": 136, ""y0"": 369, ""x1"": 286, ""y1"": 423, ""rgb"": [179, 179, 179]}]"
d3_L18_h110_M.png,18,1,110,335,로그인,410,405,335,378,485,432,"178,184,109",#b2b86d,0.4485,72.79,39.73,"179,179,179","70,70,70",4.481,8.746,518,7037,"[{""label"": ""로그인"", ""x0"": 335, ""y0"": 378, ""x1"": 485, ""y1"": 432, ""rgb"": [178, 184, 109]}, {""label"": ""취소"", ""x0"": 454, ""y0"": 277, ""x1"": 604, ""y1"": 331, ""rgb"": [179, 179, 179]}, {""label"": ""설정"", ""x0"": 189, ""y0"": 526, ""x1"": 339, ""y1"": 580, ""rgb"": [179, 179, 179]}, {""label"": ""검색"", ""x0"": 468, ""y0"": 483, ""x1"": 618, ""y1"": 537, ""rgb"": [179, 179, 179]}, {""label"": ""저장"", ""x0"": 698, ""y0"": 470, ""x1"": 848, ""y1"": 524, ""rgb"": [179, 179, 179]}, {""label"": ""홈"", ""x0"": 129, ""y0"": 119, ""x1"": 279, ""y1"": 173, ""rgb"": [179, 179, 179]}, {""label"": ""도움말"", ""x0"": 575, ""y0"": 376, ""x1"": 725, ""y1"": 430, ""rgb"": [179, 179, 179]}, {""label"": ""삭제"", ""x0"": 136, ""y0"": 369, ""x1"": 286, ""y1"": 423, ""rgb"": [179, 179, 179]}]"
d3_L18_h335_M.png,18,1,335,336,로그인,410,405,335,378,485,432,"230,155,211",#e69bd3,0.4497,72.87,40.22,"179,179,179","70,70,70",4.492,8.767,518,7037,"[{""label"": ""로그인"", ""x0"": 335, ""y0"": 378, ""x1"": 485, ""y1"": 432, ""rgb"": [230, 155, 211]}, {""label"": ""취소"", ""x0"": 454, ""y0"": 277, ""x1"": 604, ""y1"": 331, ""rgb"": [179, 179, 179]}, {""label"": ""설정"", ""x0"": 189, ""y0"": 526, ""x1"": 339, ""y1"": 580, ""rgb"": [179, 179, 179]}, {""label"": ""검색"", ""x0"": 468, ""y0"": 483, ""x1"": 618, ""y1"": 537, ""rgb"": [179, 179, 179]}, {""label"": ""저장"", ""x0"": 698, ""y0"": 470, ""x1"": 848, ""y1"": 524, ""rgb"": [179, 179, 179]}, {""label"": ""홈"", ""x0"": 129, ""y0"": 119, ""x1"": 279, ""y1"": 173, ""rgb"": [179, 179, 179]}, {""label"": ""도움말"", ""x0"": 575, ""y0"": 376, ""x1"": 725, ""y1"": 430, ""rgb"": [179, 179, 179]}, {""label"": ""삭제"", ""x0"": 136, ""y0"": 369, ""x1"": 286, ""y1"": 423, ""rgb"": [179, 179, 179]}]"
d3_L18_h155_M.png,18,1,155,337,로그인,410,405,335,378,485,432,"113,196,147",#71c493,0.451,72.95,39.99,"179,179,179","70,70,70",4.503,8.789,518,7037,"[{""label"": ""로그인"", ""x0"": 335, ""y0"": 378, ""x1"": 485, ""y1"": 432, ""rgb"": [113, 196, 147]}, {""label"": ""취소"", ""x0"": 454, ""y0"": 277, ""x1"": 604, ""y1"": 331, ""rgb"": [179, 179, 179]}, {""label"": ""설정"", ""x0"": 189, ""y0"": 526, ""x1"": 339, ""y1"": 580, ""rgb"": [179, 179, 179]}, {""label"": ""검색"", ""x0"": 468, ""y0"": 483, ""x1"": 618, ""y1"": 537, ""rgb"": [179, 179, 179]}, {""label"": ""저장"", ""x0"": 698, ""y0"": 470, ""x1"": 848, ""y1"": 524, ""rgb"": [179, 179, 179]}, {""label"": ""홈"", ""x0"": 129, ""y0"": 119, ""x1"": 279, ""y1"": 173, ""rgb"": [179, 179, 179]}, {""label"": ""도움말"", ""x0"": 575, ""y0"": 376, ""x1"": 725, ""y1"": 430, ""rgb"": [179, 179, 179]}, {""label"": ""삭제"", ""x0"": 136, ""y0"": 369, ""x1"": 286, ""y1"": 423, ""rgb"": [179, 179, 179]}]"
d3_L18_gray_M.png,18,1,gray,338,로그인,410,405,335,378,485,432,"179,179,179",#b3b3b3,0.4508,72.94,0.0,"179,179,179","70,70,70",4.502,8.786,518,7037,"[{""label"": ""로그인"", ""x0"": 335, ""y0"": 378, ""x1"": 485, ""y1"": 432, ""rgb"": [179, 179, 179]}, {""label"": ""취소"", ""x0"": 454, ""y0"": 277, ""x1"": 604, ""y1"": 331, ""rgb"": [179, 179, 179]}, {""label"": ""설정"", ""x0"": 189, ""y0"": 526, ""x1"": 339, ""y1"": 580, ""rgb"": [179, 179, 179]}, {""label"": ""검색"", ""x0"": 468, ""y0"": 483, ""x1"": 618, ""y1"": 537, ""rgb"": [179, 179, 179]}, {""label"": ""저장"", ""x0"": 698, ""y0"": 470, ""x1"": 848, ""y1"": 524, ""rgb"": [179, 179, 179]}, {""label"": ""홈"", ""x0"": 129, ""y0"": 119, ""x1"": 279, ""y1"": 173, ""rgb"": [179, 179, 179]}, {""label"": ""도움말"", ""x0"": 575, ""y0"": 376, ""x1"": 725, ""y1"": 430, ""rgb"": [179, 179, 179]}, {""label"": ""삭제"", ""x0"": 136, ""y0"": 369, ""x1"": 286, ""y1"": 423, ""rgb"": [179, 179, 179]}]"
d3_L18_h290_M.png,18,1,290,339,로그인,410,405,335,378,485,432,"165,174,248",#a5aef8,0.4505,72.92,40.21,"179,179,179","70,70,70",4.499,8.781,518,7037,"[{""label"": ""로그인"", ""x0"": 335, ""y0"": 378, ""x1"": 485, ""y1"": 432, ""rgb"": [165, 174, 248]}, {""label"": ""취소"", ""x0"": 454, ""y0"": 277, ""x1"": 604, ""y1"": 331, ""rgb"": [179, 179, 179]}, {""label"": ""설정"", ""x0"": 189, ""y0"": 526, ""x1"": 339, ""y1"": 580, ""rgb"": [179, 179, 179]}, {""label"": ""검색"", ""x0"": 468, ""y0"": 483, ""x1"": 618, ""y1"": 537, ""rgb"": [179, 179, 179]}, {""label"": ""저장"", ""x0"": 698, ""y0"": 470, ""x1"": 848, ""y1"": 524, ""rgb"": [179, 179, 179]}, {""label"": ""홈"", ""x0"": 129, ""y0"": 119, ""x1"": 279, ""y1"": 173, ""rgb"": [179, 179, 179]}, {""label"": ""도움말"", ""x0"": 575, ""y0"": 376, ""x1"": 725, ""y1"": 430, ""rgb"": [179, 179, 179]}, {""label"": ""삭제"", ""x0"": 136, ""y0"": 369, ""x1"": 286, ""y1"": 423, ""rgb"": [179, 179, 179]}]"
d3_L18_h200_M.png,18,1,200,340,로그인,410,405,335,378,485,432,"24,198,203",#18c6cb,0.4489,72.82,39.91,"179,179,179","70,70,70",4.485,8.754,518,7037,"[{""label"": ""로그인"", ""x0"": 335, ""y0"": 378, ""x1"": 485, ""y1"": 432, ""rgb"": [24, 198, 203]}, {""label"": ""취소"", ""x0"": 454, ""y0"": 277, ""x1"": 604, ""y1"": 331, ""rgb"": [179, 179, 179]}, {""label"": ""설정"", ""x0"": 189, ""y0"": 526, ""x1"": 339, ""y1"": 580, ""rgb"": [179, 179, 179]}, {""label"": ""검색"", ""x0"": 468, ""y0"": 483, ""x1"": 618, ""y1"": 537, ""rgb"": [179, 179, 179]}, {""label"": ""저장"", ""x0"": 698, ""y0"": 470, ""x1"": 848, ""y1"": 524, ""rgb"": [179, 179, 179]}, {""label"": ""홈"", ""x0"": 129, ""y0"": 119, ""x1"": 279, ""y1"": 173, ""rgb"": [179, 179, 179]}, {""label"": ""도움말"", ""x0"": 575, ""y0"": 376, ""x1"": 725, ""y1"": 430, ""rgb"": [179, 179, 179]}, {""label"": ""삭제"", ""x0"": 136, ""y0"": 369, ""x1"": 286, ""y1"": 423, ""rgb"": [179, 179, 179]}]"
d3_L18_h20_M.png,18,1,20,341,로그인,410,405,335,378,485,432,"250,151,156",#fa979c,0.4486,72.8,39.94,"179,179,179","70,70,70",4.482,8.748,518,7037,"[{""label"": ""로그인"", ""x0"": 335, ""y0"": 378, ""x1"": 485, ""y1"": 432, ""rgb"": [250, 151, 156]}, {""label"": ""취소"", ""x0"": 454, ""y0"": 277, ""x1"": 604, ""y1"": 331, ""rgb"": [179, 179, 179]}, {""label"": ""설정"", ""x0"": 189, ""y0"": 526, ""x1"": 339, ""y1"": 580, ""rgb"": [179, 179, 179]}, {""label"": ""검색"", ""x0"": 468, ""y0"": 483, ""x1"": 618, ""y1"": 537, ""rgb"": [179, 179, 179]}, {""label"": ""저장"", ""x0"": 698, ""y0"": 470, ""x1"": 848, ""y1"": 524, ""rgb"": [179, 179, 179]}, {""label"": ""홈"", ""x0"": 129, ""y0"": 119, ""x1"": 279, ""y1"": 173, ""rgb"": [179, 179, 179]}, {""label"": ""도움말"", ""x0"": 575, ""y0"": 376, ""x1"": 725, ""y1"": 430, ""rgb"": [179, 179, 179]}, {""label"": ""삭제"", ""x0"": 136, ""y0"": 369, ""x1"": 286, ""y1"": 423, ""rgb"": [179, 179, 179]}]"
d3_L19_h290_N.png,19,0,290,342,로그인,707,494,632,467,782,521,"165,174,248",#a5aef8,0.4505,72.92,40.21,"179,179,179","70,70,70",4.499,8.781,519,7038,"[{""label"": ""로그인"", ""x0"": 632, ""y0"": 467, ""x1"": 782, ""y1"": 521, ""rgb"": [165, 174, 248]}, {""label"": ""취소"", ""x0"": 43, ""y0"": 353, ""x1"": 193, ""y1"": 407, ""rgb"": [179, 179, 179]}, {""label"": ""설정"", ""x0"": 257, ""y0"": 147, ""x1"": 407, ""y1"": 201, ""rgb"": [179, 179, 179]}, {""label"": ""검색"", ""x0"": 317, ""y0"": 243, ""x1"": 467, ""y1"": 297, ""rgb"": [179, 179, 179]}, {""label"": ""저장"", ""x0"": 634, ""y0"": 74, ""x1"": 784, ""y1"": 128, ""rgb"": [179, 179, 179]}, {""label"": ""홈"", ""x0"": 681, ""y0"": 232, ""x1"": 831, ""y1"": 286, ""rgb"": [179, 179, 179]}, {""label"": ""도움말"", ""x0"": 34, ""y0"": 463, ""x1"": 184, ""y1"": 517, ""rgb"": [179, 179, 179]}, {""label"": ""삭제"", ""x0"": 494, ""y0"": 324, ""x1"": 644, ""y1"": 378, ""rgb"": [179, 179, 179]}]"
d3_L19_h65_N.png,19,0,65,343,로그인,707,494,632,467,782,521,"228,166,113",#e4a671,0.4496,72.87,40.03,"179,179,179","70,70,70",4.491,8.766,519,7038,"[{""label"": ""로그인"", ""x0"": 632, ""y0"": 467, ""x1"": 782, ""y1"": 521, ""rgb"": [228, 166, 113]}, {""label"": ""취소"", ""x0"": 43, ""y0"": 353, ""x1"": 193, ""y1"": 407, ""rgb"": [179, 179, 179]}, {""label"": ""설정"", ""x0"": 257, ""y0"": 147, ""x1"": 407, ""y1"": 201, ""rgb"": [179, 179, 179]}, {""label"": ""검색"", ""x0"": 317, ""y0"": 243, ""x1"": 467, ""y1"": 297, ""rgb"": [179, 179, 179]}, {""label"": ""저장"", ""x0"": 634, ""y0"": 74, ""x1"": 784, ""y1"": 128, ""rgb"": [179, 179, 179]}, {""label"": ""홈"", ""x0"": 681, ""y0"": 232, ""x1"": 831, ""y1"": 286, ""rgb"": [179, 179, 179]}, {""label"": ""도움말"", ""x0"": 34, ""y0"": 463, ""x1"": 184, ""y1"": 517, ""rgb"": [179, 179, 179]}, {""label"": ""삭제"", ""x0"": 494, ""y0"": 324, ""x1"": 644, ""y1"": 378, ""rgb"": [179, 179, 179]}]"
d3_L19_h335_N.png,19,0,335,344,로그인,707,494,632,467,782,521,"230,155,211",#e69bd3,0.4497,72.87,40.22,"179,179,179","70,70,70",4.492,8.767,519,7038,"[{""label"": ""로그인"", ""x0"": 632, ""y0"": 467, ""x1"": 782, ""y1"": 521, ""rgb"": [230, 155, 211]}, {""label"": ""취소"", ""x0"": 43, ""y0"": 353, ""x1"": 193, ""y1"": 407, ""rgb"": [179, 179, 179]}, {""label"": ""설정"", ""x0"": 257, ""y0"": 147, ""x1"": 407, ""y1"": 201, ""rgb"": [179, 179, 179]}, {""label"": ""검색"", ""x0"": 317, ""y0"": 243, ""x1"": 467, ""y1"": 297, ""rgb"": [179, 179, 179]}, {""label"": ""저장"", ""x0"": 634, ""y0"": 74, ""x1"": 784, ""y1"": 128, ""rgb"": [179, 179, 179]}, {""label"": ""홈"", ""x0"": 681, ""y0"": 232, ""x1"": 831, ""y1"": 286, ""rgb"": [179, 179, 179]}, {""label"": ""도움말"", ""x0"": 34, ""y0"": 463, ""x1"": 184, ""y1"": 517, ""rgb"": [179, 179, 179]}, {""label"": ""삭제"", ""x0"": 494, ""y0"": 324, ""x1"": 644, ""y1"": 378, ""rgb"": [179, 179, 179]}]"
d3_L19_h155_N.png,19,0,155,345,로그인,707,494,632,467,782,521,"113,196,147",#71c493,0.451,72.95,39.99,"179,179,179","70,70,70",4.503,8.789,519,7038,"[{""label"": ""로그인"", ""x0"": 632, ""y0"": 467, ""x1"": 782, ""y1"": 521, ""rgb"": [113, 196, 147]}, {""label"": ""취소"", ""x0"": 43, ""y0"": 353, ""x1"": 193, ""y1"": 407, ""rgb"": [179, 179, 179]}, {""label"": ""설정"", ""x0"": 257, ""y0"": 147, ""x1"": 407, ""y1"": 201, ""rgb"": [179, 179, 179]}, {""label"": ""검색"", ""x0"": 317, ""y0"": 243, ""x1"": 467, ""y1"": 297, ""rgb"": [179, 179, 179]}, {""label"": ""저장"", ""x0"": 634, ""y0"": 74, ""x1"": 784, ""y1"": 128, ""rgb"": [179, 179, 179]}, {""label"": ""홈"", ""x0"": 681, ""y0"": 232, ""x1"": 831, ""y1"": 286, ""rgb"": [179, 179, 179]}, {""label"": ""도움말"", ""x0"": 34, ""y0"": 463, ""x1"": 184, ""y1"": 517, ""rgb"": [179, 179, 179]}, {""label"": ""삭제"", ""x0"": 494, ""y0"": 324, ""x1"": 644, ""y1"": 378, ""rgb"": [179, 179, 179]}]"
d3_L19_gray_N.png,19,0,gray,346,로그인,707,494,632,467,782,521,"179,179,179",#b3b3b3,0.4508,72.94,0.0,"179,179,179","70,70,70",4.502,8.786,519,7038,"[{""label"": ""로그인"", ""x0"": 632, ""y0"": 467, ""x1"": 782, ""y1"": 521, ""rgb"": [179, 179, 179]}, {""label"": ""취소"", ""x0"": 43, ""y0"": 353, ""x1"": 193, ""y1"": 407, ""rgb"": [179, 179, 179]}, {""label"": ""설정"", ""x0"": 257, ""y0"": 147, ""x1"": 407, ""y1"": 201, ""rgb"": [179, 179, 179]}, {""label"": ""검색"", ""x0"": 317, ""y0"": 243, ""x1"": 467, ""y1"": 297, ""rgb"": [179, 179, 179]}, {""label"": ""저장"", ""x0"": 634, ""y0"": 74, ""x1"": 784, ""y1"": 128, ""rgb"": [179, 179, 179]}, {""label"": ""홈"", ""x0"": 681, ""y0"": 232, ""x1"": 831, ""y1"": 286, ""rgb"": [179, 179, 179]}, {""label"": ""도움말"", ""x0"": 34, ""y0"": 463, ""x1"": 184, ""y1"": 517, ""rgb"": [179, 179, 179]}, {""label"": ""삭제"", ""x0"": 494, ""y0"": 324, ""x1"": 644, ""y1"": 378, ""rgb"": [179, 179, 179]}]"
d3_L19_h245_N.png,19,0,245,347,로그인,707,494,632,467,782,521,"67,191,244",#43bff4,0.4498,72.88,39.9,"179,179,179","70,70,70",4.493,8.77,519,7038,"[{""label"": ""로그인"", ""x0"": 632, ""y0"": 467, ""x1"": 782, ""y1"": 521, ""rgb"": [67, 191, 244]}, {""label"": ""취소"", ""x0"": 43, ""y0"": 353, ""x1"": 193, ""y1"": 407, ""rgb"": [179, 179, 179]}, {""label"": ""설정"", ""x0"": 257, ""y0"": 147, ""x1"": 407, ""y1"": 201, ""rgb"": [179, 179, 179]}, {""label"": ""검색"", ""x0"": 317, ""y0"": 243, ""x1"": 467, ""y1"": 297, ""rgb"": [179, 179, 179]}, {""label"": ""저장"", ""x0"": 634, ""y0"": 74, ""x1"": 784, ""y1"": 128, ""rgb"": [179, 179, 179]}, {""label"": ""홈"", ""x0"": 681, ""y0"": 232, ""x1"": 831, ""y1"": 286, ""rgb"": [179, 179, 179]}, {""label"": ""도움말"", ""x0"": 34, ""y0"": 463, ""x1"": 184, ""y1"": 517, ""rgb"": [179, 179, 179]}, {""label"": ""삭제"", ""x0"": 494, ""y0"": 324, ""x1"": 644, ""y1"": 378, ""rgb"": [179, 179, 179]}]"
d3_L19_h110_N.png,19,0,110,348,로그인,707,494,632,467,782,521,"178,184,109",#b2b86d,0.4485,72.79,39.73,"179,179,179","70,70,70",4.481,8.746,519,7038,"[{""label"": ""로그인"", ""x0"": 632, ""y0"": 467, ""x1"": 782, ""y1"": 521, ""rgb"": [178, 184, 109]}, {""label"": ""취소"", ""x0"": 43, ""y0"": 353, ""x1"": 193, ""y1"": 407, ""rgb"": [179, 179, 179]}, {""label"": ""설정"", ""x0"": 257, ""y0"": 147, ""x1"": 407, ""y1"": 201, ""rgb"": [179, 179, 179]}, {""label"": ""검색"", ""x0"": 317, ""y0"": 243, ""x1"": 467, ""y1"": 297, ""rgb"": [179, 179, 179]}, {""label"": ""저장"", ""x0"": 634, ""y0"": 74, ""x1"": 784, ""y1"": 128, ""rgb"": [179, 179, 179]}, {""label"": ""홈"", ""x0"": 681, ""y0"": 232, ""x1"": 831, ""y1"": 286, ""rgb"": [179, 179, 179]}, {""label"": ""도움말"", ""x0"": 34, ""y0"": 463, ""x1"": 184, ""y1"": 517, ""rgb"": [179, 179, 179]}, {""label"": ""삭제"", ""x0"": 494, ""y0"": 324, ""x1"": 644, ""y1"": 378, ""rgb"": [179, 179, 179]}]"
d3_L19_h20_N.png,19,0,20,349,로그인,707,494,632,467,782,521,"250,151,156",#fa979c,0.4486,72.8,39.94,"179,179,179","70,70,70",4.482,8.748,519,7038,"[{""label"": ""로그인"", ""x0"": 632, ""y0"": 467, ""x1"": 782, ""y1"": 521, ""rgb"": [250, 151, 156]}, {""label"": ""취소"", ""x0"": 43, ""y0"": 353, ""x1"": 193, ""y1"": 407, ""rgb"": [179, 179, 179]}, {""label"": ""설정"", ""x0"": 257, ""y0"": 147, ""x1"": 407, ""y1"": 201, ""rgb"": [179, 179, 179]}, {""label"": ""검색"", ""x0"": 317, ""y0"": 243, ""x1"": 467, ""y1"": 297, ""rgb"": [179, 179, 179]}, {""label"": ""저장"", ""x0"": 634, ""y0"": 74, ""x1"": 784, ""y1"": 128, ""rgb"": [179, 179, 179]}, {""label"": ""홈"", ""x0"": 681, ""y0"": 232, ""x1"": 831, ""y1"": 286, ""rgb"": [179, 179, 179]}, {""label"": ""도움말"", ""x0"": 34, ""y0"": 463, ""x1"": 184, ""y1"": 517, ""rgb"": [179, 179, 179]}, {""label"": ""삭제"", ""x0"": 494, ""y0"": 324, ""x1"": 644, ""y1"": 378, ""rgb"": [179, 179, 179]}]"
d3_L19_h200_N.png,19,0,200,350,로그인,707,494,632,467,782,521,"24,198,203",#18c6cb,0.4489,72.82,39.91,"179,179,179","70,70,70",4.485,8.754,519,7038,"[{""label"": ""로그인"", ""x0"": 632, ""y0"": 467, ""x1"": 782, ""y1"": 521, ""rgb"": [24, 198, 203]}, {""label"": ""취소"", ""x0"": 43, ""y0"": 353, ""x1"": 193, ""y1"": 407, ""rgb"": [179, 179, 179]}, {""label"": ""설정"", ""x0"": 257, ""y0"": 147, ""x1"": 407, ""y1"": 201, ""rgb"": [179, 179, 179]}, {""label"": ""검색"", ""x0"": 317, ""y0"": 243, ""x1"": 467, ""y1"": 297, ""rgb"": [179, 179, 179]}, {""label"": ""저장"", ""x0"": 634, ""y0"": 74, ""x1"": 784, ""y1"": 128, ""rgb"": [179, 179, 179]}, {""label"": ""홈"", ""x0"": 681, ""y0"": 232, ""x1"": 831, ""y1"": 286, ""rgb"": [179, 179, 179]}, {""label"": ""도움말"", ""x0"": 34, ""y0"": 463, ""x1"": 184, ""y1"": 517, ""rgb"": [179, 179, 179]}, {""label"": ""삭제"", ""x0"": 494, ""y0"": 324, ""x1"": 644, ""y1"": 378, ""rgb"": [179, 179, 179]}]"
d3_L19_h65_M.png,19,1,65,351,로그인,173,494,98,467,248,521,"228,166,113",#e4a671,0.4496,72.87,40.03,"179,179,179","70,70,70",4.491,8.766,519,7039,"[{""label"": ""로그인"", ""x0"": 98, ""y0"": 467, ""x1"": 248, ""y1"": 521, ""rgb"": [228, 166, 113]}, {""label"": ""취소"", ""x0"": 687, ""y0"": 353, ""x1"": 837, ""y1"": 407, ""rgb"": [179, 179, 179]}, {""label"": ""설정"", ""x0"": 473, ""y0"": 147, ""x1"": 623, ""y1"": 201, ""rgb"": [179, 179, 179]}, {""label"": ""검색"", ""x0"": 413, ""y0"": 243, ""x1"": 563, ""y1"": 297, ""rgb"": [179, 179, 179]}, {""label"": ""저장"", ""x0"": 96, ""y0"": 74, ""x1"": 246, ""y1"": 128, ""rgb"": [179, 179, 179]}, {""label"": ""홈"", ""x0"": 49, ""y0"": 232, ""x1"": 199, ""y1"": 286, ""rgb"": [179, 179, 179]}, {""label"": ""도움말"", ""x0"": 696, ""y0"": 463, ""x1"": 846, ""y1"": 517, ""rgb"": [179, 179, 179]}, {""label"": ""삭제"", ""x0"": 236, ""y0"": 324, ""x1"": 386, ""y1"": 378, ""rgb"": [179, 179, 179]}]"
d3_L19_h245_M.png,19,1,245,352,로그인,173,494,98,467,248,521,"67,191,244",#43bff4,0.4498,72.88,39.9,"179,179,179","70,70,70",4.493,8.77,519,7039,"[{""label"": ""로그인"", ""x0"": 98, ""y0"": 467, ""x1"": 248, ""y1"": 521, ""rgb"": [67, 191, 244]}, {""label"": ""취소"", ""x0"": 687, ""y0"": 353, ""x1"": 837, ""y1"": 407, ""rgb"": [179, 179, 179]}, {""label"": ""설정"", ""x0"": 473, ""y0"": 147, ""x1"": 623, ""y1"": 201, ""rgb"": [179, 179, 179]}, {""label"": ""검색"", ""x0"": 413, ""y0"": 243, ""x1"": 563, ""y1"": 297, ""rgb"": [179, 179, 179]}, {""label"": ""저장"", ""x0"": 96, ""y0"": 74, ""x1"": 246, ""y1"": 128, ""rgb"": [179, 179, 179]}, {""label"": ""홈"", ""x0"": 49, ""y0"": 232, ""x1"": 199, ""y1"": 286, ""rgb"": [179, 179, 179]}, {""label"": ""도움말"", ""x0"": 696, ""y0"": 463, ""x1"": 846, ""y1"": 517, ""rgb"": [179, 179, 179]}, {""label"": ""삭제"", ""x0"": 236, ""y0"": 324, ""x1"": 386, ""y1"": 378, ""rgb"": [179, 179, 179]}]"
d3_L19_h200_M.png,19,1,200,353,로그인,173,494,98,467,248,521,"24,198,203",#18c6cb,0.4489,72.82,39.91,"179,179,179","70,70,70",4.485,8.754,519,7039,"[{""label"": ""로그인"", ""x0"": 98, ""y0"": 467, ""x1"": 248, ""y1"": 521, ""rgb"": [24, 198, 203]}, {""label"": ""취소"", ""x0"": 687, ""y0"": 353, ""x1"": 837, ""y1"": 407, ""rgb"": [179, 179, 179]}, {""label"": ""설정"", ""x0"": 473, ""y0"": 147, ""x1"": 623, ""y1"": 201, ""rgb"": [179, 179, 179]}, {""label"": ""검색"", ""x0"": 413, ""y0"": 243, ""x1"": 563, ""y1"": 297, ""rgb"": [179, 179, 179]}, {""label"": ""저장"", ""x0"": 96, ""y0"": 74, ""x1"": 246, ""y1"": 128, ""rgb"": [179, 179, 179]}, {""label"": ""홈"", ""x0"": 49, ""y0"": 232, ""x1"": 199, ""y1"": 286, ""rgb"": [179, 179, 179]}, {""label"": ""도움말"", ""x0"": 696, ""y0"": 463, ""x1"": 846, ""y1"": 517, ""rgb"": [179, 179, 179]}, {""label"": ""삭제"", ""x0"": 236, ""y0"": 324, ""x1"": 386, ""y1"": 378, ""rgb"": [179, 179, 179]}]"
d3_L19_h335_M.png,19,1,335,354,로그인,173,494,98,467,248,521,"230,155,211",#e69bd3,0.4497,72.87,40.22,"179,179,179","70,70,70",4.492,8.767,519,7039,"[{""label"": ""로그인"", ""x0"": 98, ""y0"": 467, ""x1"": 248, ""y1"": 521, ""rgb"": [230, 155, 211]}, {""label"": ""취소"", ""x0"": 687, ""y0"": 353, ""x1"": 837, ""y1"": 407, ""rgb"": [179, 179, 179]}, {""label"": ""설정"", ""x0"": 473, ""y0"": 147, ""x1"": 623, ""y1"": 201, ""rgb"": [179, 179, 179]}, {""label"": ""검색"", ""x0"": 413, ""y0"": 243, ""x1"": 563, ""y1"": 297, ""rgb"": [179, 179, 179]}, {""label"": ""저장"", ""x0"": 96, ""y0"": 74, ""x1"": 246, ""y1"": 128, ""rgb"": [179, 179, 179]}, {""label"": ""홈"", ""x0"": 49, ""y0"": 232, ""x1"": 199, ""y1"": 286, ""rgb"": [179, 179, 179]}, {""label"": ""도움말"", ""x0"": 696, ""y0"": 463, ""x1"": 846, ""y1"": 517, ""rgb"": [179, 179, 179]}, {""label"": ""삭제"", ""x0"": 236, ""y0"": 324, ""x1"": 386, ""y1"": 378, ""rgb"": [179, 179, 179]}]"
d3_L19_gray_M.png,19,1,gray,355,로그인,173,494,98,467,248,521,"179,179,179",#b3b3b3,0.4508,72.94,0.0,"179,179,179","70,70,70",4.502,8.786,519,7039,"[{""label"": ""로그인"", ""x0"": 98, ""y0"": 467, ""x1"": 248, ""y1"": 521, ""rgb"": [179, 179, 179]}, {""label"": ""취소"", ""x0"": 687, ""y0"": 353, ""x1"": 837, ""y1"": 407, ""rgb"": [179, 179, 179]}, {""label"": ""설정"", ""x0"": 473, ""y0"": 147, ""x1"": 623, ""y1"": 201, ""rgb"": [179, 179, 179]}, {""label"": ""검색"", ""x0"": 413, ""y0"": 243, ""x1"": 563, ""y1"": 297, ""rgb"": [179, 179, 179]}, {""label"": ""저장"", ""x0"": 96, ""y0"": 74, ""x1"": 246, ""y1"": 128, ""rgb"": [179, 179, 179]}, {""label"": ""홈"", ""x0"": 49, ""y0"": 232, ""x1"": 199, ""y1"": 286, ""rgb"": [179, 179, 179]}, {""label"": ""도움말"", ""x0"": 696, ""y0"": 463, ""x1"": 846, ""y1"": 517, ""rgb"": [179, 179, 179]}, {""label"": ""삭제"", ""x0"": 236, ""y0"": 324, ""x1"": 386, ""y1"": 378, ""rgb"": [179, 179, 179]}]"
d3_L19_h110_M.png,19,1,110,356,로그인,173,494,98,467,248,521,"178,184,109",#b2b86d,0.4485,72.79,39.73,"179,179,179","70,70,70",4.481,8.746,519,7039,"[{""label"": ""로그인"", ""x0"": 98, ""y0"": 467, ""x1"": 248, ""y1"": 521, ""rgb"": [178, 184, 109]}, {""label"": ""취소"", ""x0"": 687, ""y0"": 353, ""x1"": 837, ""y1"": 407, ""rgb"": [179, 179, 179]}, {""label"": ""설정"", ""x0"": 473, ""y0"": 147, ""x1"": 623, ""y1"": 201, ""rgb"": [179, 179, 179]}, {""label"": ""검색"", ""x0"": 413, ""y0"": 243, ""x1"": 563, ""y1"": 297, ""rgb"": [179, 179, 179]}, {""label"": ""저장"", ""x0"": 96, ""y0"": 74, ""x1"": 246, ""y1"": 128, ""rgb"": [179, 179, 179]}, {""label"": ""홈"", ""x0"": 49, ""y0"": 232, ""x1"": 199, ""y1"": 286, ""rgb"": [179, 179, 179]}, {""label"": ""도움말"", ""x0"": 696, ""y0"": 463, ""x1"": 846, ""y1"": 517, ""rgb"": [179, 179, 179]}, {""label"": ""삭제"", ""x0"": 236, ""y0"": 324, ""x1"": 386, ""y1"": 378, ""rgb"": [179, 179, 179]}]"
d3_L19_h290_M.png,19,1,290,357,로그인,173,494,98,467,248,521,"165,174,248",#a5aef8,0.4505,72.92,40.21,"179,179,179","70,70,70",4.499,8.781,519,7039,"[{""label"": ""로그인"", ""x0"": 98, ""y0"": 467, ""x1"": 248, ""y1"": 521, ""rgb"": [165, 174, 248]}, {""label"": ""취소"", ""x0"": 687, ""y0"": 353, ""x1"": 837, ""y1"": 407, ""rgb"": [179, 179, 179]}, {""label"": ""설정"", ""x0"": 473, ""y0"": 147, ""x1"": 623, ""y1"": 201, ""rgb"": [179, 179, 179]}, {""label"": ""검색"", ""x0"": 413, ""y0"": 243, ""x1"": 563, ""y1"": 297, ""rgb"": [179, 179, 179]}, {""label"": ""저장"", ""x0"": 96, ""y0"": 74, ""x1"": 246, ""y1"": 128, ""rgb"": [179, 179, 179]}, {""label"": ""홈"", ""x0"": 49, ""y0"": 232, ""x1"": 199, ""y1"": 286, ""rgb"": [179, 179, 179]}, {""label"": ""도움말"", ""x0"": 696, ""y0"": 463, ""x1"": 846, ""y1"": 517, ""rgb"": [179, 179, 179]}, {""label"": ""삭제"", ""x0"": 236, ""y0"": 324, ""x1"": 386, ""y1"": 378, ""rgb"": [179, 179, 179]}]"
d3_L19_h155_M.png,19,1,155,358,로그인,173,494,98,467,248,521,"113,196,147",#71c493,0.451,72.95,39.99,"179,179,179","70,70,70",4.503,8.789,519,7039,"[{""label"": ""로그인"", ""x0"": 98, ""y0"": 467, ""x1"": 248, ""y1"": 521, ""rgb"": [113, 196, 147]}, {""label"": ""취소"", ""x0"": 687, ""y0"": 353, ""x1"": 837, ""y1"": 407, ""rgb"": [179, 179, 179]}, {""label"": ""설정"", ""x0"": 473, ""y0"": 147, ""x1"": 623, ""y1"": 201, ""rgb"": [179, 179, 179]}, {""label"": ""검색"", ""x0"": 413, ""y0"": 243, ""x1"": 563, ""y1"": 297, ""rgb"": [179, 179, 179]}, {""label"": ""저장"", ""x0"": 96, ""y0"": 74, ""x1"": 246, ""y1"": 128, ""rgb"": [179, 179, 179]}, {""label"": ""홈"", ""x0"": 49, ""y0"": 232, ""x1"": 199, ""y1"": 286, ""rgb"": [179, 179, 179]}, {""label"": ""도움말"", ""x0"": 696, ""y0"": 463, ""x1"": 846, ""y1"": 517, ""rgb"": [179, 179, 179]}, {""label"": ""삭제"", ""x0"": 236, ""y0"": 324, ""x1"": 386, ""y1"": 378, ""rgb"": [179, 179, 179]}]"
d3_L19_h20_M.png,19,1,20,359,로그인,173,494,98,467,248,521,"250,151,156",#fa979c,0.4486,72.8,39.94,"179,179,179","70,70,70",4.482,8.748,519,7039,"[{""label"": ""로그인"", ""x0"": 98, ""y0"": 467, ""x1"": 248, ""y1"": 521, ""rgb"": [250, 151, 156]}, {""label"": ""취소"", ""x0"": 687, ""y0"": 353, ""x1"": 837, ""y1"": 407, ""rgb"": [179, 179, 179]}, {""label"": ""설정"", ""x0"": 473, ""y0"": 147, ""x1"": 623, ""y1"": 201, ""rgb"": [179, 179, 179]}, {""label"": ""검색"", ""x0"": 413, ""y0"": 243, ""x1"": 563, ""y1"": 297, ""rgb"": [179, 179, 179]}, {""label"": ""저장"", ""x0"": 96, ""y0"": 74, ""x1"": 246, ""y1"": 128, ""rgb"": [179, 179, 179]}, {""label"": ""홈"", ""x0"": 49, ""y0"": 232, ""x1"": 199, ""y1"": 286, ""rgb"": [179, 179, 179]}, {""label"": ""도움말"", ""x0"": 696, ""y0"": 463, ""x1"": 846, ""y1"": 517, ""rgb"": [179, 179, 179]}, {""label"": ""삭제"", ""x0"": 236, ""y0"": 324, ""x1"": 386, ""y1"": 378, ""rgb"": [179, 179, 179]}]"
