file,layout,mirror,cond,kind,hue,target,decoy,run_order,cx,cy,x0,y0,x1,y1,gray_ref,boxes
d5_L00_login_D65_N.png,0,0,D65,decoy,65,로그인,취소,259,562,521,487,494,637,548,d3_L00_gray_N.png,"[{""label"": ""로그인"", ""x0"": 487, ""y0"": 494, ""x1"": 637, ""y1"": 548, ""rgb"": [179, 179, 179]}, {""label"": ""취소"", ""x0"": 276, ""y0"": 399, ""x1"": 426, ""y1"": 453, ""rgb"": [228, 166, 113]}, {""label"": ""설정"", ""x0"": 232, ""y0"": 125, ""x1"": 382, ""y1"": 179, ""rgb"": [179, 179, 179]}, {""label"": ""검색"", ""x0"": 33, ""y0"": 222, ""x1"": 183, ""y1"": 276, ""rgb"": [179, 179, 179]}, {""label"": ""저장"", ""x0"": 353, ""y0"": 252, ""x1"": 503, ""y1"": 306, ""rgb"": [179, 179, 179]}, {""label"": ""홈"", ""x0"": 653, ""y0"": 329, ""x1"": 803, ""y1"": 383, ""rgb"": [179, 179, 179]}, {""label"": ""도움말"", ""x0"": 514, ""y0"": 134, ""x1"": 664, ""y1"": 188, ""rgb"": [179, 179, 179]}, {""label"": ""삭제"", ""x0"": 635, ""y0"": 22, ""x1"": 785, ""y1"": 76, ""rgb"": [179, 179, 179]}]"
d5_L00_login_D245_N.png,0,0,D245,decoy,245,로그인,취소,380,562,521,487,494,637,548,d3_L00_gray_N.png,"[{""label"": ""로그인"", ""x0"": 487, ""y0"": 494, ""x1"": 637, ""y1"": 548, ""rgb"": [179, 179, 179]}, {""label"": ""취소"", ""x0"": 276, ""y0"": 399, ""x1"": 426, ""y1"": 453, ""rgb"": [67, 191, 244]}, {""label"": ""설정"", ""x0"": 232, ""y0"": 125, ""x1"": 382, ""y1"": 179, ""rgb"": [179, 179, 179]}, {""label"": ""검색"", ""x0"": 33, ""y0"": 222, ""x1"": 183, ""y1"": 276, ""rgb"": [179, 179, 179]}, {""label"": ""저장"", ""x0"": 353, ""y0"": 252, ""x1"": 503, ""y1"": 306, ""rgb"": [179, 179, 179]}, {""label"": ""홈"", ""x0"": 653, ""y0"": 329, ""x1"": 803, ""y1"": 383, ""rgb"": [179, 179, 179]}, {""label"": ""도움말"", ""x0"": 514, ""y0"": 134, ""x1"": 664, ""y1"": 188, ""rgb"": [179, 179, 179]}, {""label"": ""삭제"", ""x0"": 635, ""y0"": 22, ""x1"": 785, ""y1"": 76, ""rgb"": [179, 179, 179]}]"
d5_L00_login_D65_M.png,0,1,D65,decoy,65,로그인,취소,39,318,521,243,494,393,548,d3_L00_gray_M.png,"[{""label"": ""로그인"", ""x0"": 243, ""y0"": 494, ""x1"": 393, ""y1"": 548, ""rgb"": [179, 179, 179]}, {""label"": ""취소"", ""x0"": 454, ""y0"": 399, ""x1"": 604, ""y1"": 453, ""rgb"": [228, 166, 113]}, {""label"": ""설정"", ""x0"": 498, ""y0"": 125, ""x1"": 648, ""y1"": 179, ""rgb"": [179, 179, 179]}, {""label"": ""검색"", ""x0"": 697, ""y0"": 222, ""x1"": 847, ""y1"": 276, ""rgb"": [179, 179, 179]}, {""label"": ""저장"", ""x0"": 377, ""y0"": 252, ""x1"": 527, ""y1"": 306, ""rgb"": [179, 179, 179]}, {""label"": ""홈"", ""x0"": 77, ""y0"": 329, ""x1"": 227, ""y1"": 383, ""rgb"": [179, 179, 179]}, {""label"": ""도움말"", ""x0"": 216, ""y0"": 134, ""x1"": 366, ""y1"": 188, ""rgb"": [179, 179, 179]}, {""label"": ""삭제"", ""x0"": 95, ""y0"": 22, ""x1"": 245, ""y1"": 76, ""rgb"": [179, 179, 179]}]"
d5_L00_login_D245_M.png,0,1,D245,decoy,245,로그인,취소,203,318,521,243,494,393,548,d3_L00_gray_M.png,"[{""label"": ""로그인"", ""x0"": 243, ""y0"": 494, ""x1"": 393, ""y1"": 548, ""rgb"": [179, 179, 179]}, {""label"": ""취소"", ""x0"": 454, ""y0"": 399, ""x1"": 604, ""y1"": 453, ""rgb"": [67, 191, 244]}, {""label"": ""설정"", ""x0"": 498, ""y0"": 125, ""x1"": 648, ""y1"": 179, ""rgb"": [179, 179, 179]}, {""label"": ""검색"", ""x0"": 697, ""y0"": 222, ""x1"": 847, ""y1"": 276, ""rgb"": [179, 179, 179]}, {""label"": ""저장"", ""x0"": 377, ""y0"": 252, ""x1"": 527, ""y1"": 306, ""rgb"": [179, 179, 179]}, {""label"": ""홈"", ""x0"": 77, ""y0"": 329, ""x1"": 227, ""y1"": 383, ""rgb"": [179, 179, 179]}, {""label"": ""도움말"", ""x0"": 216, ""y0"": 134, ""x1"": 366, ""y1"": 188, ""rgb"": [179, 179, 179]}, {""label"": ""삭제"", ""x0"": 95, ""y0"": 22, ""x1"": 245, ""y1"": 76, ""rgb"": [179, 179, 179]}]"
d5_L00_home_T65_N.png,0,0,T65,target,65,홈,삭제,296,728,356,653,329,803,383,d3_L00_gray_N.png,"[{""label"": ""로그인"", ""x0"": 487, ""y0"": 494, ""x1"": 637, ""y1"": 548, ""rgb"": [179, 179, 179]}, {""label"": ""취소"", ""x0"": 276, ""y0"": 399, ""x1"": 426, ""y1"": 453, ""rgb"": [179, 179, 179]}, {""label"": ""설정"", ""x0"": 232, ""y0"": 125, ""x1"": 382, ""y1"": 179, ""rgb"": [179, 179, 179]}, {""label"": ""검색"", ""x0"": 33, ""y0"": 222, ""x1"": 183, ""y1"": 276, ""rgb"": [179, 179, 179]}, {""label"": ""저장"", ""x0"": 353, ""y0"": 252, ""x1"": 503, ""y1"": 306, ""rgb"": [179, 179, 179]}, {""label"": ""홈"", ""x0"": 653, ""y0"": 329, ""x1"": 803, ""y1"": 383, ""rgb"": [228, 166, 113]}, {""label"": ""도움말"", ""x0"": 514, ""y0"": 134, ""x1"": 664, ""y1"": 188, ""rgb"": [179, 179, 179]}, {""label"": ""삭제"", ""x0"": 635, ""y0"": 22, ""x1"": 785, ""y1"": 76, ""rgb"": [179, 179, 179]}]"
d5_L00_home_D65_N.png,0,0,D65,decoy,65,홈,삭제,373,728,356,653,329,803,383,d3_L00_gray_N.png,"[{""label"": ""로그인"", ""x0"": 487, ""y0"": 494, ""x1"": 637, ""y1"": 548, ""rgb"": [179, 179, 179]}, {""label"": ""취소"", ""x0"": 276, ""y0"": 399, ""x1"": 426, ""y1"": 453, ""rgb"": [179, 179, 179]}, {""label"": ""설정"", ""x0"": 232, ""y0"": 125, ""x1"": 382, ""y1"": 179, ""rgb"": [179, 179, 179]}, {""label"": ""검색"", ""x0"": 33, ""y0"": 222, ""x1"": 183, ""y1"": 276, ""rgb"": [179, 179, 179]}, {""label"": ""저장"", ""x0"": 353, ""y0"": 252, ""x1"": 503, ""y1"": 306, ""rgb"": [179, 179, 179]}, {""label"": ""홈"", ""x0"": 653, ""y0"": 329, ""x1"": 803, ""y1"": 383, ""rgb"": [179, 179, 179]}, {""label"": ""도움말"", ""x0"": 514, ""y0"": 134, ""x1"": 664, ""y1"": 188, ""rgb"": [179, 179, 179]}, {""label"": ""삭제"", ""x0"": 635, ""y0"": 22, ""x1"": 785, ""y1"": 76, ""rgb"": [228, 166, 113]}]"
d5_L00_home_T245_N.png,0,0,T245,target,245,홈,삭제,195,728,356,653,329,803,383,d3_L00_gray_N.png,"[{""label"": ""로그인"", ""x0"": 487, ""y0"": 494, ""x1"": 637, ""y1"": 548, ""rgb"": [179, 179, 179]}, {""label"": ""취소"", ""x0"": 276, ""y0"": 399, ""x1"": 426, ""y1"": 453, ""rgb"": [179, 179, 179]}, {""label"": ""설정"", ""x0"": 232, ""y0"": 125, ""x1"": 382, ""y1"": 179, ""rgb"": [179, 179, 179]}, {""label"": ""검색"", ""x0"": 33, ""y0"": 222, ""x1"": 183, ""y1"": 276, ""rgb"": [179, 179, 179]}, {""label"": ""저장"", ""x0"": 353, ""y0"": 252, ""x1"": 503, ""y1"": 306, ""rgb"": [179, 179, 179]}, {""label"": ""홈"", ""x0"": 653, ""y0"": 329, ""x1"": 803, ""y1"": 383, ""rgb"": [67, 191, 244]}, {""label"": ""도움말"", ""x0"": 514, ""y0"": 134, ""x1"": 664, ""y1"": 188, ""rgb"": [179, 179, 179]}, {""label"": ""삭제"", ""x0"": 635, ""y0"": 22, ""x1"": 785, ""y1"": 76, ""rgb"": [179, 179, 179]}]"
d5_L00_home_D245_N.png,0,0,D245,decoy,245,홈,삭제,261,728,356,653,329,803,383,d3_L00_gray_N.png,"[{""label"": ""로그인"", ""x0"": 487, ""y0"": 494, ""x1"": 637, ""y1"": 548, ""rgb"": [179, 179, 179]}, {""label"": ""취소"", ""x0"": 276, ""y0"": 399, ""x1"": 426, ""y1"": 453, ""rgb"": [179, 179, 179]}, {""label"": ""설정"", ""x0"": 232, ""y0"": 125, ""x1"": 382, ""y1"": 179, ""rgb"": [179, 179, 179]}, {""label"": ""검색"", ""x0"": 33, ""y0"": 222, ""x1"": 183, ""y1"": 276, ""rgb"": [179, 179, 179]}, {""label"": ""저장"", ""x0"": 353, ""y0"": 252, ""x1"": 503, ""y1"": 306, ""rgb"": [179, 179, 179]}, {""label"": ""홈"", ""x0"": 653, ""y0"": 329, ""x1"": 803, ""y1"": 383, ""rgb"": [179, 179, 179]}, {""label"": ""도움말"", ""x0"": 514, ""y0"": 134, ""x1"": 664, ""y1"": 188, ""rgb"": [179, 179, 179]}, {""label"": ""삭제"", ""x0"": 635, ""y0"": 22, ""x1"": 785, ""y1"": 76, ""rgb"": [67, 191, 244]}]"
d5_L00_home_T65_M.png,0,1,T65,target,65,홈,삭제,167,152,356,77,329,227,383,d3_L00_gray_M.png,"[{""label"": ""로그인"", ""x0"": 243, ""y0"": 494, ""x1"": 393, ""y1"": 548, ""rgb"": [179, 179, 179]}, {""label"": ""취소"", ""x0"": 454, ""y0"": 399, ""x1"": 604, ""y1"": 453, ""rgb"": [179, 179, 179]}, {""label"": ""설정"", ""x0"": 498, ""y0"": 125, ""x1"": 648, ""y1"": 179, ""rgb"": [179, 179, 179]}, {""label"": ""검색"", ""x0"": 697, ""y0"": 222, ""x1"": 847, ""y1"": 276, ""rgb"": [179, 179, 179]}, {""label"": ""저장"", ""x0"": 377, ""y0"": 252, ""x1"": 527, ""y1"": 306, ""rgb"": [179, 179, 179]}, {""label"": ""홈"", ""x0"": 77, ""y0"": 329, ""x1"": 227, ""y1"": 383, ""rgb"": [228, 166, 113]}, {""label"": ""도움말"", ""x0"": 216, ""y0"": 134, ""x1"": 366, ""y1"": 188, ""rgb"": [179, 179, 179]}, {""label"": ""삭제"", ""x0"": 95, ""y0"": 22, ""x1"": 245, ""y1"": 76, ""rgb"": [179, 179, 179]}]"
d5_L00_home_D65_M.png,0,1,D65,decoy,65,홈,삭제,29,152,356,77,329,227,383,d3_L00_gray_M.png,"[{""label"": ""로그인"", ""x0"": 243, ""y0"": 494, ""x1"": 393, ""y1"": 548, ""rgb"": [179, 179, 179]}, {""label"": ""취소"", ""x0"": 454, ""y0"": 399, ""x1"": 604, ""y1"": 453, ""rgb"": [179, 179, 179]}, {""label"": ""설정"", ""x0"": 498, ""y0"": 125, ""x1"": 648, ""y1"": 179, ""rgb"": [179, 179, 179]}, {""label"": ""검색"", ""x0"": 697, ""y0"": 222, ""x1"": 847, ""y1"": 276, ""rgb"": [179, 179, 179]}, {""label"": ""저장"", ""x0"": 377, ""y0"": 252, ""x1"": 527, ""y1"": 306, ""rgb"": [179, 179, 179]}, {""label"": ""홈"", ""x0"": 77, ""y0"": 329, ""x1"": 227, ""y1"": 383, ""rgb"": [179, 179, 179]}, {""label"": ""도움말"", ""x0"": 216, ""y0"": 134, ""x1"": 366, ""y1"": 188, ""rgb"": [179, 179, 179]}, {""label"": ""삭제"", ""x0"": 95, ""y0"": 22, ""x1"": 245, ""y1"": 76, ""rgb"": [228, 166, 113]}]"
d5_L00_home_T245_M.png,0,1,T245,target,245,홈,삭제,20,152,356,77,329,227,383,d3_L00_gray_M.png,"[{""label"": ""로그인"", ""x0"": 243, ""y0"": 494, ""x1"": 393, ""y1"": 548, ""rgb"": [179, 179, 179]}, {""label"": ""취소"", ""x0"": 454, ""y0"": 399, ""x1"": 604, ""y1"": 453, ""rgb"": [179, 179, 179]}, {""label"": ""설정"", ""x0"": 498, ""y0"": 125, ""x1"": 648, ""y1"": 179, ""rgb"": [179, 179, 179]}, {""label"": ""검색"", ""x0"": 697, ""y0"": 222, ""x1"": 847, ""y1"": 276, ""rgb"": [179, 179, 179]}, {""label"": ""저장"", ""x0"": 377, ""y0"": 252, ""x1"": 527, ""y1"": 306, ""rgb"": [179, 179, 179]}, {""label"": ""홈"", ""x0"": 77, ""y0"": 329, ""x1"": 227, ""y1"": 383, ""rgb"": [67, 191, 244]}, {""label"": ""도움말"", ""x0"": 216, ""y0"": 134, ""x1"": 366, ""y1"": 188, ""rgb"": [179, 179, 179]}, {""label"": ""삭제"", ""x0"": 95, ""y0"": 22, ""x1"": 245, ""y1"": 76, ""rgb"": [179, 179, 179]}]"
d5_L00_home_D245_M.png,0,1,D245,decoy,245,홈,삭제,252,152,356,77,329,227,383,d3_L00_gray_M.png,"[{""label"": ""로그인"", ""x0"": 243, ""y0"": 494, ""x1"": 393, ""y1"": 548, ""rgb"": [179, 179, 179]}, {""label"": ""취소"", ""x0"": 454, ""y0"": 399, ""x1"": 604, ""y1"": 453, ""rgb"": [179, 179, 179]}, {""label"": ""설정"", ""x0"": 498, ""y0"": 125, ""x1"": 648, ""y1"": 179, ""rgb"": [179, 179, 179]}, {""label"": ""검색"", ""x0"": 697, ""y0"": 222, ""x1"": 847, ""y1"": 276, ""rgb"": [179, 179, 179]}, {""label"": ""저장"", ""x0"": 377, ""y0"": 252, ""x1"": 527, ""y1"": 306, ""rgb"": [179, 179, 179]}, {""label"": ""홈"", ""x0"": 77, ""y0"": 329, ""x1"": 227, ""y1"": 383, ""rgb"": [179, 179, 179]}, {""label"": ""도움말"", ""x0"": 216, ""y0"": 134, ""x1"": 366, ""y1"": 188, ""rgb"": [179, 179, 179]}, {""label"": ""삭제"", ""x0"": 95, ""y0"": 22, ""x1"": 245, ""y1"": 76, ""rgb"": [67, 191, 244]}]"
d5_L00_settings_T65_N.png,0,0,T65,target,65,설정,검색,348,307,152,232,125,382,179,d3_L00_gray_N.png,"[{""label"": ""로그인"", ""x0"": 487, ""y0"": 494, ""x1"": 637, ""y1"": 548, ""rgb"": [179, 179, 179]}, {""label"": ""취소"", ""x0"": 276, ""y0"": 399, ""x1"": 426, ""y1"": 453, ""rgb"": [179, 179, 179]}, {""label"": ""설정"", ""x0"": 232, ""y0"": 125, ""x1"": 382, ""y1"": 179, ""rgb"": [228, 166, 113]}, {""label"": ""검색"", ""x0"": 33, ""y0"": 222, ""x1"": 183, ""y1"": 276, ""rgb"": [179, 179, 179]}, {""label"": ""저장"", ""x0"": 353, ""y0"": 252, ""x1"": 503, ""y1"": 306, ""rgb"": [179, 179, 179]}, {""label"": ""홈"", ""x0"": 653, ""y0"": 329, ""x1"": 803, ""y1"": 383, ""rgb"": [179, 179, 179]}, {""label"": ""도움말"", ""x0"": 514, ""y0"": 134, ""x1"": 664, ""y1"": 188, ""rgb"": [179, 179, 179]}, {""label"": ""삭제"", ""x0"": 635, ""y0"": 22, ""x1"": 785, ""y1"": 76, ""rgb"": [179, 179, 179]}]"
d5_L00_settings_D65_N.png,0,0,D65,decoy,65,설정,검색,199,307,152,232,125,382,179,d3_L00_gray_N.png,"[{""label"": ""로그인"", ""x0"": 487, ""y0"": 494, ""x1"": 637, ""y1"": 548, ""rgb"": [179, 179, 179]}, {""label"": ""취소"", ""x0"": 276, ""y0"": 399, ""x1"": 426, ""y1"": 453, ""rgb"": [179, 179, 179]}, {""label"": ""설정"", ""x0"": 232, ""y0"": 125, ""x1"": 382, ""y1"": 179, ""rgb"": [179, 179, 179]}, {""label"": ""검색"", ""x0"": 33, ""y0"": 222, ""x1"": 183, ""y1"": 276, ""rgb"": [228, 166, 113]}, {""label"": ""저장"", ""x0"": 353, ""y0"": 252, ""x1"": 503, ""y1"": 306, ""rgb"": [179, 179, 179]}, {""label"": ""홈"", ""x0"": 653, ""y0"": 329, ""x1"": 803, ""y1"": 383, ""rgb"": [179, 179, 179]}, {""label"": ""도움말"", ""x0"": 514, ""y0"": 134, ""x1"": 664, ""y1"": 188, ""rgb"": [179, 179, 179]}, {""label"": ""삭제"", ""x0"": 635, ""y0"": 22, ""x1"": 785, ""y1"": 76, ""rgb"": [179, 179, 179]}]"
d5_L00_settings_T245_N.png,0,0,T245,target,245,설정,검색,98,307,152,232,125,382,179,d3_L00_gray_N.png,"[{""label"": ""로그인"", ""x0"": 487, ""y0"": 494, ""x1"": 637, ""y1"": 548, ""rgb"": [179, 179, 179]}, {""label"": ""취소"", ""x0"": 276, ""y0"": 399, ""x1"": 426, ""y1"": 453, ""rgb"": [179, 179, 179]}, {""label"": ""설정"", ""x0"": 232, ""y0"": 125, ""x1"": 382, ""y1"": 179, ""rgb"": [67, 191, 244]}, {""label"": ""검색"", ""x0"": 33, ""y0"": 222, ""x1"": 183, ""y1"": 276, ""rgb"": [179, 179, 179]}, {""label"": ""저장"", ""x0"": 353, ""y0"": 252, ""x1"": 503, ""y1"": 306, ""rgb"": [179, 179, 179]}, {""label"": ""홈"", ""x0"": 653, ""y0"": 329, ""x1"": 803, ""y1"": 383, ""rgb"": [179, 179, 179]}, {""label"": ""도움말"", ""x0"": 514, ""y0"": 134, ""x1"": 664, ""y1"": 188, ""rgb"": [179, 179, 179]}, {""label"": ""삭제"", ""x0"": 635, ""y0"": 22, ""x1"": 785, ""y1"": 76, ""rgb"": [179, 179, 179]}]"
d5_L00_settings_D245_N.png,0,0,D245,decoy,245,설정,검색,53,307,152,232,125,382,179,d3_L00_gray_N.png,"[{""label"": ""로그인"", ""x0"": 487, ""y0"": 494, ""x1"": 637, ""y1"": 548, ""rgb"": [179, 179, 179]}, {""label"": ""취소"", ""x0"": 276, ""y0"": 399, ""x1"": 426, ""y1"": 453, ""rgb"": [179, 179, 179]}, {""label"": ""설정"", ""x0"": 232, ""y0"": 125, ""x1"": 382, ""y1"": 179, ""rgb"": [179, 179, 179]}, {""label"": ""검색"", ""x0"": 33, ""y0"": 222, ""x1"": 183, ""y1"": 276, ""rgb"": [67, 191, 244]}, {""label"": ""저장"", ""x0"": 353, ""y0"": 252, ""x1"": 503, ""y1"": 306, ""rgb"": [179, 179, 179]}, {""label"": ""홈"", ""x0"": 653, ""y0"": 329, ""x1"": 803, ""y1"": 383, ""rgb"": [179, 179, 179]}, {""label"": ""도움말"", ""x0"": 514, ""y0"": 134, ""x1"": 664, ""y1"": 188, ""rgb"": [179, 179, 179]}, {""label"": ""삭제"", ""x0"": 635, ""y0"": 22, ""x1"": 785, ""y1"": 76, ""rgb"": [179, 179, 179]}]"
d5_L00_settings_T65_M.png,0,1,T65,target,65,설정,검색,295,573,152,498,125,648,179,d3_L00_gray_M.png,"[{""label"": ""로그인"", ""x0"": 243, ""y0"": 494, ""x1"": 393, ""y1"": 548, ""rgb"": [179, 179, 179]}, {""label"": ""취소"", ""x0"": 454, ""y0"": 399, ""x1"": 604, ""y1"": 453, ""rgb"": [179, 179, 179]}, {""label"": ""설정"", ""x0"": 498, ""y0"": 125, ""x1"": 648, ""y1"": 179, ""rgb"": [228, 166, 113]}, {""label"": ""검색"", ""x0"": 697, ""y0"": 222, ""x1"": 847, ""y1"": 276, ""rgb"": [179, 179, 179]}, {""label"": ""저장"", ""x0"": 377, ""y0"": 252, ""x1"": 527, ""y1"": 306, ""rgb"": [179, 179, 179]}, {""label"": ""홈"", ""x0"": 77, ""y0"": 329, ""x1"": 227, ""y1"": 383, ""rgb"": [179, 179, 179]}, {""label"": ""도움말"", ""x0"": 216, ""y0"": 134, ""x1"": 366, ""y1"": 188, ""rgb"": [179, 179, 179]}, {""label"": ""삭제"", ""x0"": 95, ""y0"": 22, ""x1"": 245, ""y1"": 76, ""rgb"": [179, 179, 179]}]"
d5_L00_settings_D65_M.png,0,1,D65,decoy,65,설정,검색,282,573,152,498,125,648,179,d3_L00_gray_M.png,"[{""label"": ""로그인"", ""x0"": 243, ""y0"": 494, ""x1"": 393, ""y1"": 548, ""rgb"": [179, 179, 179]}, {""label"": ""취소"", ""x0"": 454, ""y0"": 399, ""x1"": 604, ""y1"": 453, ""rgb"": [179, 179, 179]}, {""label"": ""설정"", ""x0"": 498, ""y0"": 125, ""x1"": 648, ""y1"": 179, ""rgb"": [179, 179, 179]}, {""label"": ""검색"", ""x0"": 697, ""y0"": 222, ""x1"": 847, ""y1"": 276, ""rgb"": [228, 166, 113]}, {""label"": ""저장"", ""x0"": 377, ""y0"": 252, ""x1"": 527, ""y1"": 306, ""rgb"": [179, 179, 179]}, {""label"": ""홈"", ""x0"": 77, ""y0"": 329, ""x1"": 227, ""y1"": 383, ""rgb"": [179, 179, 179]}, {""label"": ""도움말"", ""x0"": 216, ""y0"": 134, ""x1"": 366, ""y1"": 188, ""rgb"": [179, 179, 179]}, {""label"": ""삭제"", ""x0"": 95, ""y0"": 22, ""x1"": 245, ""y1"": 76, ""rgb"": [179, 179, 179]}]"
d5_L00_settings_T245_M.png,0,1,T245,target,245,설정,검색,200,573,152,498,125,648,179,d3_L00_gray_M.png,"[{""label"": ""로그인"", ""x0"": 243, ""y0"": 494, ""x1"": 393, ""y1"": 548, ""rgb"": [179, 179, 179]}, {""label"": ""취소"", ""x0"": 454, ""y0"": 399, ""x1"": 604, ""y1"": 453, ""rgb"": [179, 179, 179]}, {""label"": ""설정"", ""x0"": 498, ""y0"": 125, ""x1"": 648, ""y1"": 179, ""rgb"": [67, 191, 244]}, {""label"": ""검색"", ""x0"": 697, ""y0"": 222, ""x1"": 847, ""y1"": 276, ""rgb"": [179, 179, 179]}, {""label"": ""저장"", ""x0"": 377, ""y0"": 252, ""x1"": 527, ""y1"": 306, ""rgb"": [179, 179, 179]}, {""label"": ""홈"", ""x0"": 77, ""y0"": 329, ""x1"": 227, ""y1"": 383, ""rgb"": [179, 179, 179]}, {""label"": ""도움말"", ""x0"": 216, ""y0"": 134, ""x1"": 366, ""y1"": 188, ""rgb"": [179, 179, 179]}, {""label"": ""삭제"", ""x0"": 95, ""y0"": 22, ""x1"": 245, ""y1"": 76, ""rgb"": [179, 179, 179]}]"
d5_L00_settings_D245_M.png,0,1,D245,decoy,245,설정,검색,51,573,152,498,125,648,179,d3_L00_gray_M.png,"[{""label"": ""로그인"", ""x0"": 243, ""y0"": 494, ""x1"": 393, ""y1"": 548, ""rgb"": [179, 179, 179]}, {""label"": ""취소"", ""x0"": 454, ""y0"": 399, ""x1"": 604, ""y1"": 453, ""rgb"": [179, 179, 179]}, {""label"": ""설정"", ""x0"": 498, ""y0"": 125, ""x1"": 648, ""y1"": 179, ""rgb"": [179, 179, 179]}, {""label"": ""검색"", ""x0"": 697, ""y0"": 222, ""x1"": 847, ""y1"": 276, ""rgb"": [67, 191, 244]}, {""label"": ""저장"", ""x0"": 377, ""y0"": 252, ""x1"": 527, ""y1"": 306, ""rgb"": [179, 179, 179]}, {""label"": ""홈"", ""x0"": 77, ""y0"": 329, ""x1"": 227, ""y1"": 383, ""rgb"": [179, 179, 179]}, {""label"": ""도움말"", ""x0"": 216, ""y0"": 134, ""x1"": 366, ""y1"": 188, ""rgb"": [179, 179, 179]}, {""label"": ""삭제"", ""x0"": 95, ""y0"": 22, ""x1"": 245, ""y1"": 76, ""rgb"": [179, 179, 179]}]"
d5_L01_login_D65_N.png,1,0,D65,decoy,65,로그인,홈,144,744,331,669,304,819,358,d3_L01_gray_N.png,"[{""label"": ""로그인"", ""x0"": 669, ""y0"": 304, ""x1"": 819, ""y1"": 358, ""rgb"": [179, 179, 179]}, {""label"": ""취소"", ""x0"": 261, ""y0"": 350, ""x1"": 411, ""y1"": 404, ""rgb"": [179, 179, 179]}, {""label"": ""설정"", ""x0"": 375, ""y0"": 476, ""x1"": 525, ""y1"": 530, ""rgb"": [179, 179, 179]}, {""label"": ""검색"", ""x0"": 485, ""y0"": 25, ""x1"": 635, ""y1"": 79, ""rgb"": [179, 179, 179]}, {""label"": ""저장"", ""x0"": 35, ""y0"": 393, ""x1"": 185, ""y1"": 447, ""rgb"": [179, 179, 179]}, {""label"": ""홈"", ""x0"": 233, ""y0"": 153, ""x1"": 383, ""y1"": 207, ""rgb"": [228, 166, 113]}, {""label"": ""도움말"", ""x0"": 492, ""y0"": 152, ""x1"": 642, ""y1"": 206, ""rgb"": [179, 179, 179]}, {""label"": ""삭제"", ""x0"": 120, ""y0"": 44, ""x1"": 270, ""y1"": 98, ""rgb"": [179, 179, 179]}]"
d5_L01_login_D245_N.png,1,0,D245,decoy,245,로그인,홈,221,744,331,669,304,819,358,d3_L01_gray_N.png,"[{""label"": ""로그인"", ""x0"": 669, ""y0"": 304, ""x1"": 819, ""y1"": 358, ""rgb"": [179, 179, 179]}, {""label"": ""취소"", ""x0"": 261, ""y0"": 350, ""x1"": 411, ""y1"": 404, ""rgb"": [179, 179, 179]}, {""label"": ""설정"", ""x0"": 375, ""y0"": 476, ""x1"": 525, ""y1"": 530, ""rgb"": [179, 179, 179]}, {""label"": ""검색"", ""x0"": 485, ""y0"": 25, ""x1"": 635, ""y1"": 79, ""rgb"": [179, 179, 179]}, {""label"": ""저장"", ""x0"": 35, ""y0"": 393, ""x1"": 185, ""y1"": 447, ""rgb"": [179, 179, 179]}, {""label"": ""홈"", ""x0"": 233, ""y0"": 153, ""x1"": 383, ""y1"": 207, ""rgb"": [67, 191, 244]}, {""label"": ""도움말"", ""x0"": 492, ""y0"": 152, ""x1"": 642, ""y1"": 206, ""rgb"": [179, 179, 179]}, {""label"": ""삭제"", ""x0"": 120, ""y0"": 44, ""x1"": 270, ""y1"": 98, ""rgb"": [179, 179, 179]}]"
d5_L01_login_D65_M.png,1,1,D65,decoy,65,로그인,홈,45,136,331,61,304,211,358,d3_L01_gray_M.png,"[{""label"": ""로그인"", ""x0"": 61, ""y0"": 304, ""x1"": 211, ""y1"": 358, ""rgb"": [179, 179, 179]}, {""label"": ""취소"", ""x0"": 469, ""y0"": 350, ""x1"": 619, ""y1"": 404, ""rgb"": [179, 179, 179]}, {""label"": ""설정"", ""x0"": 355, ""y0"": 476, ""x1"": 505, ""y1"": 530, ""rgb"": [179, 179, 179]}, {""label"": ""검색"", ""x0"": 245, ""y0"": 25, ""x1"": 395, ""y1"": 79, ""rgb"": [179, 179, 179]}, {""label"": ""저장"", ""x0"": 695, ""y0"": 393, ""x1"": 845, ""y1"": 447, ""rgb"": [179, 179, 179]}, {""label"": ""홈"", ""x0"": 497, ""y0"": 153, ""x1"": 647, ""y1"": 207, ""rgb"": [228, 166, 113]}, {""label"": ""도움말"", ""x0"": 238, ""y0"": 152, ""x1"": 388, ""y1"": 206, ""rgb"": [179, 179, 179]}, {""label"": ""삭제"", ""x0"": 610, ""y0"": 44, ""x1"": 760, ""y1"": 98, ""rgb"": [179, 179, 179]}]"
d5_L01_login_D245_M.png,1,1,D245,decoy,245,로그인,홈,108,136,331,61,304,211,358,d3_L01_gray_M.png,"[{""label"": ""로그인"", ""x0"": 61, ""y0"": 304, ""x1"": 211, ""y1"": 358, ""rgb"": [179, 179, 179]}, {""label"": ""취소"", ""x0"": 469, ""y0"": 350, ""x1"": 619, ""y1"": 404, ""rgb"": [179, 179, 179]}, {""label"": ""설정"", ""x0"": 355, ""y0"": 476, ""x1"": 505, ""y1"": 530, ""rgb"": [179, 179, 179]}, {""label"": ""검색"", ""x0"": 245, ""y0"": 25, ""x1"": 395, ""y1"": 79, ""rgb"": [179, 179, 179]}, {""label"": ""저장"", ""x0"": 695, ""y0"": 393, ""x1"": 845, ""y1"": 447, ""rgb"": [179, 179, 179]}, {""label"": ""홈"", ""x0"": 497, ""y0"": 153, ""x1"": 647, ""y1"": 207, ""rgb"": [67, 191, 244]}, {""label"": ""도움말"", ""x0"": 238, ""y0"": 152, ""x1"": 388, ""y1"": 206, ""rgb"": [179, 179, 179]}, {""label"": ""삭제"", ""x0"": 610, ""y0"": 44, ""x1"": 760, ""y1"": 98, ""rgb"": [179, 179, 179]}]"
d5_L01_home_T65_N.png,1,0,T65,target,65,홈,로그인,13,308,180,233,153,383,207,d3_L01_gray_N.png,"[{""label"": ""로그인"", ""x0"": 669, ""y0"": 304, ""x1"": 819, ""y1"": 358, ""rgb"": [179, 179, 179]}, {""label"": ""취소"", ""x0"": 261, ""y0"": 350, ""x1"": 411, ""y1"": 404, ""rgb"": [179, 179, 179]}, {""label"": ""설정"", ""x0"": 375, ""y0"": 476, ""x1"": 525, ""y1"": 530, ""rgb"": [179, 179, 179]}, {""label"": ""검색"", ""x0"": 485, ""y0"": 25, ""x1"": 635, ""y1"": 79, ""rgb"": [179, 179, 179]}, {""label"": ""저장"", ""x0"": 35, ""y0"": 393, ""x1"": 185, ""y1"": 447, ""rgb"": [179, 179, 179]}, {""label"": ""홈"", ""x0"": 233, ""y0"": 153, ""x1"": 383, ""y1"": 207, ""rgb"": [228, 166, 113]}, {""label"": ""도움말"", ""x0"": 492, ""y0"": 152, ""x1"": 642, ""y1"": 206, ""rgb"": [179, 179, 179]}, {""label"": ""삭제"", ""x0"": 120, ""y0"": 44, ""x1"": 270, ""y1"": 98, ""rgb"": [179, 179, 179]}]"
d5_L01_home_D65_N.png,1,0,D65,decoy,65,홈,로그인,321,308,180,233,153,383,207,d3_L01_gray_N.png,"[{""label"": ""로그인"", ""x0"": 669, ""y0"": 304, ""x1"": 819, ""y1"": 358, ""rgb"": [228, 166, 113]}, {""label"": ""취소"", ""x0"": 261, ""y0"": 350, ""x1"": 411, ""y1"": 404, ""rgb"": [179, 179, 179]}, {""label"": ""설정"", ""x0"": 375, ""y0"": 476, ""x1"": 525, ""y1"": 530, ""rgb"": [179, 179, 179]}, {""label"": ""검색"", ""x0"": 485, ""y0"": 25, ""x1"": 635, ""y1"": 79, ""rgb"": [179, 179, 179]}, {""label"": ""저장"", ""x0"": 35, ""y0"": 393, ""x1"": 185, ""y1"": 447, ""rgb"": [179, 179, 179]}, {""label"": ""홈"", ""x0"": 233, ""y0"": 153, ""x1"": 383, ""y1"": 207, ""rgb"": [179, 179, 179]}, {""label"": ""도움말"", ""x0"": 492, ""y0"": 152, ""x1"": 642, ""y1"": 206, ""rgb"": [179, 179, 179]}, {""label"": ""삭제"", ""x0"": 120, ""y0"": 44, ""x1"": 270, ""y1"": 98, ""rgb"": [179, 179, 179]}]"
d5_L01_home_T245_N.png,1,0,T245,target,245,홈,로그인,57,308,180,233,153,383,207,d3_L01_gray_N.png,"[{""label"": ""로그인"", ""x0"": 669, ""y0"": 304, ""x1"": 819, ""y1"": 358, ""rgb"": [179, 179, 179]}, {""label"": ""취소"", ""x0"": 261, ""y0"": 350, ""x1"": 411, ""y1"": 404, ""rgb"": [179, 179, 179]}, {""label"": ""설정"", ""x0"": 375, ""y0"": 476, ""x1"": 525, ""y1"": 530, ""rgb"": [179, 179, 179]}, {""label"": ""검색"", ""x0"": 485, ""y0"": 25, ""x1"": 635, ""y1"": 79, ""rgb"": [179, 179, 179]}, {""label"": ""저장"", ""x0"": 35, ""y0"": 393, ""x1"": 185, ""y1"": 447, ""rgb"": [179, 179, 179]}, {""label"": ""홈"", ""x0"": 233, ""y0"": 153, ""x1"": 383, ""y1"": 207, ""rgb"": [67, 191, 244]}, {""label"": ""도움말"", ""x0"": 492, ""y0"": 152, ""x1"": 642, ""y1"": 206, ""rgb"": [179, 179, 179]}, {""label"": ""삭제"", ""x0"": 120, ""y0"": 44, ""x1"": 270, ""y1"": 98, ""rgb"": [179, 179, 179]}]"
d5_L01_home_D245_N.png,1,0,D245,decoy,245,홈,로그인,202,308,180,233,153,383,207,d3_L01_gray_N.png,"[{""label"": ""로그인"", ""x0"": 669, ""y0"": 304, ""x1"": 819, ""y1"": 358, ""rgb"": [67, 191, 244]}, {""label"": ""취소"", ""x0"": 261, ""y0"": 350, ""x1"": 411, ""y1"": 404, ""rgb"": [179, 179, 179]}, {""label"": ""설정"", ""x0"": 375, ""y0"": 476, ""x1"": 525, ""y1"": 530, ""rgb"": [179, 179, 179]}, {""label"": ""검색"", ""x0"": 485, ""y0"": 25, ""x1"": 635, ""y1"": 79, ""rgb"": [179, 179, 179]}, {""label"": ""저장"", ""x0"": 35, ""y0"": 393, ""x1"": 185, ""y1"": 447, ""rgb"": [179, 179, 179]}, {""label"": ""홈"", ""x0"": 233, ""y0"": 153, ""x1"": 383, ""y1"": 207, ""rgb"": [179, 179, 179]}, {""label"": ""도움말"", ""x0"": 492, ""y0"": 152, ""x1"": 642, ""y1"": 206, ""rgb"": [179, 179, 179]}, {""label"": ""삭제"", ""x0"": 120, ""y0"": 44, ""x1"": 270, ""y1"": 98, ""rgb"": [179, 179, 179]}]"
d5_L01_home_T65_M.png,1,1,T65,target,65,홈,로그인,7,572,180,497,153,647,207,d3_L01_gray_M.png,"[{""label"": ""로그인"", ""x0"": 61, ""y0"": 304, ""x1"": 211, ""y1"": 358, ""rgb"": [179, 179, 179]}, {""label"": ""취소"", ""x0"": 469, ""y0"": 350, ""x1"": 619, ""y1"": 404, ""rgb"": [179, 179, 179]}, {""label"": ""설정"", ""x0"": 355, ""y0"": 476, ""x1"": 505, ""y1"": 530, ""rgb"": [179, 179, 179]}, {""label"": ""검색"", ""x0"": 245, ""y0"": 25, ""x1"": 395, ""y1"": 79, ""rgb"": [179, 179, 179]}, {""label"": ""저장"", ""x0"": 695, ""y0"": 393, ""x1"": 845, ""y1"": 447, ""rgb"": [179, 179, 179]}, {""label"": ""홈"", ""x0"": 497, ""y0"": 153, ""x1"": 647, ""y1"": 207, ""rgb"": [228, 166, 113]}, {""label"": ""도움말"", ""x0"": 238, ""y0"": 152, ""x1"": 388, ""y1"": 206, ""rgb"": [179, 179, 179]}, {""label"": ""삭제"", ""x0"": 610, ""y0"": 44, ""x1"": 760, ""y1"": 98, ""rgb"": [179, 179, 179]}]"
d5_L01_home_D65_M.png,1,1,D65,decoy,65,홈,로그인,122,572,180,497,153,647,207,d3_L01_gray_M.png,"[{""label"": ""로그인"", ""x0"": 61, ""y0"": 304, ""x1"": 211, ""y1"": 358, ""rgb"": [228, 166, 113]}, {""label"": ""취소"", ""x0"": 469, ""y0"": 350, ""x1"": 619, ""y1"": 404, ""rgb"": [179, 179, 179]}, {""label"": ""설정"", ""x0"": 355, ""y0"": 476, ""x1"": 505, ""y1"": 530, ""rgb"": [179, 179, 179]}, {""label"": ""검색"", ""x0"": 245, ""y0"": 25, ""x1"": 395, ""y1"": 79, ""rgb"": [179, 179, 179]}, {""label"": ""저장"", ""x0"": 695, ""y0"": 393, ""x1"": 845, ""y1"": 447, ""rgb"": [179, 179, 179]}, {""label"": ""홈"", ""x0"": 497, ""y0"": 153, ""x1"": 647, ""y1"": 207, ""rgb"": [179, 179, 179]}, {""label"": ""도움말"", ""x0"": 238, ""y0"": 152, ""x1"": 388, ""y1"": 206, ""rgb"": [179, 179, 179]}, {""label"": ""삭제"", ""x0"": 610, ""y0"": 44, ""x1"": 760, ""y1"": 98, ""rgb"": [179, 179, 179]}]"
d5_L01_home_T245_M.png,1,1,T245,target,245,홈,로그인,254,572,180,497,153,647,207,d3_L01_gray_M.png,"[{""label"": ""로그인"", ""x0"": 61, ""y0"": 304, ""x1"": 211, ""y1"": 358, ""rgb"": [179, 179, 179]}, {""label"": ""취소"", ""x0"": 469, ""y0"": 350, ""x1"": 619, ""y1"": 404, ""rgb"": [179, 179, 179]}, {""label"": ""설정"", ""x0"": 355, ""y0"": 476, ""x1"": 505, ""y1"": 530, ""rgb"": [179, 179, 179]}, {""label"": ""검색"", ""x0"": 245, ""y0"": 25, ""x1"": 395, ""y1"": 79, ""rgb"": [179, 179, 179]}, {""label"": ""저장"", ""x0"": 695, ""y0"": 393, ""x1"": 845, ""y1"": 447, ""rgb"": [179, 179, 179]}, {""label"": ""홈"", ""x0"": 497, ""y0"": 153, ""x1"": 647, ""y1"": 207, ""rgb"": [67, 191, 244]}, {""label"": ""도움말"", ""x0"": 238, ""y0"": 152, ""x1"": 388, ""y1"": 206, ""rgb"": [179, 179, 179]}, {""label"": ""삭제"", ""x0"": 610, ""y0"": 44, ""x1"": 760, ""y1"": 98, ""rgb"": [179, 179, 179]}]"
d5_L01_home_D245_M.png,1,1,D245,decoy,245,홈,로그인,186,572,180,497,153,647,207,d3_L01_gray_M.png,"[{""label"": ""로그인"", ""x0"": 61, ""y0"": 304, ""x1"": 211, ""y1"": 358, ""rgb"": [67, 191, 244]}, {""label"": ""취소"", ""x0"": 469, ""y0"": 350, ""x1"": 619, ""y1"": 404, ""rgb"": [179, 179, 179]}, {""label"": ""설정"", ""x0"": 355, ""y0"": 476, ""x1"": 505, ""y1"": 530, ""rgb"": [179, 179, 179]}, {""label"": ""검색"", ""x0"": 245, ""y0"": 25, ""x1"": 395, ""y1"": 79, ""rgb"": [179, 179, 179]}, {""label"": ""저장"", ""x0"": 695, ""y0"": 393, ""x1"": 845, ""y1"": 447, ""rgb"": [179, 179, 179]}, {""label"": ""홈"", ""x0"": 497, ""y0"": 153, ""x1"": 647, ""y1"": 207, ""rgb"": [179, 179, 179]}, {""label"": ""도움말"", ""x0"": 238, ""y0"": 152, ""x1"": 388, ""y1"": 206, ""rgb"": [179, 179, 179]}, {""label"": ""삭제"", ""x0"": 610, ""y0"": 44, ""x1"": 760, ""y1"": 98, ""rgb"": [179, 179, 179]}]"
d5_L01_settings_T65_N.png,1,0,T65,target,65,설정,취소,270,450,503,375,476,525,530,d3_L01_gray_N.png,"[{""label"": ""로그인"", ""x0"": 669, ""y0"": 304, ""x1"": 819, ""y1"": 358, ""rgb"": [179, 179, 179]}, {""label"": ""취소"", ""x0"": 261, ""y0"": 350, ""x1"": 411, ""y1"": 404, ""rgb"": [179, 179, 179]}, {""label"": ""설정"", ""x0"": 375, ""y0"": 476, ""x1"": 525, ""y1"": 530, ""rgb"": [228, 166, 113]}, {""label"": ""검색"", ""x0"": 485, ""y0"": 25, ""x1"": 635, ""y1"": 79, ""rgb"": [179, 179, 179]}, {""label"": ""저장"", ""x0"": 35, ""y0"": 393, ""x1"": 185, ""y1"": 447, ""rgb"": [179, 179, 179]}, {""label"": ""홈"", ""x0"": 233, ""y0"": 153, ""x1"": 383, ""y1"": 207, ""rgb"": [179, 179, 179]}, {""label"": ""도움말"", ""x0"": 492, ""y0"": 152, ""x1"": 642, ""y1"": 206, ""rgb"": [179, 179, 179]}, {""label"": ""삭제"", ""x0"": 120, ""y0"": 44, ""x1"": 270, ""y1"": 98, ""rgb"": [179, 179, 179]}]"
d5_L01_settings_D65_N.png,1,0,D65,decoy,65,설정,취소,227,450,503,375,476,525,530,d3_L01_gray_N.png,"[{""label"": ""로그인"", ""x0"": 669, ""y0"": 304, ""x1"": 819, ""y1"": 358, ""rgb"": [179, 179, 179]}, {""label"": ""취소"", ""x0"": 261, ""y0"": 350, ""x1"": 411, ""y1"": 404, ""rgb"": [228, 166, 113]}, {""label"": ""설정"", ""x0"": 375, ""y0"": 476, ""x1"": 525, ""y1"": 530, ""rgb"": [179, 179, 179]}, {""label"": ""검색"", ""x0"": 485, ""y0"": 25, ""x1"": 635, ""y1"": 79, ""rgb"": [179, 179, 179]}, {""label"": ""저장"", ""x0"": 35, ""y0"": 393, ""x1"": 185, ""y1"": 447, ""rgb"": [179, 179, 179]}, {""label"": ""홈"", ""x0"": 233, ""y0"": 153, ""x1"": 383, ""y1"": 207, ""rgb"": [179, 179, 179]}, {""label"": ""도움말"", ""x0"": 492, ""y0"": 152, ""x1"": 642, ""y1"": 206, ""rgb"": [179, 179, 179]}, {""label"": ""삭제"", ""x0"": 120, ""y0"": 44, ""x1"": 270, ""y1"": 98, ""rgb"": [179, 179, 179]}]"
d5_L01_settings_T245_N.png,1,0,T245,target,245,설정,취소,232,450,503,375,476,525,530,d3_L01_gray_N.png,"[{""label"": ""로그인"", ""x0"": 669, ""y0"": 304, ""x1"": 819, ""y1"": 358, ""rgb"": [179, 179, 179]}, {""label"": ""취소"", ""x0"": 261, ""y0"": 350, ""x1"": 411, ""y1"": 404, ""rgb"": [179, 179, 179]}, {""label"": ""설정"", ""x0"": 375, ""y0"": 476, ""x1"": 525, ""y1"": 530, ""rgb"": [67, 191, 244]}, {""label"": ""검색"", ""x0"": 485, ""y0"": 25, ""x1"": 635, ""y1"": 79, ""rgb"": [179, 179, 179]}, {""label"": ""저장"", ""x0"": 35, ""y0"": 393, ""x1"": 185, ""y1"": 447, ""rgb"": [179, 179, 179]}, {""label"": ""홈"", ""x0"": 233, ""y0"": 153, ""x1"": 383, ""y1"": 207, ""rgb"": [179, 179, 179]}, {""label"": ""도움말"", ""x0"": 492, ""y0"": 152, ""x1"": 642, ""y1"": 206, ""rgb"": [179, 179, 179]}, {""label"": ""삭제"", ""x0"": 120, ""y0"": 44, ""x1"": 270, ""y1"": 98, ""rgb"": [179, 179, 179]}]"
d5_L01_settings_D245_N.png,1,0,D245,decoy,245,설정,취소,152,450,503,375,476,525,530,d3_L01_gray_N.png,"[{""label"": ""로그인"", ""x0"": 669, ""y0"": 304, ""x1"": 819, ""y1"": 358, ""rgb"": [179, 179, 179]}, {""label"": ""취소"", ""x0"": 261, ""y0"": 350, ""x1"": 411, ""y1"": 404, ""rgb"": [67, 191, 244]}, {""label"": ""설정"", ""x0"": 375, ""y0"": 476, ""x1"": 525, ""y1"": 530, ""rgb"": [179, 179, 179]}, {""label"": ""검색"", ""x0"": 485, ""y0"": 25, ""x1"": 635, ""y1"": 79, ""rgb"": [179, 179, 179]}, {""label"": ""저장"", ""x0"": 35, ""y0"": 393, ""x1"": 185, ""y1"": 447, ""rgb"": [179, 179, 179]}, {""label"": ""홈"", ""x0"": 233, ""y0"": 153, ""x1"": 383, ""y1"": 207, ""rgb"": [179, 179, 179]}, {""label"": ""도움말"", ""x0"": 492, ""y0"": 152, ""x1"": 642, ""y1"": 206, ""rgb"": [179, 179, 179]}, {""label"": ""삭제"", ""x0"": 120, ""y0"": 44, ""x1"": 270, ""y1"": 98, ""rgb"": [179, 179, 179]}]"
d5_L01_settings_T65_M.png,1,1,T65,target,65,설정,취소,46,430,503,355,476,505,530,d3_L01_gray_M.png,"[{""label"": ""로그인"", ""x0"": 61, ""y0"": 304, ""x1"": 211, ""y1"": 358, ""rgb"": [179, 179, 179]}, {""label"": ""취소"", ""x0"": 469, ""y0"": 350, ""x1"": 619, ""y1"": 404, ""rgb"": [179, 179, 179]}, {""label"": ""설정"", ""x0"": 355, ""y0"": 476, ""x1"": 505, ""y1"": 530, ""rgb"": [228, 166, 113]}, {""label"": ""검색"", ""x0"": 245, ""y0"": 25, ""x1"": 395, ""y1"": 79, ""rgb"": [179, 179, 179]}, {""label"": ""저장"", ""x0"": 695, ""y0"": 393, ""x1"": 845, ""y1"": 447, ""rgb"": [179, 179, 179]}, {""label"": ""홈"", ""x0"": 497, ""y0"": 153, ""x1"": 647, ""y1"": 207, ""rgb"": [179, 179, 179]}, {""label"": ""도움말"", ""x0"": 238, ""y0"": 152, ""x1"": 388, ""y1"": 206, ""rgb"": [179, 179, 179]}, {""label"": ""삭제"", ""x0"": 610, ""y0"": 44, ""x1"": 760, ""y1"": 98, ""rgb"": [179, 179, 179]}]"
d5_L01_settings_D65_M.png,1,1,D65,decoy,65,설정,취소,90,430,503,355,476,505,530,d3_L01_gray_M.png,"[{""label"": ""로그인"", ""x0"": 61, ""y0"": 304, ""x1"": 211, ""y1"": 358, ""rgb"": [179, 179, 179]}, {""label"": ""취소"", ""x0"": 469, ""y0"": 350, ""x1"": 619, ""y1"": 404, ""rgb"": [228, 166, 113]}, {""label"": ""설정"", ""x0"": 355, ""y0"": 476, ""x1"": 505, ""y1"": 530, ""rgb"": [179, 179, 179]}, {""label"": ""검색"", ""x0"": 245, ""y0"": 25, ""x1"": 395, ""y1"": 79, ""rgb"": [179, 179, 179]}, {""label"": ""저장"", ""x0"": 695, ""y0"": 393, ""x1"": 845, ""y1"": 447, ""rgb"": [179, 179, 179]}, {""label"": ""홈"", ""x0"": 497, ""y0"": 153, ""x1"": 647, ""y1"": 207, ""rgb"": [179, 179, 179]}, {""label"": ""도움말"", ""x0"": 238, ""y0"": 152, ""x1"": 388, ""y1"": 206, ""rgb"": [179, 179, 179]}, {""label"": ""삭제"", ""x0"": 610, ""y0"": 44, ""x1"": 760, ""y1"": 98, ""rgb"": [179, 179, 179]}]"
d5_L01_settings_T245_M.png,1,1,T245,target,245,설정,취소,208,430,503,355,476,505,530,d3_L01_gray_M.png,"[{""label"": ""로그인"", ""x0"": 61, ""y0"": 304, ""x1"": 211, ""y1"": 358, ""rgb"": [179, 179, 179]}, {""label"": ""취소"", ""x0"": 469, ""y0"": 350, ""x1"": 619, ""y1"": 404, ""rgb"": [179, 179, 179]}, {""label"": ""설정"", ""x0"": 355, ""y0"": 476, ""x1"": 505, ""y1"": 530, ""rgb"": [67, 191, 244]}, {""label"": ""검색"", ""x0"": 245, ""y0"": 25, ""x1"": 395, ""y1"": 79, ""rgb"": [179, 179, 179]}, {""label"": ""저장"", ""x0"": 695, ""y0"": 393, ""x1"": 845, ""y1"": 447, ""rgb"": [179, 179, 179]}, {""label"": ""홈"", ""x0"": 497, ""y0"": 153, ""x1"": 647, ""y1"": 207, ""rgb"": [179, 179, 179]}, {""label"": ""도움말"", ""x0"": 238, ""y0"": 152, ""x1"": 388, ""y1"": 206, ""rgb"": [179, 179, 179]}, {""label"": ""삭제"", ""x0"": 610, ""y0"": 44, ""x1"": 760, ""y1"": 98, ""rgb"": [179, 179, 179]}]"
d5_L01_settings_D245_M.png,1,1,D245,decoy,245,설정,취소,360,430,503,355,476,505,530,d3_L01_gray_M.png,"[{""label"": ""로그인"", ""x0"": 61, ""y0"": 304, ""x1"": 211, ""y1"": 358, ""rgb"": [179, 179, 179]}, {""label"": ""취소"", ""x0"": 469, ""y0"": 350, ""x1"": 619, ""y1"": 404, ""rgb"": [67, 191, 244]}, {""label"": ""설정"", ""x0"": 355, ""y0"": 476, ""x1"": 505, ""y1"": 530, ""rgb"": [179, 179, 179]}, {""label"": ""검색"", ""x0"": 245, ""y0"": 25, ""x1"": 395, ""y1"": 79, ""rgb"": [179, 179, 179]}, {""label"": ""저장"", ""x0"": 695, ""y0"": 393, ""x1"": 845, ""y1"": 447, ""rgb"": [179, 179, 179]}, {""label"": ""홈"", ""x0"": 497, ""y0"": 153, ""x1"": 647, ""y1"": 207, ""rgb"": [179, 179, 179]}, {""label"": ""도움말"", ""x0"": 238, ""y0"": 152, ""x1"": 388, ""y1"": 206, ""rgb"": [179, 179, 179]}, {""label"": ""삭제"", ""x0"": 610, ""y0"": 44, ""x1"": 760, ""y1"": 98, ""rgb"": [179, 179, 179]}]"
d5_L02_login_D65_N.png,2,0,D65,decoy,65,로그인,검색,218,607,414,532,387,682,441,d3_L02_gray_N.png,"[{""label"": ""로그인"", ""x0"": 532, ""y0"": 387, ""x1"": 682, ""y1"": 441, ""rgb"": [179, 179, 179]}, {""label"": ""취소"", ""x0"": 187, ""y0"": 375, ""x1"": 337, ""y1"": 429, ""rgb"": [179, 179, 179]}, {""label"": ""설정"", ""x0"": 188, ""y0"": 451, ""x1"": 338, ""y1"": 505, ""rgb"": [179, 179, 179]}, {""label"": ""검색"", ""x0"": 533, ""y0"": 94, ""x1"": 683, ""y1"": 148, ""rgb"": [228, 166, 113]}, {""label"": ""저장"", ""x0"": 216, ""y0"": 125, ""x1"": 366, ""y1"": 179, ""rgb"": [179, 179, 179]}, {""label"": ""홈"", ""x0"": 566, ""y0"": 254, ""x1"": 716, ""y1"": 308, ""rgb"": [179, 179, 179]}, {""label"": ""도움말"", ""x0"": 216, ""y0"": 47, ""x1"": 366, ""y1"": 101, ""rgb"": [179, 179, 179]}, {""label"": ""삭제"", ""x0"": 31, ""y0"": 188, ""x1"": 181, ""y1"": 242, ""rgb"": [179, 179, 179]}]"
d5_L02_login_D245_N.png,2,0,D245,decoy,245,로그인,검색,378,607,414,532,387,682,441,d3_L02_gray_N.png,"[{""label"": ""로그인"", ""x0"": 532, ""y0"": 387, ""x1"": 682, ""y1"": 441, ""rgb"": [179, 179, 179]}, {""label"": ""취소"", ""x0"": 187, ""y0"": 375, ""x1"": 337, ""y1"": 429, ""rgb"": [179, 179, 179]}, {""label"": ""설정"", ""x0"": 188, ""y0"": 451, ""x1"": 338, ""y1"": 505, ""rgb"": [179, 179, 179]}, {""label"": ""검색"", ""x0"": 533, ""y0"": 94, ""x1"": 683, ""y1"": 148, ""rgb"": [67, 191, 244]}, {""label"": ""저장"", ""x0"": 216, ""y0"": 125, ""x1"": 366, ""y1"": 179, ""rgb"": [179, 179, 179]}, {""label"": ""홈"", ""x0"": 566, ""y0"": 254, ""x1"": 716, ""y1"": 308, ""rgb"": [179, 179, 179]}, {""label"": ""도움말"", ""x0"": 216, ""y0"": 47, ""x1"": 366, ""y1"": 101, ""rgb"": [179, 179, 179]}, {""label"": ""삭제"", ""x0"": 31, ""y0"": 188, ""x1"": 181, ""y1"": 242, ""rgb"": [179, 179, 179]}]"
d5_L02_login_D65_M.png,2,1,D65,decoy,65,로그인,검색,257,273,414,198,387,348,441,d3_L02_gray_M.png,"[{""label"": ""로그인"", ""x0"": 198, ""y0"": 387, ""x1"": 348, ""y1"": 441, ""rgb"": [179, 179, 179]}, {""label"": ""취소"", ""x0"": 543, ""y0"": 375, ""x1"": 693, ""y1"": 429, ""rgb"": [179, 179, 179]}, {""label"": ""설정"", ""x0"": 542, ""y0"": 451, ""x1"": 692, ""y1"": 505, ""rgb"": [179, 179, 179]}, {""label"": ""검색"", ""x0"": 197, ""y0"": 94, ""x1"": 347, ""y1"": 148, ""rgb"": [228, 166, 113]}, {""label"": ""저장"", ""x0"": 514, ""y0"": 125, ""x1"": 664, ""y1"": 179, ""rgb"": [179, 179, 179]}, {""label"": ""홈"", ""x0"": 164, ""y0"": 254, ""x1"": 314, ""y1"": 308, ""rgb"": [179, 179, 179]}, {""label"": ""도움말"", ""x0"": 514, ""y0"": 47, ""x1"": 664, ""y1"": 101, ""rgb"": [179, 179, 179]}, {""label"": ""삭제"", ""x0"": 699, ""y0"": 188, ""x1"": 849, ""y1"": 242, ""rgb"": [179, 179, 179]}]"
d5_L02_login_D245_M.png,2,1,D245,decoy,245,로그인,검색,181,273,414,198,387,348,441,d3_L02_gray_M.png,"[{""label"": ""로그인"", ""x0"": 198, ""y0"": 387, ""x1"": 348, ""y1"": 441, ""rgb"": [179, 179, 179]}, {""label"": ""취소"", ""x0"": 543, ""y0"": 375, ""x1"": 693, ""y1"": 429, ""rgb"": [179, 179, 179]}, {""label"": ""설정"", ""x0"": 542, ""y0"": 451, ""x1"": 692, ""y1"": 505, ""rgb"": [179, 179, 179]}, {""label"": ""검색"", ""x0"": 197, ""y0"": 94, ""x1"": 347, ""y1"": 148, ""rgb"": [67, 191, 244]}, {""label"": ""저장"", ""x0"": 514, ""y0"": 125, ""x1"": 664, ""y1"": 179, ""rgb"": [179, 179, 179]}, {""label"": ""홈"", ""x0"": 164, ""y0"": 254, ""x1"": 314, ""y1"": 308, ""rgb"": [179, 179, 179]}, {""label"": ""도움말"", ""x0"": 514, ""y0"": 47, ""x1"": 664, ""y1"": 101, ""rgb"": [179, 179, 179]}, {""label"": ""삭제"", ""x0"": 699, ""y0"": 188, ""x1"": 849, ""y1"": 242, ""rgb"": [179, 179, 179]}]"
d5_L02_home_T65_N.png,2,0,T65,target,65,홈,저장,164,641,281,566,254,716,308,d3_L02_gray_N.png,"[{""label"": ""로그인"", ""x0"": 532, ""y0"": 387, ""x1"": 682, ""y1"": 441, ""rgb"": [179, 179, 179]}, {""label"": ""취소"", ""x0"": 187, ""y0"": 375, ""x1"": 337, ""y1"": 429, ""rgb"": [179, 179, 179]}, {""label"": ""설정"", ""x0"": 188, ""y0"": 451, ""x1"": 338, ""y1"": 505, ""rgb"": [179, 179, 179]}, {""label"": ""검색"", ""x0"": 533, ""y0"": 94, ""x1"": 683, ""y1"": 148, ""rgb"": [179, 179, 179]}, {""label"": ""저장"", ""x0"": 216, ""y0"": 125, ""x1"": 366, ""y1"": 179, ""rgb"": [179, 179, 179]}, {""label"": ""홈"", ""x0"": 566, ""y0"": 254, ""x1"": 716, ""y1"": 308, ""rgb"": [228, 166, 113]}, {""label"": ""도움말"", ""x0"": 216, ""y0"": 47, ""x1"": 366, ""y1"": 101, ""rgb"": [179, 179, 179]}, {""label"": ""삭제"", ""x0"": 31, ""y0"": 188, ""x1"": 181, ""y1"": 242, ""rgb"": [179, 179, 179]}]"
d5_L02_home_D65_N.png,2,0,D65,decoy,65,홈,저장,358,641,281,566,254,716,308,d3_L02_gray_N.png,"[{""label"": ""로그인"", ""x0"": 532, ""y0"": 387, ""x1"": 682, ""y1"": 441, ""rgb"": [179, 179, 179]}, {""label"": ""취소"", ""x0"": 187, ""y0"": 375, ""x1"": 337, ""y1"": 429, ""rgb"": [179, 179, 179]}, {""label"": ""설정"", ""x0"": 188, ""y0"": 451, ""x1"": 338, ""y1"": 505, ""rgb"": [179, 179, 179]}, {""label"": ""검색"", ""x0"": 533, ""y0"": 94, ""x1"": 683, ""y1"": 148, ""rgb"": [179, 179, 179]}, {""label"": ""저장"", ""x0"": 216, ""y0"": 125, ""x1"": 366, ""y1"": 179, ""rgb"": [228, 166, 113]}, {""label"": ""홈"", ""x0"": 566, ""y0"": 254, ""x1"": 716, ""y1"": 308, ""rgb"": [179, 179, 179]}, {""label"": ""도움말"", ""x0"": 216, ""y0"": 47, ""x1"": 366, ""y1"": 101, ""rgb"": [179, 179, 179]}, {""label"": ""삭제"", ""x0"": 31, ""y0"": 188, ""x1"": 181, ""y1"": 242, ""rgb"": [179, 179, 179]}]"
d5_L02_home_T245_N.png,2,0,T245,target,245,홈,저장,343,641,281,566,254,716,308,d3_L02_gray_N.png,"[{""label"": ""로그인"", ""x0"": 532, ""y0"": 387, ""x1"": 682, ""y1"": 441, ""rgb"": [179, 179, 179]}, {""label"": ""취소"", ""x0"": 187, ""y0"": 375, ""x1"": 337, ""y1"": 429, ""rgb"": [179, 179, 179]}, {""label"": ""설정"", ""x0"": 188, ""y0"": 451, ""x1"": 338, ""y1"": 505, ""rgb"": [179, 179, 179]}, {""label"": ""검색"", ""x0"": 533, ""y0"": 94, ""x1"": 683, ""y1"": 148, ""rgb"": [179, 179, 179]}, {""label"": ""저장"", ""x0"": 216, ""y0"": 125, ""x1"": 366, ""y1"": 179, ""rgb"": [179, 179, 179]}, {""label"": ""홈"", ""x0"": 566, ""y0"": 254, ""x1"": 716, ""y1"": 308, ""rgb"": [67, 191, 244]}, {""label"": ""도움말"", ""x0"": 216, ""y0"": 47, ""x1"": 366, ""y1"": 101, ""rgb"": [179, 179, 179]}, {""label"": ""삭제"", ""x0"": 31, ""y0"": 188, ""x1"": 181, ""y1"": 242, ""rgb"": [179, 179, 179]}]"
d5_L02_home_D245_N.png,2,0,D245,decoy,245,홈,저장,260,641,281,566,254,716,308,d3_L02_gray_N.png,"[{""label"": ""로그인"", ""x0"": 532, ""y0"": 387, ""x1"": 682, ""y1"": 441, ""rgb"": [179, 179, 179]}, {""label"": ""취소"", ""x0"": 187, ""y0"": 375, ""x1"": 337, ""y1"": 429, ""rgb"": [179, 179, 179]}, {""label"": ""설정"", ""x0"": 188, ""y0"": 451, ""x1"": 338, ""y1"": 505, ""rgb"": [179, 179, 179]}, {""label"": ""검색"", ""x0"": 533, ""y0"": 94, ""x1"": 683, ""y1"": 148, ""rgb"": [179, 179, 179]}, {""label"": ""저장"", ""x0"": 216, ""y0"": 125, ""x1"": 366, ""y1"": 179, ""rgb"": [67, 191, 244]}, {""label"": ""홈"", ""x0"": 566, ""y0"": 254, ""x1"": 716, ""y1"": 308, ""rgb"": [179, 179, 179]}, {""label"": ""도움말"", ""x0"": 216, ""y0"": 47, ""x1"": 366, ""y1"": 101, ""rgb"": [179, 179, 179]}, {""label"": ""삭제"", ""x0"": 31, ""y0"": 188, ""x1"": 181, ""y1"": 242, ""rgb"": [179, 179, 179]}]"
d5_L02_home_T65_M.png,2,1,T65,target,65,홈,저장,159,239,281,164,254,314,308,d3_L02_gray_M.png,"[{""label"": ""로그인"", ""x0"": 198, ""y0"": 387, ""x1"": 348, ""y1"": 441, ""rgb"": [179, 179, 179]}, {""label"": ""취소"", ""x0"": 543, ""y0"": 375, ""x1"": 693, ""y1"": 429, ""rgb"": [179, 179, 179]}, {""label"": ""설정"", ""x0"": 542, ""y0"": 451, ""x1"": 692, ""y1"": 505, ""rgb"": [179, 179, 179]}, {""label"": ""검색"", ""x0"": 197, ""y0"": 94, ""x1"": 347, ""y1"": 148, ""rgb"": [179, 179, 179]}, {""label"": ""저장"", ""x0"": 514, ""y0"": 125, ""x1"": 664, ""y1"": 179, ""rgb"": [179, 179, 179]}, {""label"": ""홈"", ""x0"": 164, ""y0"": 254, ""x1"": 314, ""y1"": 308, ""rgb"": [228, 166, 113]}, {""label"": ""도움말"", ""x0"": 514, ""y0"": 47, ""x1"": 664, ""y1"": 101, ""rgb"": [179, 179, 179]}, {""label"": ""삭제"", ""x0"": 699, ""y0"": 188, ""x1"": 849, ""y1"": 242, ""rgb"": [179, 179, 179]}]"
d5_L02_home_D65_M.png,2,1,D65,decoy,65,홈,저장,266,239,281,164,254,314,308,d3_L02_gray_M.png,"[{""label"": ""로그인"", ""x0"": 198, ""y0"": 387, ""x1"": 348, ""y1"": 441, ""rgb"": [179, 179, 179]}, {""label"": ""취소"", ""x0"": 543, ""y0"": 375, ""x1"": 693, ""y1"": 429, ""rgb"": [179, 179, 179]}, {""label"": ""설정"", ""x0"": 542, ""y0"": 451, ""x1"": 692, ""y1"": 505, ""rgb"": [179, 179, 179]}, {""label"": ""검색"", ""x0"": 197, ""y0"": 94, ""x1"": 347, ""y1"": 148, ""rgb"": [179, 179, 179]}, {""label"": ""저장"", ""x0"": 514, ""y0"": 125, ""x1"": 664, ""y1"": 179, ""rgb"": [228, 166, 113]}, {""label"": ""홈"", ""x0"": 164, ""y0"": 254, ""x1"": 314, ""y1"": 308, ""rgb"": [179, 179, 179]}, {""label"": ""도움말"", ""x0"": 514, ""y0"": 47, ""x1"": 664, ""y1"": 101, ""rgb"": [179, 179, 179]}, {""label"": ""삭제"", ""x0"": 699, ""y0"": 188, ""x1"": 849, ""y1"": 242, ""rgb"": [179, 179, 179]}]"
d5_L02_home_T245_M.png,2,1,T245,target,245,홈,저장,375,239,281,164,254,314,308,d3_L02_gray_M.png,"[{""label"": ""로그인"", ""x0"": 198, ""y0"": 387, ""x1"": 348, ""y1"": 441, ""rgb"": [179, 179, 179]}, {""label"": ""취소"", ""x0"": 543, ""y0"": 375, ""x1"": 693, ""y1"": 429, ""rgb"": [179, 179, 179]}, {""label"": ""설정"", ""x0"": 542, ""y0"": 451, ""x1"": 692, ""y1"": 505, ""rgb"": [179, 179, 179]}, {""label"": ""검색"", ""x0"": 197, ""y0"": 94, ""x1"": 347, ""y1"": 148, ""rgb"": [179, 179, 179]}, {""label"": ""저장"", ""x0"": 514, ""y0"": 125, ""x1"": 664, ""y1"": 179, ""rgb"": [179, 179, 179]}, {""label"": ""홈"", ""x0"": 164, ""y0"": 254, ""x1"": 314, ""y1"": 308, ""rgb"": [67, 191, 244]}, {""label"": ""도움말"", ""x0"": 514, ""y0"": 47, ""x1"": 664, ""y1"": 101, ""rgb"": [179, 179, 179]}, {""label"": ""삭제"", ""x0"": 699, ""y0"": 188, ""x1"": 849, ""y1"": 242, ""rgb"": [179, 179, 179]}]"
d5_L02_home_D245_M.png,2,1,D245,decoy,245,홈,저장,17,239,281,164,254,314,308,d3_L02_gray_M.png,"[{""label"": ""로그인"", ""x0"": 198, ""y0"": 387, ""x1"": 348, ""y1"": 441, ""rgb"": [179, 179, 179]}, {""label"": ""취소"", ""x0"": 543, ""y0"": 375, ""x1"": 693, ""y1"": 429, ""rgb"": [179, 179, 179]}, {""label"": ""설정"", ""x0"": 542, ""y0"": 451, ""x1"": 692, ""y1"": 505, ""rgb"": [179, 179, 179]}, {""label"": ""검색"", ""x0"": 197, ""y0"": 94, ""x1"": 347, ""y1"": 148, ""rgb"": [179, 179, 179]}, {""label"": ""저장"", ""x0"": 514, ""y0"": 125, ""x1"": 664, ""y1"": 179, ""rgb"": [67, 191, 244]}, {""label"": ""홈"", ""x0"": 164, ""y0"": 254, ""x1"": 314, ""y1"": 308, ""rgb"": [179, 179, 179]}, {""label"": ""도움말"", ""x0"": 514, ""y0"": 47, ""x1"": 664, ""y1"": 101, ""rgb"": [179, 179, 179]}, {""label"": ""삭제"", ""x0"": 699, ""y0"": 188, ""x1"": 849, ""y1"": 242, ""rgb"": [179, 179, 179]}]"
d5_L02_settings_T65_N.png,2,0,T65,target,65,설정,도움말,394,263,478,188,451,338,505,d3_L02_gray_N.png,"[{""label"": ""로그인"", ""x0"": 532, ""y0"": 387, ""x1"": 682, ""y1"": 441, ""rgb"": [179, 179, 179]}, {""label"": ""취소"", ""x0"": 187, ""y0"": 375, ""x1"": 337, ""y1"": 429, ""rgb"": [179, 179, 179]}, {""label"": ""설정"", ""x0"": 188, ""y0"": 451, ""x1"": 338, ""y1"": 505, ""rgb"": [228, 166, 113]}, {""label"": ""검색"", ""x0"": 533, ""y0"": 94, ""x1"": 683, ""y1"": 148, ""rgb"": [179, 179, 179]}, {""label"": ""저장"", ""x0"": 216, ""y0"": 125, ""x1"": 366, ""y1"": 179, ""rgb"": [179, 179, 179]}, {""label"": ""홈"", ""x0"": 566, ""y0"": 254, ""x1"": 716, ""y1"": 308, ""rgb"": [179, 179, 179]}, {""label"": ""도움말"", ""x0"": 216, ""y0"": 47, ""x1"": 366, ""y1"": 101, ""rgb"": [179, 179, 179]}, {""label"": ""삭제"", ""x0"": 31, ""y0"": 188, ""x1"": 181, ""y1"": 242, ""rgb"": [179, 179, 179]}]"
d5_L02_settings_D65_N.png,2,0,D65,decoy,65,설정,도움말,2,263,478,188,451,338,505,d3_L02_gray_N.png,"[{""label"": ""로그인"", ""x0"": 532, ""y0"": 387, ""x1"": 682, ""y1"": 441, ""rgb"": [179, 179, 179]}, {""label"": ""취소"", ""x0"": 187, ""y0"": 375, ""x1"": 337, ""y1"": 429, ""rgb"": [179, 179, 179]}, {""label"": ""설정"", ""x0"": 188, ""y0"": 451, ""x1"": 338, ""y1"": 505, ""rgb"": [179, 179, 179]}, {""label"": ""검색"", ""x0"": 533, ""y0"": 94, ""x1"": 683, ""y1"": 148, ""rgb"": [179, 179, 179]}, {""label"": ""저장"", ""x0"": 216, ""y0"": 125, ""x1"": 366, ""y1"": 179, ""rgb"": [179, 179, 179]}, {""label"": ""홈"", ""x0"": 566, ""y0"": 254, ""x1"": 716, ""y1"": 308, ""rgb"": [179, 179, 179]}, {""label"": ""도움말"", ""x0"": 216, ""y0"": 47, ""x1"": 366, ""y1"": 101, ""rgb"": [228, 166, 113]}, {""label"": ""삭제"", ""x0"": 31, ""y0"": 188, ""x1"": 181, ""y1"": 242, ""rgb"": [179, 179, 179]}]"
d5_L02_settings_T245_N.png,2,0,T245,target,245,설정,도움말,49,263,478,188,451,338,505,d3_L02_gray_N.png,"[{""label"": ""로그인"", ""x0"": 532, ""y0"": 387, ""x1"": 682, ""y1"": 441, ""rgb"": [179, 179, 179]}, {""label"": ""취소"", ""x0"": 187, ""y0"": 375, ""x1"": 337, ""y1"": 429, ""rgb"": [179, 179, 179]}, {""label"": ""설정"", ""x0"": 188, ""y0"": 451, ""x1"": 338, ""y1"": 505, ""rgb"": [67, 191, 244]}, {""label"": ""검색"", ""x0"": 533, ""y0"": 94, ""x1"": 683, ""y1"": 148, ""rgb"": [179, 179, 179]}, {""label"": ""저장"", ""x0"": 216, ""y0"": 125, ""x1"": 366, ""y1"": 179, ""rgb"": [179, 179, 179]}, {""label"": ""홈"", ""x0"": 566, ""y0"": 254, ""x1"": 716, ""y1"": 308, ""rgb"": [179, 179, 179]}, {""label"": ""도움말"", ""x0"": 216, ""y0"": 47, ""x1"": 366, ""y1"": 101, ""rgb"": [179, 179, 179]}, {""label"": ""삭제"", ""x0"": 31, ""y0"": 188, ""x1"": 181, ""y1"": 242, ""rgb"": [179, 179, 179]}]"
d5_L02_settings_D245_N.png,2,0,D245,decoy,245,설정,도움말,154,263,478,188,451,338,505,d3_L02_gray_N.png,"[{""label"": ""로그인"", ""x0"": 532, ""y0"": 387, ""x1"": 682, ""y1"": 441, ""rgb"": [179, 179, 179]}, {""label"": ""취소"", ""x0"": 187, ""y0"": 375, ""x1"": 337, ""y1"": 429, ""rgb"": [179, 179, 179]}, {""label"": ""설정"", ""x0"": 188, ""y0"": 451, ""x1"": 338, ""y1"": 505, ""rgb"": [179, 179, 179]}, {""label"": ""검색"", ""x0"": 533, ""y0"": 94, ""x1"": 683, ""y1"": 148, ""rgb"": [179, 179, 179]}, {""label"": ""저장"", ""x0"": 216, ""y0"": 125, ""x1"": 366, ""y1"": 179, ""rgb"": [179, 179, 179]}, {""label"": ""홈"", ""x0"": 566, ""y0"": 254, ""x1"": 716, ""y1"": 308, ""rgb"": [179, 179, 179]}, {""label"": ""도움말"", ""x0"": 216, ""y0"": 47, ""x1"": 366, ""y1"": 101, ""rgb"": [67, 191, 244]}, {""label"": ""삭제"", ""x0"": 31, ""y0"": 188, ""x1"": 181, ""y1"": 242, ""rgb"": [179, 179, 179]}]"
d5_L02_settings_T65_M.png,2,1,T65,target,65,설정,도움말,377,617,478,542,451,692,505,d3_L02_gray_M.png,"[{""label"": ""로그인"", ""x0"": 198, ""y0"": 387, ""x1"": 348, ""y1"": 441, ""rgb"": [179, 179, 179]}, {""label"": ""취소"", ""x0"": 543, ""y0"": 375, ""x1"": 693, ""y1"": 429, ""rgb"": [179, 179, 179]}, {""label"": ""설정"", ""x0"": 542, ""y0"": 451, ""x1"": 692, ""y1"": 505, ""rgb"": [228, 166, 113]}, {""label"": ""검색"", ""x0"": 197, ""y0"": 94, ""x1"": 347, ""y1"": 148, ""rgb"": [179, 179, 179]}, {""label"": ""저장"", ""x0"": 514, ""y0"": 125, ""x1"": 664, ""y1"": 179, ""rgb"": [179, 179, 179]}, {""label"": ""홈"", ""x0"": 164, ""y0"": 254, ""x1"": 314, ""y1"": 308, ""rgb"": [179, 179, 179]}, {""label"": ""도움말"", ""x0"": 514, ""y0"": 47, ""x1"": 664, ""y1"": 101, ""rgb"": [179, 179, 179]}, {""label"": ""삭제"", ""x0"": 699, ""y0"": 188, ""x1"": 849, ""y1"": 242, ""rgb"": [179, 179, 179]}]"
d5_L02_settings_D65_M.png,2,1,D65,decoy,65,설정,도움말,230,617,478,542,451,692,505,d3_L02_gray_M.png,"[{""label"": ""로그인"", ""x0"": 198, ""y0"": 387, ""x1"": 348, ""y1"": 441, ""rgb"": [179, 179, 179]}, {""label"": ""취소"", ""x0"": 543, ""y0"": 375, ""x1"": 693, ""y1"": 429, ""rgb"": [179, 179, 179]}, {""label"": ""설정"", ""x0"": 542, ""y0"": 451, ""x1"": 692, ""y1"": 505, ""rgb"": [179, 179, 179]}, {""label"": ""검색"", ""x0"": 197, ""y0"": 94, ""x1"": 347, ""y1"": 148, ""rgb"": [179, 179, 179]}, {""label"": ""저장"", ""x0"": 514, ""y0"": 125, ""x1"": 664, ""y1"": 179, ""rgb"": [179, 179, 179]}, {""label"": ""홈"", ""x0"": 164, ""y0"": 254, ""x1"": 314, ""y1"": 308, ""rgb"": [179, 179, 179]}, {""label"": ""도움말"", ""x0"": 514, ""y0"": 47, ""x1"": 664, ""y1"": 101, ""rgb"": [228, 166, 113]}, {""label"": ""삭제"", ""x0"": 699, ""y0"": 188, ""x1"": 849, ""y1"": 242, ""rgb"": [179, 179, 179]}]"
d5_L02_settings_T245_M.png,2,1,T245,target,245,설정,도움말,118,617,478,542,451,692,505,d3_L02_gray_M.png,"[{""label"": ""로그인"", ""x0"": 198, ""y0"": 387, ""x1"": 348, ""y1"": 441, ""rgb"": [179, 179, 179]}, {""label"": ""취소"", ""x0"": 543, ""y0"": 375, ""x1"": 693, ""y1"": 429, ""rgb"": [179, 179, 179]}, {""label"": ""설정"", ""x0"": 542, ""y0"": 451, ""x1"": 692, ""y1"": 505, ""rgb"": [67, 191, 244]}, {""label"": ""검색"", ""x0"": 197, ""y0"": 94, ""x1"": 347, ""y1"": 148, ""rgb"": [179, 179, 179]}, {""label"": ""저장"", ""x0"": 514, ""y0"": 125, ""x1"": 664, ""y1"": 179, ""rgb"": [179, 179, 179]}, {""label"": ""홈"", ""x0"": 164, ""y0"": 254, ""x1"": 314, ""y1"": 308, ""rgb"": [179, 179, 179]}, {""label"": ""도움말"", ""x0"": 514, ""y0"": 47, ""x1"": 664, ""y1"": 101, ""rgb"": [179, 179, 179]}, {""label"": ""삭제"", ""x0"": 699, ""y0"": 188, ""x1"": 849, ""y1"": 242, ""rgb"": [179, 179, 179]}]"
d5_L02_settings_D245_M.png,2,1,D245,decoy,245,설정,도움말,338,617,478,542,451,692,505,d3_L02_gray_M.png,"[{""label"": ""로그인"", ""x0"": 198, ""y0"": 387, ""x1"": 348, ""y1"": 441, ""rgb"": [179, 179, 179]}, {""label"": ""취소"", ""x0"": 543, ""y0"": 375, ""x1"": 693, ""y1"": 429, ""rgb"": [179, 179, 179]}, {""label"": ""설정"", ""x0"": 542, ""y0"": 451, ""x1"": 692, ""y1"": 505, ""rgb"": [179, 179, 179]}, {""label"": ""검색"", ""x0"": 197, ""y0"": 94, ""x1"": 347, ""y1"": 148, ""rgb"": [179, 179, 179]}, {""label"": ""저장"", ""x0"": 514, ""y0"": 125, ""x1"": 664, ""y1"": 179, ""rgb"": [179, 179, 179]}, {""label"": ""홈"", ""x0"": 164, ""y0"": 254, ""x1"": 314, ""y1"": 308, ""rgb"": [179, 179, 179]}, {""label"": ""도움말"", ""x0"": 514, ""y0"": 47, ""x1"": 664, ""y1"": 101, ""rgb"": [67, 191, 244]}, {""label"": ""삭제"", ""x0"": 699, ""y0"": 188, ""x1"": 849, ""y1"": 242, ""rgb"": [179, 179, 179]}]"
d5_L03_login_D65_N.png,3,0,D65,decoy,65,로그인,삭제,399,265,197,190,170,340,224,d3_L03_gray_N.png,"[{""label"": ""로그인"", ""x0"": 190, ""y0"": 170, ""x1"": 340, ""y1"": 224, ""rgb"": [179, 179, 179]}, {""label"": ""취소"", ""x0"": 377, ""y0"": 211, ""x1"": 527, ""y1"": 265, ""rgb"": [179, 179, 179]}, {""label"": ""설정"", ""x0"": 401, ""y0"": 333, ""x1"": 551, ""y1"": 387, ""rgb"": [179, 179, 179]}, {""label"": ""검색"", ""x0"": 155, ""y0"": 34, ""x1"": 305, ""y1"": 88, ""rgb"": [179, 179, 179]}, {""label"": ""저장"", ""x0"": 57, ""y0"": 447, ""x1"": 207, ""y1"": 501, ""rgb"": [179, 179, 179]}, {""label"": ""홈"", ""x0"": 445, ""y0"": 54, ""x1"": 595, ""y1"": 108, ""rgb"": [179, 179, 179]}, {""label"": ""도움말"", ""x0"": 493, ""y0"": 445, ""x1"": 643, ""y1"": 499, ""rgb"": [179, 179, 179]}, {""label"": ""삭제"", ""x0"": 241, ""y0"": 455, ""x1"": 391, ""y1"": 509, ""rgb"": [228, 166, 113]}]"
d5_L03_login_D245_N.png,3,0,D245,decoy,245,로그인,삭제,60,265,197,190,170,340,224,d3_L03_gray_N.png,"[{""label"": ""로그인"", ""x0"": 190, ""y0"": 170, ""x1"": 340, ""y1"": 224, ""rgb"": [179, 179, 179]}, {""label"": ""취소"", ""x0"": 377, ""y0"": 211, ""x1"": 527, ""y1"": 265, ""rgb"": [179, 179, 179]}, {""label"": ""설정"", ""x0"": 401, ""y0"": 333, ""x1"": 551, ""y1"": 387, ""rgb"": [179, 179, 179]}, {""label"": ""검색"", ""x0"": 155, ""y0"": 34, ""x1"": 305, ""y1"": 88, ""rgb"": [179, 179, 179]}, {""label"": ""저장"", ""x0"": 57, ""y0"": 447, ""x1"": 207, ""y1"": 501, ""rgb"": [179, 179, 179]}, {""label"": ""홈"", ""x0"": 445, ""y0"": 54, ""x1"": 595, ""y1"": 108, ""rgb"": [179, 179, 179]}, {""label"": ""도움말"", ""x0"": 493, ""y0"": 445, ""x1"": 643, ""y1"": 499, ""rgb"": [179, 179, 179]}, {""label"": ""삭제"", ""x0"": 241, ""y0"": 455, ""x1"": 391, ""y1"": 509, ""rgb"": [67, 191, 244]}]"
d5_L03_login_D65_M.png,3,1,D65,decoy,65,로그인,삭제,312,615,197,540,170,690,224,d3_L03_gray_M.png,"[{""label"": ""로그인"", ""x0"": 540, ""y0"": 170, ""x1"": 690, ""y1"": 224, ""rgb"": [179, 179, 179]}, {""label"": ""취소"", ""x0"": 353, ""y0"": 211, ""x1"": 503, ""y1"": 265, ""rgb"": [179, 179, 179]}, {""label"": ""설정"", ""x0"": 329, ""y0"": 333, ""x1"": 479, ""y1"": 387, ""rgb"": [179, 179, 179]}, {""label"": ""검색"", ""x0"": 575, ""y0"": 34, ""x1"": 725, ""y1"": 88, ""rgb"": [179, 179, 179]}, {""label"": ""저장"", ""x0"": 673, ""y0"": 447, ""x1"": 823, ""y1"": 501, ""rgb"": [179, 179, 179]}, {""label"": ""홈"", ""x0"": 285, ""y0"": 54, ""x1"": 435, ""y1"": 108, ""rgb"": [179, 179, 179]}, {""label"": ""도움말"", ""x0"": 237, ""y0"": 445, ""x1"": 387, ""y1"": 499, ""rgb"": [179, 179, 179]}, {""label"": ""삭제"", ""x0"": 489, ""y0"": 455, ""x1"": 639, ""y1"": 509, ""rgb"": [228, 166, 113]}]"
d5_L03_login_D245_M.png,3,1,D245,decoy,245,로그인,삭제,26,615,197,540,170,690,224,d3_L03_gray_M.png,"[{""label"": ""로그인"", ""x0"": 540, ""y0"": 170, ""x1"": 690, ""y1"": 224, ""rgb"": [179, 179, 179]}, {""label"": ""취소"", ""x0"": 353, ""y0"": 211, ""x1"": 503, ""y1"": 265, ""rgb"": [179, 179, 179]}, {""label"": ""설정"", ""x0"": 329, ""y0"": 333, ""x1"": 479, ""y1"": 387, ""rgb"": [179, 179, 179]}, {""label"": ""검색"", ""x0"": 575, ""y0"": 34, ""x1"": 725, ""y1"": 88, ""rgb"": [179, 179, 179]}, {""label"": ""저장"", ""x0"": 673, ""y0"": 447, ""x1"": 823, ""y1"": 501, ""rgb"": [179, 179, 179]}, {""label"": ""홈"", ""x0"": 285, ""y0"": 54, ""x1"": 435, ""y1"": 108, ""rgb"": [179, 179, 179]}, {""label"": ""도움말"", ""x0"": 237, ""y0"": 445, ""x1"": 387, ""y1"": 499, ""rgb"": [179, 179, 179]}, {""label"": ""삭제"", ""x0"": 489, ""y0"": 455, ""x1"": 639, ""y1"": 509, ""rgb"": [67, 191, 244]}]"
d5_L03_home_T65_N.png,3,0,T65,target,65,홈,설정,74,520,81,445,54,595,108,d3_L03_gray_N.png,"[{""label"": ""로그인"", ""x0"": 190, ""y0"": 170, ""x1"": 340, ""y1"": 224, ""rgb"": [179, 179, 179]}, {""label"": ""취소"", ""x0"": 377, ""y0"": 211, ""x1"": 527, ""y1"": 265, ""rgb"": [179, 179, 179]}, {""label"": ""설정"", ""x0"": 401, ""y0"": 333, ""x1"": 551, ""y1"": 387, ""rgb"": [179, 179, 179]}, {""label"": ""검색"", ""x0"": 155, ""y0"": 34, ""x1"": 305, ""y1"": 88, ""rgb"": [179, 179, 179]}, {""label"": ""저장"", ""x0"": 57, ""y0"": 447, ""x1"": 207, ""y1"": 501, ""rgb"": [179, 179, 179]}, {""label"": ""홈"", ""x0"": 445, ""y0"": 54, ""x1"": 595, ""y1"": 108, ""rgb"": [228, 166, 113]}, {""label"": ""도움말"", ""x0"": 493, ""y0"": 445, ""x1"": 643, ""y1"": 499, ""rgb"": [179, 179, 179]}, {""label"": ""삭제"", ""x0"": 241, ""y0"": 455, ""x1"": 391, ""y1"": 509, ""rgb"": [179, 179, 179]}]"
d5_L03_home_D65_N.png,3,0,D65,decoy,65,홈,설정,12,520,81,445,54,595,108,d3_L03_gray_N.png,"[{""label"": ""로그인"", ""x0"": 190, ""y0"": 170, ""x1"": 340, ""y1"": 224, ""rgb"": [179, 179, 179]}, {""label"": ""취소"", ""x0"": 377, ""y0"": 211, ""x1"": 527, ""y1"": 265, ""rgb"": [179, 179, 179]}, {""label"": ""설정"", ""x0"": 401, ""y0"": 333, ""x1"": 551, ""y1"": 387, ""rgb"": [228, 166, 113]}, {""label"": ""검색"", ""x0"": 155, ""y0"": 34, ""x1"": 305, ""y1"": 88, ""rgb"": [179, 179, 179]}, {""label"": ""저장"", ""x0"": 57, ""y0"": 447, ""x1"": 207, ""y1"": 501, ""rgb"": [179, 179, 179]}, {""label"": ""홈"", ""x0"": 445, ""y0"": 54, ""x1"": 595, ""y1"": 108, ""rgb"": [179, 179, 179]}, {""label"": ""도움말"", ""x0"": 493, ""y0"": 445, ""x1"": 643, ""y1"": 499, ""rgb"": [179, 179, 179]}, {""label"": ""삭제"", ""x0"": 241, ""y0"": 455, ""x1"": 391, ""y1"": 509, ""rgb"": [179, 179, 179]}]"
d5_L03_home_T245_N.png,3,0,T245,target,245,홈,설정,322,520,81,445,54,595,108,d3_L03_gray_N.png,"[{""label"": ""로그인"", ""x0"": 190, ""y0"": 170, ""x1"": 340, ""y1"": 224, ""rgb"": [179, 179, 179]}, {""label"": ""취소"", ""x0"": 377, ""y0"": 211, ""x1"": 527, ""y1"": 265, ""rgb"": [179, 179, 179]}, {""label"": ""설정"", ""x0"": 401, ""y0"": 333, ""x1"": 551, ""y1"": 387, ""rgb"": [179, 179, 179]}, {""label"": ""검색"", ""x0"": 155, ""y0"": 34, ""x1"": 305, ""y1"": 88, ""rgb"": [179, 179, 179]}, {""label"": ""저장"", ""x0"": 57, ""y0"": 447, ""x1"": 207, ""y1"": 501, ""rgb"": [179, 179, 179]}, {""label"": ""홈"", ""x0"": 445, ""y0"": 54, ""x1"": 595, ""y1"": 108, ""rgb"": [67, 191, 244]}, {""label"": ""도움말"", ""x0"": 493, ""y0"": 445, ""x1"": 643, ""y1"": 499, ""rgb"": [179, 179, 179]}, {""label"": ""삭제"", ""x0"": 241, ""y0"": 455, ""x1"": 391, ""y1"": 509, ""rgb"": [179, 179, 179]}]"
d5_L03_home_D245_N.png,3,0,D245,decoy,245,홈,설정,138,520,81,445,54,595,108,d3_L03_gray_N.png,"[{""label"": ""로그인"", ""x0"": 190, ""y0"": 170, ""x1"": 340, ""y1"": 224, ""rgb"": [179, 179, 179]}, {""label"": ""취소"", ""x0"": 377, ""y0"": 211, ""x1"": 527, ""y1"": 265, ""rgb"": [179, 179, 179]}, {""label"": ""설정"", ""x0"": 401, ""y0"": 333, ""x1"": 551, ""y1"": 387, ""rgb"": [67, 191, 244]}, {""label"": ""검색"", ""x0"": 155, ""y0"": 34, ""x1"": 305, ""y1"": 88, ""rgb"": [179, 179, 179]}, {""label"": ""저장"", ""x0"": 57, ""y0"": 447, ""x1"": 207, ""y1"": 501, ""rgb"": [179, 179, 179]}, {""label"": ""홈"", ""x0"": 445, ""y0"": 54, ""x1"": 595, ""y1"": 108, ""rgb"": [179, 179, 179]}, {""label"": ""도움말"", ""x0"": 493, ""y0"": 445, ""x1"": 643, ""y1"": 499, ""rgb"": [179, 179, 179]}, {""label"": ""삭제"", ""x0"": 241, ""y0"": 455, ""x1"": 391, ""y1"": 509, ""rgb"": [179, 179, 179]}]"
d5_L03_home_T65_M.png,3,1,T65,target,65,홈,설정,248,360,81,285,54,435,108,d3_L03_gray_M.png,"[{""label"": ""로그인"", ""x0"": 540, ""y0"": 170, ""x1"": 690, ""y1"": 224, ""rgb"": [179, 179, 179]}, {""label"": ""취소"", ""x0"": 353, ""y0"": 211, ""x1"": 503, ""y1"": 265, ""rgb"": [179, 179, 179]}, {""label"": ""설정"", ""x0"": 329, ""y0"": 333, ""x1"": 479, ""y1"": 387, ""rgb"": [179, 179, 179]}, {""label"": ""검색"", ""x0"": 575, ""y0"": 34, ""x1"": 725, ""y1"": 88, ""rgb"": [179, 179, 179]}, {""label"": ""저장"", ""x0"": 673, ""y0"": 447, ""x1"": 823, ""y1"": 501, ""rgb"": [179, 179, 179]}, {""label"": ""홈"", ""x0"": 285, ""y0"": 54, ""x1"": 435, ""y1"": 108, ""rgb"": [228, 166, 113]}, {""label"": ""도움말"", ""x0"": 237, ""y0"": 445, ""x1"": 387, ""y1"": 499, ""rgb"": [179, 179, 179]}, {""label"": ""삭제"", ""x0"": 489, ""y0"": 455, ""x1"": 639, ""y1"": 509, ""rgb"": [179, 179, 179]}]"
d5_L03_home_D65_M.png,3,1,D65,decoy,65,홈,설정,148,360,81,285,54,435,108,d3_L03_gray_M.png,"[{""label"": ""로그인"", ""x0"": 540, ""y0"": 170, ""x1"": 690, ""y1"": 224, ""rgb"": [179, 179, 179]}, {""label"": ""취소"", ""x0"": 353, ""y0"": 211, ""x1"": 503, ""y1"": 265, ""rgb"": [179, 179, 179]}, {""label"": ""설정"", ""x0"": 329, ""y0"": 333, ""x1"": 479, ""y1"": 387, ""rgb"": [228, 166, 113]}, {""label"": ""검색"", ""x0"": 575, ""y0"": 34, ""x1"": 725, ""y1"": 88, ""rgb"": [179, 179, 179]}, {""label"": ""저장"", ""x0"": 673, ""y0"": 447, ""x1"": 823, ""y1"": 501, ""rgb"": [179, 179, 179]}, {""label"": ""홈"", ""x0"": 285, ""y0"": 54, ""x1"": 435, ""y1"": 108, ""rgb"": [179, 179, 179]}, {""label"": ""도움말"", ""x0"": 237, ""y0"": 445, ""x1"": 387, ""y1"": 499, ""rgb"": [179, 179, 179]}, {""label"": ""삭제"", ""x0"": 489, ""y0"": 455, ""x1"": 639, ""y1"": 509, ""rgb"": [179, 179, 179]}]"
d5_L03_home_T245_M.png,3,1,T245,target,245,홈,설정,127,360,81,285,54,435,108,d3_L03_gray_M.png,"[{""label"": ""로그인"", ""x0"": 540, ""y0"": 170, ""x1"": 690, ""y1"": 224, ""rgb"": [179, 179, 179]}, {""label"": ""취소"", ""x0"": 353, ""y0"": 211, ""x1"": 503, ""y1"": 265, ""rgb"": [179, 179, 179]}, {""label"": ""설정"", ""x0"": 329, ""y0"": 333, ""x1"": 479, ""y1"": 387, ""rgb"": [179, 179, 179]}, {""label"": ""검색"", ""x0"": 575, ""y0"": 34, ""x1"": 725, ""y1"": 88, ""rgb"": [179, 179, 179]}, {""label"": ""저장"", ""x0"": 673, ""y0"": 447, ""x1"": 823, ""y1"": 501, ""rgb"": [179, 179, 179]}, {""label"": ""홈"", ""x0"": 285, ""y0"": 54, ""x1"": 435, ""y1"": 108, ""rgb"": [67, 191, 244]}, {""label"": ""도움말"", ""x0"": 237, ""y0"": 445, ""x1"": 387, ""y1"": 499, ""rgb"": [179, 179, 179]}, {""label"": ""삭제"", ""x0"": 489, ""y0"": 455, ""x1"": 639, ""y1"": 509, ""rgb"": [179, 179, 179]}]"
d5_L03_home_D245_M.png,3,1,D245,decoy,245,홈,설정,103,360,81,285,54,435,108,d3_L03_gray_M.png,"[{""label"": ""로그인"", ""x0"": 540, ""y0"": 170, ""x1"": 690, ""y1"": 224, ""rgb"": [179, 179, 179]}, {""label"": ""취소"", ""x0"": 353, ""y0"": 211, ""x1"": 503, ""y1"": 265, ""rgb"": [179, 179, 179]}, {""label"": ""설정"", ""x0"": 329, ""y0"": 333, ""x1"": 479, ""y1"": 387, ""rgb"": [67, 191, 244]}, {""label"": ""검색"", ""x0"": 575, ""y0"": 34, ""x1"": 725, ""y1"": 88, ""rgb"": [179, 179, 179]}, {""label"": ""저장"", ""x0"": 673, ""y0"": 447, ""x1"": 823, ""y1"": 501, ""rgb"": [179, 179, 179]}, {""label"": ""홈"", ""x0"": 285, ""y0"": 54, ""x1"": 435, ""y1"": 108, ""rgb"": [179, 179, 179]}, {""label"": ""도움말"", ""x0"": 237, ""y0"": 445, ""x1"": 387, ""y1"": 499, ""rgb"": [179, 179, 179]}, {""label"": ""삭제"", ""x0"": 489, ""y0"": 455, ""x1"": 639, ""y1"": 509, ""rgb"": [179, 179, 179]}]"
d5_L03_settings_T65_N.png,3,0,T65,target,65,설정,도움말,352,476,360,401,333,551,387,d3_L03_gray_N.png,"[{""label"": ""로그인"", ""x0"": 190, ""y0"": 170, ""x1"": 340, ""y1"": 224, ""rgb"": [179, 179, 179]}, {""label"": ""취소"", ""x0"": 377, ""y0"": 211, ""x1"": 527, ""y1"": 265, ""rgb"": [179, 179, 179]}, {""label"": ""설정"", ""x0"": 401, ""y0"": 333, ""x1"": 551, ""y1"": 387, ""rgb"": [228, 166, 113]}, {""label"": ""검색"", ""x0"": 155, ""y0"": 34, ""x1"": 305, ""y1"": 88, ""rgb"": [179, 179, 179]}, {""label"": ""저장"", ""x0"": 57, ""y0"": 447, ""x1"": 207, ""y1"": 501, ""rgb"": [179, 179, 179]}, {""label"": ""홈"", ""x0"": 445, ""y0"": 54, ""x1"": 595, ""y1"": 108, ""rgb"": [179, 179, 179]}, {""label"": ""도움말"", ""x0"": 493, ""y0"": 445, ""x1"": 643, ""y1"": 499, ""rgb"": [179, 179, 179]}, {""label"": ""삭제"", ""x0"": 241, ""y0"": 455, ""x1"": 391, ""y1"": 509, ""rgb"": [179, 179, 179]}]"
d5_L03_settings_D65_N.png,3,0,D65,decoy,65,설정,도움말,134,476,360,401,333,551,387,d3_L03_gray_N.png,"[{""label"": ""로그인"", ""x0"": 190, ""y0"": 170, ""x1"": 340, ""y1"": 224, ""rgb"": [179, 179, 179]}, {""label"": ""취소"", ""x0"": 377, ""y0"": 211, ""x1"": 527, ""y1"": 265, ""rgb"": [179, 179, 179]}, {""label"": ""설정"", ""x0"": 401, ""y0"": 333, ""x1"": 551, ""y1"": 387, ""rgb"": [179, 179, 179]}, {""label"": ""검색"", ""x0"": 155, ""y0"": 34, ""x1"": 305, ""y1"": 88, ""rgb"": [179, 179, 179]}, {""label"": ""저장"", ""x0"": 57, ""y0"": 447, ""x1"": 207, ""y1"": 501, ""rgb"": [179, 179, 179]}, {""label"": ""홈"", ""x0"": 445, ""y0"": 54, ""x1"": 595, ""y1"": 108, ""rgb"": [179, 179, 179]}, {""label"": ""도움말"", ""x0"": 493, ""y0"": 445, ""x1"": 643, ""y1"": 499, ""rgb"": [228, 166, 113]}, {""label"": ""삭제"", ""x0"": 241, ""y0"": 455, ""x1"": 391, ""y1"": 509, ""rgb"": [179, 179, 179]}]"
d5_L03_settings_T245_N.png,3,0,T245,target,245,설정,도움말,263,476,360,401,333,551,387,d3_L03_gray_N.png,"[{""label"": ""로그인"", ""x0"": 190, ""y0"": 170, ""x1"": 340, ""y1"": 224, ""rgb"": [179, 179, 179]}, {""label"": ""취소"", ""x0"": 377, ""y0"": 211, ""x1"": 527, ""y1"": 265, ""rgb"": [179, 179, 179]}, {""label"": ""설정"", ""x0"": 401, ""y0"": 333, ""x1"": 551, ""y1"": 387, ""rgb"": [67, 191, 244]}, {""label"": ""검색"", ""x0"": 155, ""y0"": 34, ""x1"": 305, ""y1"": 88, ""rgb"": [179, 179, 179]}, {""label"": ""저장"", ""x0"": 57, ""y0"": 447, ""x1"": 207, ""y1"": 501, ""rgb"": [179, 179, 179]}, {""label"": ""홈"", ""x0"": 445, ""y0"": 54, ""x1"": 595, ""y1"": 108, ""rgb"": [179, 179, 179]}, {""label"": ""도움말"", ""x0"": 493, ""y0"": 445, ""x1"": 643, ""y1"": 499, ""rgb"": [179, 179, 179]}, {""label"": ""삭제"", ""x0"": 241, ""y0"": 455, ""x1"": 391, ""y1"": 509, ""rgb"": [179, 179, 179]}]"
d5_L03_settings_D245_N.png,3,0,D245,decoy,245,설정,도움말,36,476,360,401,333,551,387,d3_L03_gray_N.png,"[{""label"": ""로그인"", ""x0"": 190, ""y0"": 170, ""x1"": 340, ""y1"": 224, ""rgb"": [179, 179, 179]}, {""label"": ""취소"", ""x0"": 377, ""y0"": 211, ""x1"": 527, ""y1"": 265, ""rgb"": [179, 179, 179]}, {""label"": ""설정"", ""x0"": 401, ""y0"": 333, ""x1"": 551, ""y1"": 387, ""rgb"": [179, 179, 179]}, {""label"": ""검색"", ""x0"": 155, ""y0"": 34, ""x1"": 305, ""y1"": 88, ""rgb"": [179, 179, 179]}, {""label"": ""저장"", ""x0"": 57, ""y0"": 447, ""x1"": 207, ""y1"": 501, ""rgb"": [179, 179, 179]}, {""label"": ""홈"", ""x0"": 445, ""y0"": 54, ""x1"": 595, ""y1"": 108, ""rgb"": [179, 179, 179]}, {""label"": ""도움말"", ""x0"": 493, ""y0"": 445, ""x1"": 643, ""y1"": 499, ""rgb"": [67, 191, 244]}, {""label"": ""삭제"", ""x0"": 241, ""y0"": 455, ""x1"": 391, ""y1"": 509, ""rgb"": [179, 179, 179]}]"
d5_L03_settings_T65_M.png,3,1,T65,target,65,설정,도움말,294,404,360,329,333,479,387,d3_L03_gray_M.png,"[{""label"": ""로그인"", ""x0"": 540, ""y0"": 170, ""x1"": 690, ""y1"": 224, ""rgb"": [179, 179, 179]}, {""label"": ""취소"", ""x0"": 353, ""y0"": 211, ""x1"": 503, ""y1"": 265, ""rgb"": [179, 179, 179]}, {""label"": ""설정"", ""x0"": 329, ""y0"": 333, ""x1"": 479, ""y1"": 387, ""rgb"": [228, 166, 113]}, {""label"": ""검색"", ""x0"": 575, ""y0"": 34, ""x1"": 725, ""y1"": 88, ""rgb"": [179, 179, 179]}, {""label"": ""저장"", ""x0"": 673, ""y0"": 447, ""x1"": 823, ""y1"": 501, ""rgb"": [179, 179, 179]}, {""label"": ""홈"", ""x0"": 285, ""y0"": 54, ""x1"": 435, ""y1"": 108, ""rgb"": [179, 179, 179]}, {""label"": ""도움말"", ""x0"": 237, ""y0"": 445, ""x1"": 387, ""y1"": 499, ""rgb"": [179, 179, 179]}, {""label"": ""삭제"", ""x0"": 489, ""y0"": 455, ""x1"": 639, ""y1"": 509, ""rgb"": [179, 179, 179]}]"
d5_L03_settings_D65_M.png,3,1,D65,decoy,65,설정,도움말,189,404,360,329,333,479,387,d3_L03_gray_M.png,"[{""label"": ""로그인"", ""x0"": 540, ""y0"": 170, ""x1"": 690, ""y1"": 224, ""rgb"": [179, 179, 179]}, {""label"": ""취소"", ""x0"": 353, ""y0"": 211, ""x1"": 503, ""y1"": 265, ""rgb"": [179, 179, 179]}, {""label"": ""설정"", ""x0"": 329, ""y0"": 333, ""x1"": 479, ""y1"": 387, ""rgb"": [179, 179, 179]}, {""label"": ""검색"", ""x0"": 575, ""y0"": 34, ""x1"": 725, ""y1"": 88, ""rgb"": [179, 179, 179]}, {""label"": ""저장"", ""x0"": 673, ""y0"": 447, ""x1"": 823, ""y1"": 501, ""rgb"": [179, 179, 179]}, {""label"": ""홈"", ""x0"": 285, ""y0"": 54, ""x1"": 435, ""y1"": 108, ""rgb"": [179, 179, 179]}, {""label"": ""도움말"", ""x0"": 237, ""y0"": 445, ""x1"": 387, ""y1"": 499, ""rgb"": [228, 166, 113]}, {""label"": ""삭제"", ""x0"": 489, ""y0"": 455, ""x1"": 639, ""y1"": 509, ""rgb"": [179, 179, 179]}]"
d5_L03_settings_T245_M.png,3,1,T245,target,245,설정,도움말,213,404,360,329,333,479,387,d3_L03_gray_M.png,"[{""label"": ""로그인"", ""x0"": 540, ""y0"": 170, ""x1"": 690, ""y1"": 224, ""rgb"": [179, 179, 179]}, {""label"": ""취소"", ""x0"": 353, ""y0"": 211, ""x1"": 503, ""y1"": 265, ""rgb"": [179, 179, 179]}, {""label"": ""설정"", ""x0"": 329, ""y0"": 333, ""x1"": 479, ""y1"": 387, ""rgb"": [67, 191, 244]}, {""label"": ""검색"", ""x0"": 575, ""y0"": 34, ""x1"": 725, ""y1"": 88, ""rgb"": [179, 179, 179]}, {""label"": ""저장"", ""x0"": 673, ""y0"": 447, ""x1"": 823, ""y1"": 501, ""rgb"": [179, 179, 179]}, {""label"": ""홈"", ""x0"": 285, ""y0"": 54, ""x1"": 435, ""y1"": 108, ""rgb"": [179, 179, 179]}, {""label"": ""도움말"", ""x0"": 237, ""y0"": 445, ""x1"": 387, ""y1"": 499, ""rgb"": [179, 179, 179]}, {""label"": ""삭제"", ""x0"": 489, ""y0"": 455, ""x1"": 639, ""y1"": 509, ""rgb"": [179, 179, 179]}]"
d5_L03_settings_D245_M.png,3,1,D245,decoy,245,설정,도움말,97,404,360,329,333,479,387,d3_L03_gray_M.png,"[{""label"": ""로그인"", ""x0"": 540, ""y0"": 170, ""x1"": 690, ""y1"": 224, ""rgb"": [179, 179, 179]}, {""label"": ""취소"", ""x0"": 353, ""y0"": 211, ""x1"": 503, ""y1"": 265, ""rgb"": [179, 179, 179]}, {""label"": ""설정"", ""x0"": 329, ""y0"": 333, ""x1"": 479, ""y1"": 387, ""rgb"": [179, 179, 179]}, {""label"": ""검색"", ""x0"": 575, ""y0"": 34, ""x1"": 725, ""y1"": 88, ""rgb"": [179, 179, 179]}, {""label"": ""저장"", ""x0"": 673, ""y0"": 447, ""x1"": 823, ""y1"": 501, ""rgb"": [179, 179, 179]}, {""label"": ""홈"", ""x0"": 285, ""y0"": 54, ""x1"": 435, ""y1"": 108, ""rgb"": [179, 179, 179]}, {""label"": ""도움말"", ""x0"": 237, ""y0"": 445, ""x1"": 387, ""y1"": 499, ""rgb"": [67, 191, 244]}, {""label"": ""삭제"", ""x0"": 489, ""y0"": 455, ""x1"": 639, ""y1"": 509, ""rgb"": [179, 179, 179]}]"
d5_L04_login_D65_N.png,4,0,D65,decoy,65,로그인,삭제,241,564,417,489,390,639,444,d3_L04_gray_N.png,"[{""label"": ""로그인"", ""x0"": 489, ""y0"": 390, ""x1"": 639, ""y1"": 444, ""rgb"": [179, 179, 179]}, {""label"": ""취소"", ""x0"": 27, ""y0"": 211, ""x1"": 177, ""y1"": 265, ""rgb"": [179, 179, 179]}, {""label"": ""설정"", ""x0"": 203, ""y0"": 398, ""x1"": 353, ""y1"": 452, ""rgb"": [179, 179, 179]}, {""label"": ""검색"", ""x0"": 541, ""y0"": 164, ""x1"": 691, ""y1"": 218, ""rgb"": [179, 179, 179]}, {""label"": ""저장"", ""x0"": 205, ""y0"": 133, ""x1"": 355, ""y1"": 187, ""rgb"": [179, 179, 179]}, {""label"": ""홈"", ""x0"": 426, ""y0"": 485, ""x1"": 576, ""y1"": 539, ""rgb"": [179, 179, 179]}, {""label"": ""도움말"", ""x0"": 626, ""y0"": 272, ""x1"": 776, ""y1"": 326, ""rgb"": [179, 179, 179]}, {""label"": ""삭제"", ""x0"": 708, ""y0"": 466, ""x1"": 858, ""y1"": 520, ""rgb"": [228, 166, 113]}]"
d5_L04_login_D245_N.png,4,0,D245,decoy,245,로그인,삭제,62,564,417,489,390,639,444,d3_L04_gray_N.png,"[{""label"": ""로그인"", ""x0"": 489, ""y0"": 390, ""x1"": 639, ""y1"": 444, ""rgb"": [179, 179, 179]}, {""label"": ""취소"", ""x0"": 27, ""y0"": 211, ""x1"": 177, ""y1"": 265, ""rgb"": [179, 179, 179]}, {""label"": ""설정"", ""x0"": 203, ""y0"": 398, ""x1"": 353, ""y1"": 452, ""rgb"": [179, 179, 179]}, {""label"": ""검색"", ""x0"": 541, ""y0"": 164, ""x1"": 691, ""y1"": 218, ""rgb"": [179, 179, 179]}, {""label"": ""저장"", ""x0"": 205, ""y0"": 133, ""x1"": 355, ""y1"": 187, ""rgb"": [179, 179, 179]}, {""label"": ""홈"", ""x0"": 426, ""y0"": 485, ""x1"": 576, ""y1"": 539, ""rgb"": [179, 179, 179]}, {""label"": ""도움말"", ""x0"": 626, ""y0"": 272, ""x1"": 776, ""y1"": 326, ""rgb"": [179, 179, 179]}, {""label"": ""삭제"", ""x0"": 708, ""y0"": 466, ""x1"": 858, ""y1"": 520, ""rgb"": [67, 191, 244]}]"
d5_L04_login_D65_M.png,4,1,D65,decoy,65,로그인,삭제,117,316,417,241,390,391,444,d3_L04_gray_M.png,"[{""label"": ""로그인"", ""x0"": 241, ""y0"": 390, ""x1"": 391, ""y1"": 444, ""rgb"": [179, 179, 179]}, {""label"": ""취소"", ""x0"": 703, ""y0"": 211, ""x1"": 853, ""y1"": 265, ""rgb"": [179, 179, 179]}, {""label"": ""설정"", ""x0"": 527, ""y0"": 398, ""x1"": 677, ""y1"": 452, ""rgb"": [179, 179, 179]}, {""label"": ""검색"", ""x0"": 189, ""y0"": 164, ""x1"": 339, ""y1"": 218, ""rgb"": [179, 179, 179]}, {""label"": ""저장"", ""x0"": 525, ""y0"": 133, ""x1"": 675, ""y1"": 187, ""rgb"": [179, 179, 179]}, {""label"": ""홈"", ""x0"": 304, ""y0"": 485, ""x1"": 454, ""y1"": 539, ""rgb"": [179, 179, 179]}, {""label"": ""도움말"", ""x0"": 104, ""y0"": 272, ""x1"": 254, ""y1"": 326, ""rgb"": [179, 179, 179]}, {""label"": ""삭제"", ""x0"": 22, ""y0"": 466, ""x1"": 172, ""y1"": 520, ""rgb"": [228, 166, 113]}]"
d5_L04_login_D245_M.png,4,1,D245,decoy,245,로그인,삭제,191,316,417,241,390,391,444,d3_L04_gray_M.png,"[{""label"": ""로그인"", ""x0"": 241, ""y0"": 390, ""x1"": 391, ""y1"": 444, ""rgb"": [179, 179, 179]}, {""label"": ""취소"", ""x0"": 703, ""y0"": 211, ""x1"": 853, ""y1"": 265, ""rgb"": [179, 179, 179]}, {""label"": ""설정"", ""x0"": 527, ""y0"": 398, ""x1"": 677, ""y1"": 452, ""rgb"": [179, 179, 179]}, {""label"": ""검색"", ""x0"": 189, ""y0"": 164, ""x1"": 339, ""y1"": 218, ""rgb"": [179, 179, 179]}, {""label"": ""저장"", ""x0"": 525, ""y0"": 133, ""x1"": 675, ""y1"": 187, ""rgb"": [179, 179, 179]}, {""label"": ""홈"", ""x0"": 304, ""y0"": 485, ""x1"": 454, ""y1"": 539, ""rgb"": [179, 179, 179]}, {""label"": ""도움말"", ""x0"": 104, ""y0"": 272, ""x1"": 254, ""y1"": 326, ""rgb"": [179, 179, 179]}, {""label"": ""삭제"", ""x0"": 22, ""y0"": 466, ""x1"": 172, ""y1"": 520, ""rgb"": [67, 191, 244]}]"
d5_L04_home_T65_N.png,4,0,T65,target,65,홈,취소,82,501,512,426,485,576,539,d3_L04_gray_N.png,"[{""label"": ""로그인"", ""x0"": 489, ""y0"": 390, ""x1"": 639, ""y1"": 444, ""rgb"": [179, 179, 179]}, {""label"": ""취소"", ""x0"": 27, ""y0"": 211, ""x1"": 177, ""y1"": 265, ""rgb"": [179, 179, 179]}, {""label"": ""설정"", ""x0"": 203, ""y0"": 398, ""x1"": 353, ""y1"": 452, ""rgb"": [179, 179, 179]}, {""label"": ""검색"", ""x0"": 541, ""y0"": 164, ""x1"": 691, ""y1"": 218, ""rgb"": [179, 179, 179]}, {""label"": ""저장"", ""x0"": 205, ""y0"": 133, ""x1"": 355, ""y1"": 187, ""rgb"": [179, 179, 179]}, {""label"": ""홈"", ""x0"": 426, ""y0"": 485, ""x1"": 576, ""y1"": 539, ""rgb"": [228, 166, 113]}, {""label"": ""도움말"", ""x0"": 626, ""y0"": 272, ""x1"": 776, ""y1"": 326, ""rgb"": [179, 179, 179]}, {""label"": ""삭제"", ""x0"": 708, ""y0"": 466, ""x1"": 858, ""y1"": 520, ""rgb"": [179, 179, 179]}]"
d5_L04_home_D65_N.png,4,0,D65,decoy,65,홈,취소,109,501,512,426,485,576,539,d3_L04_gray_N.png,"[{""label"": ""로그인"", ""x0"": 489, ""y0"": 390, ""x1"": 639, ""y1"": 444, ""rgb"": [179, 179, 179]}, {""label"": ""취소"", ""x0"": 27, ""y0"": 211, ""x1"": 177, ""y1"": 265, ""rgb"": [228, 166, 113]}, {""label"": ""설정"", ""x0"": 203, ""y0"": 398, ""x1"": 353, ""y1"": 452, ""rgb"": [179, 179, 179]}, {""label"": ""검색"", ""x0"": 541, ""y0"": 164, ""x1"": 691, ""y1"": 218, ""rgb"": [179, 179, 179]}, {""label"": ""저장"", ""x0"": 205, ""y0"": 133, ""x1"": 355, ""y1"": 187, ""rgb"": [179, 179, 179]}, {""label"": ""홈"", ""x0"": 426, ""y0"": 485, ""x1"": 576, ""y1"": 539, ""rgb"": [179, 179, 179]}, {""label"": ""도움말"", ""x0"": 626, ""y0"": 272, ""x1"": 776, ""y1"": 326, ""rgb"": [179, 179, 179]}, {""label"": ""삭제"", ""x0"": 708, ""y0"": 466, ""x1"": 858, ""y1"": 520, ""rgb"": [179, 179, 179]}]"
d5_L04_home_T245_N.png,4,0,T245,target,245,홈,취소,174,501,512,426,485,576,539,d3_L04_gray_N.png,"[{""label"": ""로그인"", ""x0"": 489, ""y0"": 390, ""x1"": 639, ""y1"": 444, ""rgb"": [179, 179, 179]}, {""label"": ""취소"", ""x0"": 27, ""y0"": 211, ""x1"": 177, ""y1"": 265, ""rgb"": [179, 179, 179]}, {""label"": ""설정"", ""x0"": 203, ""y0"": 398, ""x1"": 353, ""y1"": 452, ""rgb"": [179, 179, 179]}, {""label"": ""검색"", ""x0"": 541, ""y0"": 164, ""x1"": 691, ""y1"": 218, ""rgb"": [179, 179, 179]}, {""label"": ""저장"", ""x0"": 205, ""y0"": 133, ""x1"": 355, ""y1"": 187, ""rgb"": [179, 179, 179]}, {""label"": ""홈"", ""x0"": 426, ""y0"": 485, ""x1"": 576, ""y1"": 539, ""rgb"": [67, 191, 244]}, {""label"": ""도움말"", ""x0"": 626, ""y0"": 272, ""x1"": 776, ""y1"": 326, ""rgb"": [179, 179, 179]}, {""label"": ""삭제"", ""x0"": 708, ""y0"": 466, ""x1"": 858, ""y1"": 520, ""rgb"": [179, 179, 179]}]"
d5_L04_home_D245_N.png,4,0,D245,decoy,245,홈,취소,102,501,512,426,485,576,539,d3_L04_gray_N.png,"[{""label"": ""로그인"", ""x0"": 489, ""y0"": 390, ""x1"": 639, ""y1"": 444, ""rgb"": [179, 179, 179]}, {""label"": ""취소"", ""x0"": 27, ""y0"": 211, ""x1"": 177, ""y1"": 265, ""rgb"": [67, 191, 244]}, {""label"": ""설정"", ""x0"": 203, ""y0"": 398, ""x1"": 353, ""y1"": 452, ""rgb"": [179, 179, 179]}, {""label"": ""검색"", ""x0"": 541, ""y0"": 164, ""x1"": 691, ""y1"": 218, ""rgb"": [179, 179, 179]}, {""label"": ""저장"", ""x0"": 205, ""y0"": 133, ""x1"": 355, ""y1"": 187, ""rgb"": [179, 179, 179]}, {""label"": ""홈"", ""x0"": 426, ""y0"": 485, ""x1"": 576, ""y1"": 539, ""rgb"": [179, 179, 179]}, {""label"": ""도움말"", ""x0"": 626, ""y0"": 272, ""x1"": 776, ""y1"": 326, ""rgb"": [179, 179, 179]}, {""label"": ""삭제"", ""x0"": 708, ""y0"": 466, ""x1"": 858, ""y1"": 520, ""rgb"": [179, 179, 179]}]"
d5_L04_home_T65_M.png,4,1,T65,target,65,홈,취소,198,379,512,304,485,454,539,d3_L04_gray_M.png,"[{""label"": ""로그인"", ""x0"": 241, ""y0"": 390, ""x1"": 391, ""y1"": 444, ""rgb"": [179, 179, 179]}, {""label"": ""취소"", ""x0"": 703, ""y0"": 211, ""x1"": 853, ""y1"": 265, ""rgb"": [179, 179, 179]}, {""label"": ""설정"", ""x0"": 527, ""y0"": 398, ""x1"": 677, ""y1"": 452, ""rgb"": [179, 179, 179]}, {""label"": ""검색"", ""x0"": 189, ""y0"": 164, ""x1"": 339, ""y1"": 218, ""rgb"": [179, 179, 179]}, {""label"": ""저장"", ""x0"": 525, ""y0"": 133, ""x1"": 675, ""y1"": 187, ""rgb"": [179, 179, 179]}, {""label"": ""홈"", ""x0"": 304, ""y0"": 485, ""x1"": 454, ""y1"": 539, ""rgb"": [228, 166, 113]}, {""label"": ""도움말"", ""x0"": 104, ""y0"": 272, ""x1"": 254, ""y1"": 326, ""rgb"": [179, 179, 179]}, {""label"": ""삭제"", ""x0"": 22, ""y0"": 466, ""x1"": 172, ""y1"": 520, ""rgb"": [179, 179, 179]}]"
d5_L04_home_D65_M.png,4,1,D65,decoy,65,홈,취소,47,379,512,304,485,454,539,d3_L04_gray_M.png,"[{""label"": ""로그인"", ""x0"": 241, ""y0"": 390, ""x1"": 391, ""y1"": 444, ""rgb"": [179, 179, 179]}, {""label"": ""취소"", ""x0"": 703, ""y0"": 211, ""x1"": 853, ""y1"": 265, ""rgb"": [228, 166, 113]}, {""label"": ""설정"", ""x0"": 527, ""y0"": 398, ""x1"": 677, ""y1"": 452, ""rgb"": [179, 179, 179]}, {""label"": ""검색"", ""x0"": 189, ""y0"": 164, ""x1"": 339, ""y1"": 218, ""rgb"": [179, 179, 179]}, {""label"": ""저장"", ""x0"": 525, ""y0"": 133, ""x1"": 675, ""y1"": 187, ""rgb"": [179, 179, 179]}, {""label"": ""홈"", ""x0"": 304, ""y0"": 485, ""x1"": 454, ""y1"": 539, ""rgb"": [179, 179, 179]}, {""label"": ""도움말"", ""x0"": 104, ""y0"": 272, ""x1"": 254, ""y1"": 326, ""rgb"": [179, 179, 179]}, {""label"": ""삭제"", ""x0"": 22, ""y0"": 466, ""x1"": 172, ""y1"": 520, ""rgb"": [179, 179, 179]}]"
d5_L04_home_T245_M.png,4,1,T245,target,245,홈,취소,196,379,512,304,485,454,539,d3_L04_gray_M.png,"[{""label"": ""로그인"", ""x0"": 241, ""y0"": 390, ""x1"": 391, ""y1"": 444, ""rgb"": [179, 179, 179]}, {""label"": ""취소"", ""x0"": 703, ""y0"": 211, ""x1"": 853, ""y1"": 265, ""rgb"": [179, 179, 179]}, {""label"": ""설정"", ""x0"": 527, ""y0"": 398, ""x1"": 677, ""y1"": 452, ""rgb"": [179, 179, 179]}, {""label"": ""검색"", ""x0"": 189, ""y0"": 164, ""x1"": 339, ""y1"": 218, ""rgb"": [179, 179, 179]}, {""label"": ""저장"", ""x0"": 525, ""y0"": 133, ""x1"": 675, ""y1"": 187, ""rgb"": [179, 179, 179]}, {""label"": ""홈"", ""x0"": 304, ""y0"": 485, ""x1"": 454, ""y1"": 539, ""rgb"": [67, 191, 244]}, {""label"": ""도움말"", ""x0"": 104, ""y0"": 272, ""x1"": 254, ""y1"": 326, ""rgb"": [179, 179, 179]}, {""label"": ""삭제"", ""x0"": 22, ""y0"": 466, ""x1"": 172, ""y1"": 520, ""rgb"": [179, 179, 179]}]"
d5_L04_home_D245_M.png,4,1,D245,decoy,245,홈,취소,244,379,512,304,485,454,539,d3_L04_gray_M.png,"[{""label"": ""로그인"", ""x0"": 241, ""y0"": 390, ""x1"": 391, ""y1"": 444, ""rgb"": [179, 179, 179]}, {""label"": ""취소"", ""x0"": 703, ""y0"": 211, ""x1"": 853, ""y1"": 265, ""rgb"": [67, 191, 244]}, {""label"": ""설정"", ""x0"": 527, ""y0"": 398, ""x1"": 677, ""y1"": 452, ""rgb"": [179, 179, 179]}, {""label"": ""검색"", ""x0"": 189, ""y0"": 164, ""x1"": 339, ""y1"": 218, ""rgb"": [179, 179, 179]}, {""label"": ""저장"", ""x0"": 525, ""y0"": 133, ""x1"": 675, ""y1"": 187, ""rgb"": [179, 179, 179]}, {""label"": ""홈"", ""x0"": 304, ""y0"": 485, ""x1"": 454, ""y1"": 539, ""rgb"": [179, 179, 179]}, {""label"": ""도움말"", ""x0"": 104, ""y0"": 272, ""x1"": 254, ""y1"": 326, ""rgb"": [179, 179, 179]}, {""label"": ""삭제"", ""x0"": 22, ""y0"": 466, ""x1"": 172, ""y1"": 520, ""rgb"": [179, 179, 179]}]"
d5_L04_settings_T65_N.png,4,0,T65,target,65,설정,검색,34,278,425,203,398,353,452,d3_L04_gray_N.png,"[{""label"": ""로그인"", ""x0"": 489, ""y0"": 390, ""x1"": 639, ""y1"": 444, ""rgb"": [179, 179, 179]}, {""label"": ""취소"", ""x0"": 27, ""y0"": 211, ""x1"": 177, ""y1"": 265, ""rgb"": [179, 179, 179]}, {""label"": ""설정"", ""x0"": 203, ""y0"": 398, ""x1"": 353, ""y1"": 452, ""rgb"": [228, 166, 113]}, {""label"": ""검색"", ""x0"": 541, ""y0"": 164, ""x1"": 691, ""y1"": 218, ""rgb"": [179, 179, 179]}, {""label"": ""저장"", ""x0"": 205, ""y0"": 133, ""x1"": 355, ""y1"": 187, ""rgb"": [179, 179, 179]}, {""label"": ""홈"", ""x0"": 426, ""y0"": 485, ""x1"": 576, ""y1"": 539, ""rgb"": [179, 179, 179]}, {""label"": ""도움말"", ""x0"": 626, ""y0"": 272, ""x1"": 776, ""y1"": 326, ""rgb"": [179, 179, 179]}, {""label"": ""삭제"", ""x0"": 708, ""y0"": 466, ""x1"": 858, ""y1"": 520, ""rgb"": [179, 179, 179]}]"
d5_L04_settings_D65_N.png,4,0,D65,decoy,65,설정,검색,273,278,425,203,398,353,452,d3_L04_gray_N.png,"[{""label"": ""로그인"", ""x0"": 489, ""y0"": 390, ""x1"": 639, ""y1"": 444, ""rgb"": [179, 179, 179]}, {""label"": ""취소"", ""x0"": 27, ""y0"": 211, ""x1"": 177, ""y1"": 265, ""rgb"": [179, 179, 179]}, {""label"": ""설정"", ""x0"": 203, ""y0"": 398, ""x1"": 353, ""y1"": 452, ""rgb"": [179, 179, 179]}, {""label"": ""검색"", ""x0"": 541, ""y0"": 164, ""x1"": 691, ""y1"": 218, ""rgb"": [228, 166, 113]}, {""label"": ""저장"", ""x0"": 205, ""y0"": 133, ""x1"": 355, ""y1"": 187, ""rgb"": [179, 179, 179]}, {""label"": ""홈"", ""x0"": 426, ""y0"": 485, ""x1"": 576, ""y1"": 539, ""rgb"": [179, 179, 179]}, {""label"": ""도움말"", ""x0"": 626, ""y0"": 272, ""x1"": 776, ""y1"": 326, ""rgb"": [179, 179, 179]}, {""label"": ""삭제"", ""x0"": 708, ""y0"": 466, ""x1"": 858, ""y1"": 520, ""rgb"": [179, 179, 179]}]"
d5_L04_settings_T245_N.png,4,0,T245,target,245,설정,검색,86,278,425,203,398,353,452,d3_L04_gray_N.png,"[{""label"": ""로그인"", ""x0"": 489, ""y0"": 390, ""x1"": 639, ""y1"": 444, ""rgb"": [179, 179, 179]}, {""label"": ""취소"", ""x0"": 27, ""y0"": 211, ""x1"": 177, ""y1"": 265, ""rgb"": [179, 179, 179]}, {""label"": ""설정"", ""x0"": 203, ""y0"": 398, ""x1"": 353, ""y1"": 452, ""rgb"": [67, 191, 244]}, {""label"": ""검색"", ""x0"": 541, ""y0"": 164, ""x1"": 691, ""y1"": 218, ""rgb"": [179, 179, 179]}, {""label"": ""저장"", ""x0"": 205, ""y0"": 133, ""x1"": 355, ""y1"": 187, ""rgb"": [179, 179, 179]}, {""label"": ""홈"", ""x0"": 426, ""y0"": 485, ""x1"": 576, ""y1"": 539, ""rgb"": [179, 179, 179]}, {""label"": ""도움말"", ""x0"": 626, ""y0"": 272, ""x1"": 776, ""y1"": 326, ""rgb"": [179, 179, 179]}, {""label"": ""삭제"", ""x0"": 708, ""y0"": 466, ""x1"": 858, ""y1"": 520, ""rgb"": [179, 179, 179]}]"
d5_L04_settings_D245_N.png,4,0,D245,decoy,245,설정,검색,72,278,425,203,398,353,452,d3_L04_gray_N.png,"[{""label"": ""로그인"", ""x0"": 489, ""y0"": 390, ""x1"": 639, ""y1"": 444, ""rgb"": [179, 179, 179]}, {""label"": ""취소"", ""x0"": 27, ""y0"": 211, ""x1"": 177, ""y1"": 265, ""rgb"": [179, 179, 179]}, {""label"": ""설정"", ""x0"": 203, ""y0"": 398, ""x1"": 353, ""y1"": 452, ""rgb"": [179, 179, 179]}, {""label"": ""검색"", ""x0"": 541, ""y0"": 164, ""x1"": 691, ""y1"": 218, ""rgb"": [67, 191, 244]}, {""label"": ""저장"", ""x0"": 205, ""y0"": 133, ""x1"": 355, ""y1"": 187, ""rgb"": [179, 179, 179]}, {""label"": ""홈"", ""x0"": 426, ""y0"": 485, ""x1"": 576, ""y1"": 539, ""rgb"": [179, 179, 179]}, {""label"": ""도움말"", ""x0"": 626, ""y0"": 272, ""x1"": 776, ""y1"": 326, ""rgb"": [179, 179, 179]}, {""label"": ""삭제"", ""x0"": 708, ""y0"": 466, ""x1"": 858, ""y1"": 520, ""rgb"": [179, 179, 179]}]"
d5_L04_settings_T65_M.png,4,1,T65,target,65,설정,검색,204,602,425,527,398,677,452,d3_L04_gray_M.png,"[{""label"": ""로그인"", ""x0"": 241, ""y0"": 390, ""x1"": 391, ""y1"": 444, ""rgb"": [179, 179, 179]}, {""label"": ""취소"", ""x0"": 703, ""y0"": 211, ""x1"": 853, ""y1"": 265, ""rgb"": [179, 179, 179]}, {""label"": ""설정"", ""x0"": 527, ""y0"": 398, ""x1"": 677, ""y1"": 452, ""rgb"": [228, 166, 113]}, {""label"": ""검색"", ""x0"": 189, ""y0"": 164, ""x1"": 339, ""y1"": 218, ""rgb"": [179, 179, 179]}, {""label"": ""저장"", ""x0"": 525, ""y0"": 133, ""x1"": 675, ""y1"": 187, ""rgb"": [179, 179, 179]}, {""label"": ""홈"", ""x0"": 304, ""y0"": 485, ""x1"": 454, ""y1"": 539, ""rgb"": [179, 179, 179]}, {""label"": ""도움말"", ""x0"": 104, ""y0"": 272, ""x1"": 254, ""y1"": 326, ""rgb"": [179, 179, 179]}, {""label"": ""삭제"", ""x0"": 22, ""y0"": 466, ""x1"": 172, ""y1"": 520, ""rgb"": [179, 179, 179]}]"
d5_L04_settings_D65_M.png,4,1,D65,decoy,65,설정,검색,75,602,425,527,398,677,452,d3_L04_gray_M.png,"[{""label"": ""로그인"", ""x0"": 241, ""y0"": 390, ""x1"": 391, ""y1"": 444, ""rgb"": [179, 179, 179]}, {""label"": ""취소"", ""x0"": 703, ""y0"": 211, ""x1"": 853, ""y1"": 265, ""rgb"": [179, 179, 179]}, {""label"": ""설정"", ""x0"": 527, ""y0"": 398, ""x1"": 677, ""y1"": 452, ""rgb"": [179, 179, 179]}, {""label"": ""검색"", ""x0"": 189, ""y0"": 164, ""x1"": 339, ""y1"": 218, ""rgb"": [228, 166, 113]}, {""label"": ""저장"", ""x0"": 525, ""y0"": 133, ""x1"": 675, ""y1"": 187, ""rgb"": [179, 179, 179]}, {""label"": ""홈"", ""x0"": 304, ""y0"": 485, ""x1"": 454, ""y1"": 539, ""rgb"": [179, 179, 179]}, {""label"": ""도움말"", ""x0"": 104, ""y0"": 272, ""x1"": 254, ""y1"": 326, ""rgb"": [179, 179, 179]}, {""label"": ""삭제"", ""x0"": 22, ""y0"": 466, ""x1"": 172, ""y1"": 520, ""rgb"": [179, 179, 179]}]"
d5_L04_settings_T245_M.png,4,1,T245,target,245,설정,검색,143,602,425,527,398,677,452,d3_L04_gray_M.png,"[{""label"": ""로그인"", ""x0"": 241, ""y0"": 390, ""x1"": 391, ""y1"": 444, ""rgb"": [179, 179, 179]}, {""label"": ""취소"", ""x0"": 703, ""y0"": 211, ""x1"": 853, ""y1"": 265, ""rgb"": [179, 179, 179]}, {""label"": ""설정"", ""x0"": 527, ""y0"": 398, ""x1"": 677, ""y1"": 452, ""rgb"": [67, 191, 244]}, {""label"": ""검색"", ""x0"": 189, ""y0"": 164, ""x1"": 339, ""y1"": 218, ""rgb"": [179, 179, 179]}, {""label"": ""저장"", ""x0"": 525, ""y0"": 133, ""x1"": 675, ""y1"": 187, ""rgb"": [179, 179, 179]}, {""label"": ""홈"", ""x0"": 304, ""y0"": 485, ""x1"": 454, ""y1"": 539, ""rgb"": [179, 179, 179]}, {""label"": ""도움말"", ""x0"": 104, ""y0"": 272, ""x1"": 254, ""y1"": 326, ""rgb"": [179, 179, 179]}, {""label"": ""삭제"", ""x0"": 22, ""y0"": 466, ""x1"": 172, ""y1"": 520, ""rgb"": [179, 179, 179]}]"
d5_L04_settings_D245_M.png,4,1,D245,decoy,245,설정,검색,265,602,425,527,398,677,452,d3_L04_gray_M.png,"[{""label"": ""로그인"", ""x0"": 241, ""y0"": 390, ""x1"": 391, ""y1"": 444, ""rgb"": [179, 179, 179]}, {""label"": ""취소"", ""x0"": 703, ""y0"": 211, ""x1"": 853, ""y1"": 265, ""rgb"": [179, 179, 179]}, {""label"": ""설정"", ""x0"": 527, ""y0"": 398, ""x1"": 677, ""y1"": 452, ""rgb"": [179, 179, 179]}, {""label"": ""검색"", ""x0"": 189, ""y0"": 164, ""x1"": 339, ""y1"": 218, ""rgb"": [67, 191, 244]}, {""label"": ""저장"", ""x0"": 525, ""y0"": 133, ""x1"": 675, ""y1"": 187, ""rgb"": [179, 179, 179]}, {""label"": ""홈"", ""x0"": 304, ""y0"": 485, ""x1"": 454, ""y1"": 539, ""rgb"": [179, 179, 179]}, {""label"": ""도움말"", ""x0"": 104, ""y0"": 272, ""x1"": 254, ""y1"": 326, ""rgb"": [179, 179, 179]}, {""label"": ""삭제"", ""x0"": 22, ""y0"": 466, ""x1"": 172, ""y1"": 520, ""rgb"": [179, 179, 179]}]"
d5_L05_login_D65_N.png,5,0,D65,decoy,65,로그인,삭제,113,243,305,168,278,318,332,d3_L05_gray_N.png,"[{""label"": ""로그인"", ""x0"": 168, ""y0"": 278, ""x1"": 318, ""y1"": 332, ""rgb"": [179, 179, 179]}, {""label"": ""취소"", ""x0"": 361, ""y0"": 496, ""x1"": 511, ""y1"": 550, ""rgb"": [179, 179, 179]}, {""label"": ""설정"", ""x0"": 315, ""y0"": 373, ""x1"": 465, ""y1"": 427, ""rgb"": [179, 179, 179]}, {""label"": ""검색"", ""x0"": 76, ""y0"": 431, ""x1"": 226, ""y1"": 485, ""rgb"": [179, 179, 179]}, {""label"": ""저장"", ""x0"": 640, ""y0"": 429, ""x1"": 790, ""y1"": 483, ""rgb"": [179, 179, 179]}, {""label"": ""홈"", ""x0"": 622, ""y0"": 116, ""x1"": 772, ""y1"": 170, ""rgb"": [179, 179, 179]}, {""label"": ""도움말"", ""x0"": 270, ""y0"": 139, ""x1"": 420, ""y1"": 193, ""rgb"": [179, 179, 179]}, {""label"": ""삭제"", ""x0"": 456, ""y0"": 292, ""x1"": 606, ""y1"": 346, ""rgb"": [228, 166, 113]}]"
d5_L05_login_D245_N.png,5,0,D245,decoy,245,로그인,삭제,256,243,305,168,278,318,332,d3_L05_gray_N.png,"[{""label"": ""로그인"", ""x0"": 168, ""y0"": 278, ""x1"": 318, ""y1"": 332, ""rgb"": [179, 179, 179]}, {""label"": ""취소"", ""x0"": 361, ""y0"": 496, ""x1"": 511, ""y1"": 550, ""rgb"": [179, 179, 179]}, {""label"": ""설정"", ""x0"": 315, ""y0"": 373, ""x1"": 465, ""y1"": 427, ""rgb"": [179, 179, 179]}, {""label"": ""검색"", ""x0"": 76, ""y0"": 431, ""x1"": 226, ""y1"": 485, ""rgb"": [179, 179, 179]}, {""label"": ""저장"", ""x0"": 640, ""y0"": 429, ""x1"": 790, ""y1"": 483, ""rgb"": [179, 179, 179]}, {""label"": ""홈"", ""x0"": 622, ""y0"": 116, ""x1"": 772, ""y1"": 170, ""rgb"": [179, 179, 179]}, {""label"": ""도움말"", ""x0"": 270, ""y0"": 139, ""x1"": 420, ""y1"": 193, ""rgb"": [179, 179, 179]}, {""label"": ""삭제"", ""x0"": 456, ""y0"": 292, ""x1"": 606, ""y1"": 346, ""rgb"": [67, 191, 244]}]"
d5_L05_login_D65_M.png,5,1,D65,decoy,65,로그인,삭제,289,637,305,562,278,712,332,d3_L05_gray_M.png,"[{""label"": ""로그인"", ""x0"": 562, ""y0"": 278, ""x1"": 712, ""y1"": 332, ""rgb"": [179, 179, 179]}, {""label"": ""취소"", ""x0"": 369, ""y0"": 496, ""x1"": 519, ""y1"": 550, ""rgb"": [179, 179, 179]}, {""label"": ""설정"", ""x0"": 415, ""y0"": 373, ""x1"": 565, ""y1"": 427, ""rgb"": [179, 179, 179]}, {""label"": ""검색"", ""x0"": 654, ""y0"": 431, ""x1"": 804, ""y1"": 485, ""rgb"": [179, 179, 179]}, {""label"": ""저장"", ""x0"": 90, ""y0"": 429, ""x1"": 240, ""y1"": 483, ""rgb"": [179, 179, 179]}, {""label"": ""홈"", ""x0"": 108, ""y0"": 116, ""x1"": 258, ""y1"": 170, ""rgb"": [179, 179, 179]}, {""label"": ""도움말"", ""x0"": 460, ""y0"": 139, ""x1"": 610, ""y1"": 193, ""rgb"": [179, 179, 179]}, {""label"": ""삭제"", ""x0"": 274, ""y0"": 292, ""x1"": 424, ""y1"": 346, ""rgb"": [228, 166, 113]}]"
d5_L05_login_D245_M.png,5,1,D245,decoy,245,로그인,삭제,299,637,305,562,278,712,332,d3_L05_gray_M.png,"[{""label"": ""로그인"", ""x0"": 562, ""y0"": 278, ""x1"": 712, ""y1"": 332, ""rgb"": [179, 179, 179]}, {""label"": ""취소"", ""x0"": 369, ""y0"": 496, ""x1"": 519, ""y1"": 550, ""rgb"": [179, 179, 179]}, {""label"": ""설정"", ""x0"": 415, ""y0"": 373, ""x1"": 565, ""y1"": 427, ""rgb"": [179, 179, 179]}, {""label"": ""검색"", ""x0"": 654, ""y0"": 431, ""x1"": 804, ""y1"": 485, ""rgb"": [179, 179, 179]}, {""label"": ""저장"", ""x0"": 90, ""y0"": 429, ""x1"": 240, ""y1"": 483, ""rgb"": [179, 179, 179]}, {""label"": ""홈"", ""x0"": 108, ""y0"": 116, ""x1"": 258, ""y1"": 170, ""rgb"": [179, 179, 179]}, {""label"": ""도움말"", ""x0"": 460, ""y0"": 139, ""x1"": 610, ""y1"": 193, ""rgb"": [179, 179, 179]}, {""label"": ""삭제"", ""x0"": 274, ""y0"": 292, ""x1"": 424, ""y1"": 346, ""rgb"": [67, 191, 244]}]"
d5_L05_home_T65_N.png,5,0,T65,target,65,홈,로그인,126,697,143,622,116,772,170,d3_L05_gray_N.png,"[{""label"": ""로그인"", ""x0"": 168, ""y0"": 278, ""x1"": 318, ""y1"": 332, ""rgb"": [179, 179, 179]}, {""label"": ""취소"", ""x0"": 361, ""y0"": 496, ""x1"": 511, ""y1"": 550, ""rgb"": [179, 179, 179]}, {""label"": ""설정"", ""x0"": 315, ""y0"": 373, ""x1"": 465, ""y1"": 427, ""rgb"": [179, 179, 179]}, {""label"": ""검색"", ""x0"": 76, ""y0"": 431, ""x1"": 226, ""y1"": 485, ""rgb"": [179, 179, 179]}, {""label"": ""저장"", ""x0"": 640, ""y0"": 429, ""x1"": 790, ""y1"": 483, ""rgb"": [179, 179, 179]}, {""label"": ""홈"", ""x0"": 622, ""y0"": 116, ""x1"": 772, ""y1"": 170, ""rgb"": [228, 166, 113]}, {""label"": ""도움말"", ""x0"": 270, ""y0"": 139, ""x1"": 420, ""y1"": 193, ""rgb"": [179, 179, 179]}, {""label"": ""삭제"", ""x0"": 456, ""y0"": 292, ""x1"": 606, ""y1"": 346, ""rgb"": [179, 179, 179]}]"
d5_L05_home_D65_N.png,5,0,D65,decoy,65,홈,로그인,211,697,143,622,116,772,170,d3_L05_gray_N.png,"[{""label"": ""로그인"", ""x0"": 168, ""y0"": 278, ""x1"": 318, ""y1"": 332, ""rgb"": [228, 166, 113]}, {""label"": ""취소"", ""x0"": 361, ""y0"": 496, ""x1"": 511, ""y1"": 550, ""rgb"": [179, 179, 179]}, {""label"": ""설정"", ""x0"": 315, ""y0"": 373, ""x1"": 465, ""y1"": 427, ""rgb"": [179, 179, 179]}, {""label"": ""검색"", ""x0"": 76, ""y0"": 431, ""x1"": 226, ""y1"": 485, ""rgb"": [179, 179, 179]}, {""label"": ""저장"", ""x0"": 640, ""y0"": 429, ""x1"": 790, ""y1"": 483, ""rgb"": [179, 179, 179]}, {""label"": ""홈"", ""x0"": 622, ""y0"": 116, ""x1"": 772, ""y1"": 170, ""rgb"": [179, 179, 179]}, {""label"": ""도움말"", ""x0"": 270, ""y0"": 139, ""x1"": 420, ""y1"": 193, ""rgb"": [179, 179, 179]}, {""label"": ""삭제"", ""x0"": 456, ""y0"": 292, ""x1"": 606, ""y1"": 346, ""rgb"": [179, 179, 179]}]"
d5_L05_home_T245_N.png,5,0,T245,target,245,홈,로그인,220,697,143,622,116,772,170,d3_L05_gray_N.png,"[{""label"": ""로그인"", ""x0"": 168, ""y0"": 278, ""x1"": 318, ""y1"": 332, ""rgb"": [179, 179, 179]}, {""label"": ""취소"", ""x0"": 361, ""y0"": 496, ""x1"": 511, ""y1"": 550, ""rgb"": [179, 179, 179]}, {""label"": ""설정"", ""x0"": 315, ""y0"": 373, ""x1"": 465, ""y1"": 427, ""rgb"": [179, 179, 179]}, {""label"": ""검색"", ""x0"": 76, ""y0"": 431, ""x1"": 226, ""y1"": 485, ""rgb"": [179, 179, 179]}, {""label"": ""저장"", ""x0"": 640, ""y0"": 429, ""x1"": 790, ""y1"": 483, ""rgb"": [179, 179, 179]}, {""label"": ""홈"", ""x0"": 622, ""y0"": 116, ""x1"": 772, ""y1"": 170, ""rgb"": [67, 191, 244]}, {""label"": ""도움말"", ""x0"": 270, ""y0"": 139, ""x1"": 420, ""y1"": 193, ""rgb"": [179, 179, 179]}, {""label"": ""삭제"", ""x0"": 456, ""y0"": 292, ""x1"": 606, ""y1"": 346, ""rgb"": [179, 179, 179]}]"
d5_L05_home_D245_N.png,5,0,D245,decoy,245,홈,로그인,368,697,143,622,116,772,170,d3_L05_gray_N.png,"[{""label"": ""로그인"", ""x0"": 168, ""y0"": 278, ""x1"": 318, ""y1"": 332, ""rgb"": [67, 191, 244]}, {""label"": ""취소"", ""x0"": 361, ""y0"": 496, ""x1"": 511, ""y1"": 550, ""rgb"": [179, 179, 179]}, {""label"": ""설정"", ""x0"": 315, ""y0"": 373, ""x1"": 465, ""y1"": 427, ""rgb"": [179, 179, 179]}, {""label"": ""검색"", ""x0"": 76, ""y0"": 431, ""x1"": 226, ""y1"": 485, ""rgb"": [179, 179, 179]}, {""label"": ""저장"", ""x0"": 640, ""y0"": 429, ""x1"": 790, ""y1"": 483, ""rgb"": [179, 179, 179]}, {""label"": ""홈"", ""x0"": 622, ""y0"": 116, ""x1"": 772, ""y1"": 170, ""rgb"": [179, 179, 179]}, {""label"": ""도움말"", ""x0"": 270, ""y0"": 139, ""x1"": 420, ""y1"": 193, ""rgb"": [179, 179, 179]}, {""label"": ""삭제"", ""x0"": 456, ""y0"": 292, ""x1"": 606, ""y1"": 346, ""rgb"": [179, 179, 179]}]"
d5_L05_home_T65_M.png,5,1,T65,target,65,홈,로그인,147,183,143,108,116,258,170,d3_L05_gray_M.png,"[{""label"": ""로그인"", ""x0"": 562, ""y0"": 278, ""x1"": 712, ""y1"": 332, ""rgb"": [179, 179, 179]}, {""label"": ""취소"", ""x0"": 369, ""y0"": 496, ""x1"": 519, ""y1"": 550, ""rgb"": [179, 179, 179]}, {""label"": ""설정"", ""x0"": 415, ""y0"": 373, ""x1"": 565, ""y1"": 427, ""rgb"": [179, 179, 179]}, {""label"": ""검색"", ""x0"": 654, ""y0"": 431, ""x1"": 804, ""y1"": 485, ""rgb"": [179, 179, 179]}, {""label"": ""저장"", ""x0"": 90, ""y0"": 429, ""x1"": 240, ""y1"": 483, ""rgb"": [179, 179, 179]}, {""label"": ""홈"", ""x0"": 108, ""y0"": 116, ""x1"": 258, ""y1"": 170, ""rgb"": [228, 166, 113]}, {""label"": ""도움말"", ""x0"": 460, ""y0"": 139, ""x1"": 610, ""y1"": 193, ""rgb"": [179, 179, 179]}, {""label"": ""삭제"", ""x0"": 274, ""y0"": 292, ""x1"": 424, ""y1"": 346, ""rgb"": [179, 179, 179]}]"
d5_L05_home_D65_M.png,5,1,D65,decoy,65,홈,로그인,87,183,143,108,116,258,170,d3_L05_gray_M.png,"[{""label"": ""로그인"", ""x0"": 562, ""y0"": 278, ""x1"": 712, ""y1"": 332, ""rgb"": [228, 166, 113]}, {""label"": ""취소"", ""x0"": 369, ""y0"": 496, ""x1"": 519, ""y1"": 550, ""rgb"": [179, 179, 179]}, {""label"": ""설정"", ""x0"": 415, ""y0"": 373, ""x1"": 565, ""y1"": 427, ""rgb"": [179, 179, 179]}, {""label"": ""검색"", ""x0"": 654, ""y0"": 431, ""x1"": 804, ""y1"": 485, ""rgb"": [179, 179, 179]}, {""label"": ""저장"", ""x0"": 90, ""y0"": 429, ""x1"": 240, ""y1"": 483, ""rgb"": [179, 179, 179]}, {""label"": ""홈"", ""x0"": 108, ""y0"": 116, ""x1"": 258, ""y1"": 170, ""rgb"": [179, 179, 179]}, {""label"": ""도움말"", ""x0"": 460, ""y0"": 139, ""x1"": 610, ""y1"": 193, ""rgb"": [179, 179, 179]}, {""label"": ""삭제"", ""x0"": 274, ""y0"": 292, ""x1"": 424, ""y1"": 346, ""rgb"": [179, 179, 179]}]"
d5_L05_home_T245_M.png,5,1,T245,target,245,홈,로그인,76,183,143,108,116,258,170,d3_L05_gray_M.png,"[{""label"": ""로그인"", ""x0"": 562, ""y0"": 278, ""x1"": 712, ""y1"": 332, ""rgb"": [179, 179, 179]}, {""label"": ""취소"", ""x0"": 369, ""y0"": 496, ""x1"": 519, ""y1"": 550, ""rgb"": [179, 179, 179]}, {""label"": ""설정"", ""x0"": 415, ""y0"": 373, ""x1"": 565, ""y1"": 427, ""rgb"": [179, 179, 179]}, {""label"": ""검색"", ""x0"": 654, ""y0"": 431, ""x1"": 804, ""y1"": 485, ""rgb"": [179, 179, 179]}, {""label"": ""저장"", ""x0"": 90, ""y0"": 429, ""x1"": 240, ""y1"": 483, ""rgb"": [179, 179, 179]}, {""label"": ""홈"", ""x0"": 108, ""y0"": 116, ""x1"": 258, ""y1"": 170, ""rgb"": [67, 191, 244]}, {""label"": ""도움말"", ""x0"": 460, ""y0"": 139, ""x1"": 610, ""y1"": 193, ""rgb"": [179, 179, 179]}, {""label"": ""삭제"", ""x0"": 274, ""y0"": 292, ""x1"": 424, ""y1"": 346, ""rgb"": [179, 179, 179]}]"
d5_L05_home_D245_M.png,5,1,D245,decoy,245,홈,로그인,176,183,143,108,116,258,170,d3_L05_gray_M.png,"[{""label"": ""로그인"", ""x0"": 562, ""y0"": 278, ""x1"": 712, ""y1"": 332, ""rgb"": [67, 191, 244]}, {""label"": ""취소"", ""x0"": 369, ""y0"": 496, ""x1"": 519, ""y1"": 550, ""rgb"": [179, 179, 179]}, {""label"": ""설정"", ""x0"": 415, ""y0"": 373, ""x1"": 565, ""y1"": 427, ""rgb"": [179, 179, 179]}, {""label"": ""검색"", ""x0"": 654, ""y0"": 431, ""x1"": 804, ""y1"": 485, ""rgb"": [179, 179, 179]}, {""label"": ""저장"", ""x0"": 90, ""y0"": 429, ""x1"": 240, ""y1"": 483, ""rgb"": [179, 179, 179]}, {""label"": ""홈"", ""x0"": 108, ""y0"": 116, ""x1"": 258, ""y1"": 170, ""rgb"": [179, 179, 179]}, {""label"": ""도움말"", ""x0"": 460, ""y0"": 139, ""x1"": 610, ""y1"": 193, ""rgb"": [179, 179, 179]}, {""label"": ""삭제"", ""x0"": 274, ""y0"": 292, ""x1"": 424, ""y1"": 346, ""rgb"": [179, 179, 179]}]"
d5_L05_settings_T65_N.png,5,0,T65,target,65,설정,저장,119,390,400,315,373,465,427,d3_L05_gray_N.png,"[{""label"": ""로그인"", ""x0"": 168, ""y0"": 278, ""x1"": 318, ""y1"": 332, ""rgb"": [179, 179, 179]}, {""label"": ""취소"", ""x0"": 361, ""y0"": 496, ""x1"": 511, ""y1"": 550, ""rgb"": [179, 179, 179]}, {""label"": ""설정"", ""x0"": 315, ""y0"": 373, ""x1"": 465, ""y1"": 427, ""rgb"": [228, 166, 113]}, {""label"": ""검색"", ""x0"": 76, ""y0"": 431, ""x1"": 226, ""y1"": 485, ""rgb"": [179, 179, 179]}, {""label"": ""저장"", ""x0"": 640, ""y0"": 429, ""x1"": 790, ""y1"": 483, ""rgb"": [179, 179, 179]}, {""label"": ""홈"", ""x0"": 622, ""y0"": 116, ""x1"": 772, ""y1"": 170, ""rgb"": [179, 179, 179]}, {""label"": ""도움말"", ""x0"": 270, ""y0"": 139, ""x1"": 420, ""y1"": 193, ""rgb"": [179, 179, 179]}, {""label"": ""삭제"", ""x0"": 456, ""y0"": 292, ""x1"": 606, ""y1"": 346, ""rgb"": [179, 179, 179]}]"
d5_L05_settings_D65_N.png,5,0,D65,decoy,65,설정,저장,129,390,400,315,373,465,427,d3_L05_gray_N.png,"[{""label"": ""로그인"", ""x0"": 168, ""y0"": 278, ""x1"": 318, ""y1"": 332, ""rgb"": [179, 179, 179]}, {""label"": ""취소"", ""x0"": 361, ""y0"": 496, ""x1"": 511, ""y1"": 550, ""rgb"": [179, 179, 179]}, {""label"": ""설정"", ""x0"": 315, ""y0"": 373, ""x1"": 465, ""y1"": 427, ""rgb"": [179, 179, 179]}, {""label"": ""검색"", ""x0"": 76, ""y0"": 431, ""x1"": 226, ""y1"": 485, ""rgb"": [179, 179, 179]}, {""label"": ""저장"", ""x0"": 640, ""y0"": 429, ""x1"": 790, ""y1"": 483, ""rgb"": [228, 166, 113]}, {""label"": ""홈"", ""x0"": 622, ""y0"": 116, ""x1"": 772, ""y1"": 170, ""rgb"": [179, 179, 179]}, {""label"": ""도움말"", ""x0"": 270, ""y0"": 139, ""x1"": 420, ""y1"": 193, ""rgb"": [179, 179, 179]}, {""label"": ""삭제"", ""x0"": 456, ""y0"": 292, ""x1"": 606, ""y1"": 346, ""rgb"": [179, 179, 179]}]"
d5_L05_settings_T245_N.png,5,0,T245,target,245,설정,저장,393,390,400,315,373,465,427,d3_L05_gray_N.png,"[{""label"": ""로그인"", ""x0"": 168, ""y0"": 278, ""x1"": 318, ""y1"": 332, ""rgb"": [179, 179, 179]}, {""label"": ""취소"", ""x0"": 361, ""y0"": 496, ""x1"": 511, ""y1"": 550, ""rgb"": [179, 179, 179]}, {""label"": ""설정"", ""x0"": 315, ""y0"": 373, ""x1"": 465, ""y1"": 427, ""rgb"": [67, 191, 244]}, {""label"": ""검색"", ""x0"": 76, ""y0"": 431, ""x1"": 226, ""y1"": 485, ""rgb"": [179, 179, 179]}, {""label"": ""저장"", ""x0"": 640, ""y0"": 429, ""x1"": 790, ""y1"": 483, ""rgb"": [179, 179, 179]}, {""label"": ""홈"", ""x0"": 622, ""y0"": 116, ""x1"": 772, ""y1"": 170, ""rgb"": [179, 179, 179]}, {""label"": ""도움말"", ""x0"": 270, ""y0"": 139, ""x1"": 420, ""y1"": 193, ""rgb"": [179, 179, 179]}, {""label"": ""삭제"", ""x0"": 456, ""y0"": 292, ""x1"": 606, ""y1"": 346, ""rgb"": [179, 179, 179]}]"
d5_L05_settings_D245_N.png,5,0,D245,decoy,245,설정,저장,188,390,400,315,373,465,427,d3_L05_gray_N.png,"[{""label"": ""로그인"", ""x0"": 168, ""y0"": 278, ""x1"": 318, ""y1"": 332, ""rgb"": [179, 179, 179]}, {""label"": ""취소"", ""x0"": 361, ""y0"": 496, ""x1"": 511, ""y1"": 550, ""rgb"": [179, 179, 179]}, {""label"": ""설정"", ""x0"": 315, ""y0"": 373, ""x1"": 465, ""y1"": 427, ""rgb"": [179, 179, 179]}, {""label"": ""검색"", ""x0"": 76, ""y0"": 431, ""x1"": 226, ""y1"": 485, ""rgb"": [179, 179, 179]}, {""label"": ""저장"", ""x0"": 640, ""y0"": 429, ""x1"": 790, ""y1"": 483, ""rgb"": [67, 191, 244]}, {""label"": ""홈"", ""x0"": 622, ""y0"": 116, ""x1"": 772, ""y1"": 170, ""rgb"": [179, 179, 179]}, {""label"": ""도움말"", ""x0"": 270, ""y0"": 139, ""x1"": 420, ""y1"": 193, ""rgb"": [179, 179, 179]}, {""label"": ""삭제"", ""x0"": 456, ""y0"": 292, ""x1"": 606, ""y1"": 346, ""rgb"": [179, 179, 179]}]"
d5_L05_settings_T65_M.png,5,1,T65,target,65,설정,저장,16,490,400,415,373,565,427,d3_L05_gray_M.png,"[{""label"": ""로그인"", ""x0"": 562, ""y0"": 278, ""x1"": 712, ""y1"": 332, ""rgb"": [179, 179, 179]}, {""label"": ""취소"", ""x0"": 369, ""y0"": 496, ""x1"": 519, ""y1"": 550, ""rgb"": [179, 179, 179]}, {""label"": ""설정"", ""x0"": 415, ""y0"": 373, ""x1"": 565, ""y1"": 427, ""rgb"": [228, 166, 113]}, {""label"": ""검색"", ""x0"": 654, ""y0"": 431, ""x1"": 804, ""y1"": 485, ""rgb"": [179, 179, 179]}, {""label"": ""저장"", ""x0"": 90, ""y0"": 429, ""x1"": 240, ""y1"": 483, ""rgb"": [179, 179, 179]}, {""label"": ""홈"", ""x0"": 108, ""y0"": 116, ""x1"": 258, ""y1"": 170, ""rgb"": [179, 179, 179]}, {""label"": ""도움말"", ""x0"": 460, ""y0"": 139, ""x1"": 610, ""y1"": 193, ""rgb"": [179, 179, 179]}, {""label"": ""삭제"", ""x0"": 274, ""y0"": 292, ""x1"": 424, ""y1"": 346, ""rgb"": [179, 179, 179]}]"
d5_L05_settings_D65_M.png,5,1,D65,decoy,65,설정,저장,313,490,400,415,373,565,427,d3_L05_gray_M.png,"[{""label"": ""로그인"", ""x0"": 562, ""y0"": 278, ""x1"": 712, ""y1"": 332, ""rgb"": [179, 179, 179]}, {""label"": ""취소"", ""x0"": 369, ""y0"": 496, ""x1"": 519, ""y1"": 550, ""rgb"": [179, 179, 179]}, {""label"": ""설정"", ""x0"": 415, ""y0"": 373, ""x1"": 565, ""y1"": 427, ""rgb"": [179, 179, 179]}, {""label"": ""검색"", ""x0"": 654, ""y0"": 431, ""x1"": 804, ""y1"": 485, ""rgb"": [179, 179, 179]}, {""label"": ""저장"", ""x0"": 90, ""y0"": 429, ""x1"": 240, ""y1"": 483, ""rgb"": [228, 166, 113]}, {""label"": ""홈"", ""x0"": 108, ""y0"": 116, ""x1"": 258, ""y1"": 170, ""rgb"": [179, 179, 179]}, {""label"": ""도움말"", ""x0"": 460, ""y0"": 139, ""x1"": 610, ""y1"": 193, ""rgb"": [179, 179, 179]}, {""label"": ""삭제"", ""x0"": 274, ""y0"": 292, ""x1"": 424, ""y1"": 346, ""rgb"": [179, 179, 179]}]"
d5_L05_settings_T245_M.png,5,1,T245,target,245,설정,저장,137,490,400,415,373,565,427,d3_L05_gray_M.png,"[{""label"": ""로그인"", ""x0"": 562, ""y0"": 278, ""x1"": 712, ""y1"": 332, ""rgb"": [179, 179, 179]}, {""label"": ""취소"", ""x0"": 369, ""y0"": 496, ""x1"": 519, ""y1"": 550, ""rgb"": [179, 179, 179]}, {""label"": ""설정"", ""x0"": 415, ""y0"": 373, ""x1"": 565, ""y1"": 427, ""rgb"": [67, 191, 244]}, {""label"": ""검색"", ""x0"": 654, ""y0"": 431, ""x1"": 804, ""y1"": 485, ""rgb"": [179, 179, 179]}, {""label"": ""저장"", ""x0"": 90, ""y0"": 429, ""x1"": 240, ""y1"": 483, ""rgb"": [179, 179, 179]}, {""label"": ""홈"", ""x0"": 108, ""y0"": 116, ""x1"": 258, ""y1"": 170, ""rgb"": [179, 179, 179]}, {""label"": ""도움말"", ""x0"": 460, ""y0"": 139, ""x1"": 610, ""y1"": 193, ""rgb"": [179, 179, 179]}, {""label"": ""삭제"", ""x0"": 274, ""y0"": 292, ""x1"": 424, ""y1"": 346, ""rgb"": [179, 179, 179]}]"
d5_L05_settings_D245_M.png,5,1,D245,decoy,245,설정,저장,184,490,400,415,373,565,427,d3_L05_gray_M.png,"[{""label"": ""로그인"", ""x0"": 562, ""y0"": 278, ""x1"": 712, ""y1"": 332, ""rgb"": [179, 179, 179]}, {""label"": ""취소"", ""x0"": 369, ""y0"": 496, ""x1"": 519, ""y1"": 550, ""rgb"": [179, 179, 179]}, {""label"": ""설정"", ""x0"": 415, ""y0"": 373, ""x1"": 565, ""y1"": 427, ""rgb"": [179, 179, 179]}, {""label"": ""검색"", ""x0"": 654, ""y0"": 431, ""x1"": 804, ""y1"": 485, ""rgb"": [179, 179, 179]}, {""label"": ""저장"", ""x0"": 90, ""y0"": 429, ""x1"": 240, ""y1"": 483, ""rgb"": [67, 191, 244]}, {""label"": ""홈"", ""x0"": 108, ""y0"": 116, ""x1"": 258, ""y1"": 170, ""rgb"": [179, 179, 179]}, {""label"": ""도움말"", ""x0"": 460, ""y0"": 139, ""x1"": 610, ""y1"": 193, ""rgb"": [179, 179, 179]}, {""label"": ""삭제"", ""x0"": 274, ""y0"": 292, ""x1"": 424, ""y1"": 346, ""rgb"": [179, 179, 179]}]"
d5_L06_login_D65_N.png,6,0,D65,decoy,65,로그인,홈,27,592,316,517,289,667,343,d3_L06_gray_N.png,"[{""label"": ""로그인"", ""x0"": 517, ""y0"": 289, ""x1"": 667, ""y1"": 343, ""rgb"": [179, 179, 179]}, {""label"": ""취소"", ""x0"": 407, ""y0"": 439, ""x1"": 557, ""y1"": 493, ""rgb"": [179, 179, 179]}, {""label"": ""설정"", ""x0"": 291, ""y0"": 256, ""x1"": 441, ""y1"": 310, ""rgb"": [179, 179, 179]}, {""label"": ""검색"", ""x0"": 552, ""y0"": 192, ""x1"": 702, ""y1"": 246, ""rgb"": [179, 179, 179]}, {""label"": ""저장"", ""x0"": 696, ""y0"": 451, ""x1"": 846, ""y1"": 505, ""rgb"": [179, 179, 179]}, {""label"": ""홈"", ""x0"": 367, ""y0"": 518, ""x1"": 517, ""y1"": 572, ""rgb"": [228, 166, 113]}, {""label"": ""도움말"", ""x0"": 160, ""y0"": 124, ""x1"": 310, ""y1"": 178, ""rgb"": [179, 179, 179]}, {""label"": ""삭제"", ""x0"": 40, ""y0"": 403, ""x1"": 190, ""y1"": 457, ""rgb"": [179, 179, 179]}]"
d5_L06_login_D245_N.png,6,0,D245,decoy,245,로그인,홈,229,592,316,517,289,667,343,d3_L06_gray_N.png,"[{""label"": ""로그인"", ""x0"": 517, ""y0"": 289, ""x1"": 667, ""y1"": 343, ""rgb"": [179, 179, 179]}, {""label"": ""취소"", ""x0"": 407, ""y0"": 439, ""x1"": 557, ""y1"": 493, ""rgb"": [179, 179, 179]}, {""label"": ""설정"", ""x0"": 291, ""y0"": 256, ""x1"": 441, ""y1"": 310, ""rgb"": [179, 179, 179]}, {""label"": ""검색"", ""x0"": 552, ""y0"": 192, ""x1"": 702, ""y1"": 246, ""rgb"": [179, 179, 179]}, {""label"": ""저장"", ""x0"": 696, ""y0"": 451, ""x1"": 846, ""y1"": 505, ""rgb"": [179, 179, 179]}, {""label"": ""홈"", ""x0"": 367, ""y0"": 518, ""x1"": 517, ""y1"": 572, ""rgb"": [67, 191, 244]}, {""label"": ""도움말"", ""x0"": 160, ""y0"": 124, ""x1"": 310, ""y1"": 178, ""rgb"": [179, 179, 179]}, {""label"": ""삭제"", ""x0"": 40, ""y0"": 403, ""x1"": 190, ""y1"": 457, ""rgb"": [179, 179, 179]}]"
d5_L06_login_D65_M.png,6,1,D65,decoy,65,로그인,홈,381,288,316,213,289,363,343,d3_L06_gray_M.png,"[{""label"": ""로그인"", ""x0"": 213, ""y0"": 289, ""x1"": 363, ""y1"": 343, ""rgb"": [179, 179, 179]}, {""label"": ""취소"", ""x0"": 323, ""y0"": 439, ""x1"": 473, ""y1"": 493, ""rgb"": [179, 179, 179]}, {""label"": ""설정"", ""x0"": 439, ""y0"": 256, ""x1"": 589, ""y1"": 310, ""rgb"": [179, 179, 179]}, {""label"": ""검색"", ""x0"": 178, ""y0"": 192, ""x1"": 328, ""y1"": 246, ""rgb"": [179, 179, 179]}, {""label"": ""저장"", ""x0"": 34, ""y0"": 451, ""x1"": 184, ""y1"": 505, ""rgb"": [179, 179, 179]}, {""label"": ""홈"", ""x0"": 363, ""y0"": 518, ""x1"": 513, ""y1"": 572, ""rgb"": [228, 166, 113]}, {""label"": ""도움말"", ""x0"": 570, ""y0"": 124, ""x1"": 720, ""y1"": 178, ""rgb"": [179, 179, 179]}, {""label"": ""삭제"", ""x0"": 690, ""y0"": 403, ""x1"": 840, ""y1"": 457, ""rgb"": [179, 179, 179]}]"
d5_L06_login_D245_M.png,6,1,D245,decoy,245,로그인,홈,158,288,316,213,289,363,343,d3_L06_gray_M.png,"[{""label"": ""로그인"", ""x0"": 213, ""y0"": 289, ""x1"": 363, ""y1"": 343, ""rgb"": [179, 179, 179]}, {""label"": ""취소"", ""x0"": 323, ""y0"": 439, ""x1"": 473, ""y1"": 493, ""rgb"": [179, 179, 179]}, {""label"": ""설정"", ""x0"": 439, ""y0"": 256, ""x1"": 589, ""y1"": 310, ""rgb"": [179, 179, 179]}, {""label"": ""검색"", ""x0"": 178, ""y0"": 192, ""x1"": 328, ""y1"": 246, ""rgb"": [179, 179, 179]}, {""label"": ""저장"", ""x0"": 34, ""y0"": 451, ""x1"": 184, ""y1"": 505, ""rgb"": [179, 179, 179]}, {""label"": ""홈"", ""x0"": 363, ""y0"": 518, ""x1"": 513, ""y1"": 572, ""rgb"": [67, 191, 244]}, {""label"": ""도움말"", ""x0"": 570, ""y0"": 124, ""x1"": 720, ""y1"": 178, ""rgb"": [179, 179, 179]}, {""label"": ""삭제"", ""x0"": 690, ""y0"": 403, ""x1"": 840, ""y1"": 457, ""rgb"": [179, 179, 179]}]"
d5_L06_home_T65_N.png,6,0,T65,target,65,홈,설정,111,442,545,367,518,517,572,d3_L06_gray_N.png,"[{""label"": ""로그인"", ""x0"": 517, ""y0"": 289, ""x1"": 667, ""y1"": 343, ""rgb"": [179, 179, 179]}, {""label"": ""취소"", ""x0"": 407, ""y0"": 439, ""x1"": 557, ""y1"": 493, ""rgb"": [179, 179, 179]}, {""label"": ""설정"", ""x0"": 291, ""y0"": 256, ""x1"": 441, ""y1"": 310, ""rgb"": [179, 179, 179]}, {""label"": ""검색"", ""x0"": 552, ""y0"": 192, ""x1"": 702, ""y1"": 246, ""rgb"": [179, 179, 179]}, {""label"": ""저장"", ""x0"": 696, ""y0"": 451, ""x1"": 846, ""y1"": 505, ""rgb"": [179, 179, 179]}, {""label"": ""홈"", ""x0"": 367, ""y0"": 518, ""x1"": 517, ""y1"": 572, ""rgb"": [228, 166, 113]}, {""label"": ""도움말"", ""x0"": 160, ""y0"": 124, ""x1"": 310, ""y1"": 178, ""rgb"": [179, 179, 179]}, {""label"": ""삭제"", ""x0"": 40, ""y0"": 403, ""x1"": 190, ""y1"": 457, ""rgb"": [179, 179, 179]}]"
d5_L06_home_D65_N.png,6,0,D65,decoy,65,홈,설정,235,442,545,367,518,517,572,d3_L06_gray_N.png,"[{""label"": ""로그인"", ""x0"": 517, ""y0"": 289, ""x1"": 667, ""y1"": 343, ""rgb"": [179, 179, 179]}, {""label"": ""취소"", ""x0"": 407, ""y0"": 439, ""x1"": 557, ""y1"": 493, ""rgb"": [179, 179, 179]}, {""label"": ""설정"", ""x0"": 291, ""y0"": 256, ""x1"": 441, ""y1"": 310, ""rgb"": [228, 166, 113]}, {""label"": ""검색"", ""x0"": 552, ""y0"": 192, ""x1"": 702, ""y1"": 246, ""rgb"": [179, 179, 179]}, {""label"": ""저장"", ""x0"": 696, ""y0"": 451, ""x1"": 846, ""y1"": 505, ""rgb"": [179, 179, 179]}, {""label"": ""홈"", ""x0"": 367, ""y0"": 518, ""x1"": 517, ""y1"": 572, ""rgb"": [179, 179, 179]}, {""label"": ""도움말"", ""x0"": 160, ""y0"": 124, ""x1"": 310, ""y1"": 178, ""rgb"": [179, 179, 179]}, {""label"": ""삭제"", ""x0"": 40, ""y0"": 403, ""x1"": 190, ""y1"": 457, ""rgb"": [179, 179, 179]}]"
d5_L06_home_T245_N.png,6,0,T245,target,245,홈,설정,255,442,545,367,518,517,572,d3_L06_gray_N.png,"[{""label"": ""로그인"", ""x0"": 517, ""y0"": 289, ""x1"": 667, ""y1"": 343, ""rgb"": [179, 179, 179]}, {""label"": ""취소"", ""x0"": 407, ""y0"": 439, ""x1"": 557, ""y1"": 493, ""rgb"": [179, 179, 179]}, {""label"": ""설정"", ""x0"": 291, ""y0"": 256, ""x1"": 441, ""y1"": 310, ""rgb"": [179, 179, 179]}, {""label"": ""검색"", ""x0"": 552, ""y0"": 192, ""x1"": 702, ""y1"": 246, ""rgb"": [179, 179, 179]}, {""label"": ""저장"", ""x0"": 696, ""y0"": 451, ""x1"": 846, ""y1"": 505, ""rgb"": [179, 179, 179]}, {""label"": ""홈"", ""x0"": 367, ""y0"": 518, ""x1"": 517, ""y1"": 572, ""rgb"": [67, 191, 244]}, {""label"": ""도움말"", ""x0"": 160, ""y0"": 124, ""x1"": 310, ""y1"": 178, ""rgb"": [179, 179, 179]}, {""label"": ""삭제"", ""x0"": 40, ""y0"": 403, ""x1"": 190, ""y1"": 457, ""rgb"": [179, 179, 179]}]"
d5_L06_home_D245_N.png,6,0,D245,decoy,245,홈,설정,185,442,545,367,518,517,572,d3_L06_gray_N.png,"[{""label"": ""로그인"", ""x0"": 517, ""y0"": 289, ""x1"": 667, ""y1"": 343, ""rgb"": [179, 179, 179]}, {""label"": ""취소"", ""x0"": 407, ""y0"": 439, ""x1"": 557, ""y1"": 493, ""rgb"": [179, 179, 179]}, {""label"": ""설정"", ""x0"": 291, ""y0"": 256, ""x1"": 441, ""y1"": 310, ""rgb"": [67, 191, 244]}, {""label"": ""검색"", ""x0"": 552, ""y0"": 192, ""x1"": 702, ""y1"": 246, ""rgb"": [179, 179, 179]}, {""label"": ""저장"", ""x0"": 696, ""y0"": 451, ""x1"": 846, ""y1"": 505, ""rgb"": [179, 179, 179]}, {""label"": ""홈"", ""x0"": 367, ""y0"": 518, ""x1"": 517, ""y1"": 572, ""rgb"": [179, 179, 179]}, {""label"": ""도움말"", ""x0"": 160, ""y0"": 124, ""x1"": 310, ""y1"": 178, ""rgb"": [179, 179, 179]}, {""label"": ""삭제"", ""x0"": 40, ""y0"": 403, ""x1"": 190, ""y1"": 457, ""rgb"": [179, 179, 179]}]"
d5_L06_home_T65_M.png,6,1,T65,target,65,홈,설정,366,438,545,363,518,513,572,d3_L06_gray_M.png,"[{""label"": ""로그인"", ""x0"": 213, ""y0"": 289, ""x1"": 363, ""y1"": 343, ""rgb"": [179, 179, 179]}, {""label"": ""취소"", ""x0"": 323, ""y0"": 439, ""x1"": 473, ""y1"": 493, ""rgb"": [179, 179, 179]}, {""label"": ""설정"", ""x0"": 439, ""y0"": 256, ""x1"": 589, ""y1"": 310, ""rgb"": [179, 179, 179]}, {""label"": ""검색"", ""x0"": 178, ""y0"": 192, ""x1"": 328, ""y1"": 246, ""rgb"": [179, 179, 179]}, {""label"": ""저장"", ""x0"": 34, ""y0"": 451, ""x1"": 184, ""y1"": 505, ""rgb"": [179, 179, 179]}, {""label"": ""홈"", ""x0"": 363, ""y0"": 518, ""x1"": 513, ""y1"": 572, ""rgb"": [228, 166, 113]}, {""label"": ""도움말"", ""x0"": 570, ""y0"": 124, ""x1"": 720, ""y1"": 178, ""rgb"": [179, 179, 179]}, {""label"": ""삭제"", ""x0"": 690, ""y0"": 403, ""x1"": 840, ""y1"": 457, ""rgb"": [179, 179, 179]}]"
d5_L06_home_D65_M.png,6,1,D65,decoy,65,홈,설정,223,438,545,363,518,513,572,d3_L06_gray_M.png,"[{""label"": ""로그인"", ""x0"": 213, ""y0"": 289, ""x1"": 363, ""y1"": 343, ""rgb"": [179, 179, 179]}, {""label"": ""취소"", ""x0"": 323, ""y0"": 439, ""x1"": 473, ""y1"": 493, ""rgb"": [179, 179, 179]}, {""label"": ""설정"", ""x0"": 439, ""y0"": 256, ""x1"": 589, ""y1"": 310, ""rgb"": [228, 166, 113]}, {""label"": ""검색"", ""x0"": 178, ""y0"": 192, ""x1"": 328, ""y1"": 246, ""rgb"": [179, 179, 179]}, {""label"": ""저장"", ""x0"": 34, ""y0"": 451, ""x1"": 184, ""y1"": 505, ""rgb"": [179, 179, 179]}, {""label"": ""홈"", ""x0"": 363, ""y0"": 518, ""x1"": 513, ""y1"": 572, ""rgb"": [179, 179, 179]}, {""label"": ""도움말"", ""x0"": 570, ""y0"": 124, ""x1"": 720, ""y1"": 178, ""rgb"": [179, 179, 179]}, {""label"": ""삭제"", ""x0"": 690, ""y0"": 403, ""x1"": 840, ""y1"": 457, ""rgb"": [179, 179, 179]}]"
d5_L06_home_T245_M.png,6,1,T245,target,245,홈,설정,193,438,545,363,518,513,572,d3_L06_gray_M.png,"[{""label"": ""로그인"", ""x0"": 213, ""y0"": 289, ""x1"": 363, ""y1"": 343, ""rgb"": [179, 179, 179]}, {""label"": ""취소"", ""x0"": 323, ""y0"": 439, ""x1"": 473, ""y1"": 493, ""rgb"": [179, 179, 179]}, {""label"": ""설정"", ""x0"": 439, ""y0"": 256, ""x1"": 589, ""y1"": 310, ""rgb"": [179, 179, 179]}, {""label"": ""검색"", ""x0"": 178, ""y0"": 192, ""x1"": 328, ""y1"": 246, ""rgb"": [179, 179, 179]}, {""label"": ""저장"", ""x0"": 34, ""y0"": 451, ""x1"": 184, ""y1"": 505, ""rgb"": [179, 179, 179]}, {""label"": ""홈"", ""x0"": 363, ""y0"": 518, ""x1"": 513, ""y1"": 572, ""rgb"": [67, 191, 244]}, {""label"": ""도움말"", ""x0"": 570, ""y0"": 124, ""x1"": 720, ""y1"": 178, ""rgb"": [179, 179, 179]}, {""label"": ""삭제"", ""x0"": 690, ""y0"": 403, ""x1"": 840, ""y1"": 457, ""rgb"": [179, 179, 179]}]"
d5_L06_home_D245_M.png,6,1,D245,decoy,245,홈,설정,67,438,545,363,518,513,572,d3_L06_gray_M.png,"[{""label"": ""로그인"", ""x0"": 213, ""y0"": 289, ""x1"": 363, ""y1"": 343, ""rgb"": [179, 179, 179]}, {""label"": ""취소"", ""x0"": 323, ""y0"": 439, ""x1"": 473, ""y1"": 493, ""rgb"": [179, 179, 179]}, {""label"": ""설정"", ""x0"": 439, ""y0"": 256, ""x1"": 589, ""y1"": 310, ""rgb"": [67, 191, 244]}, {""label"": ""검색"", ""x0"": 178, ""y0"": 192, ""x1"": 328, ""y1"": 246, ""rgb"": [179, 179, 179]}, {""label"": ""저장"", ""x0"": 34, ""y0"": 451, ""x1"": 184, ""y1"": 505, ""rgb"": [179, 179, 179]}, {""label"": ""홈"", ""x0"": 363, ""y0"": 518, ""x1"": 513, ""y1"": 572, ""rgb"": [179, 179, 179]}, {""label"": ""도움말"", ""x0"": 570, ""y0"": 124, ""x1"": 720, ""y1"": 178, ""rgb"": [179, 179, 179]}, {""label"": ""삭제"", ""x0"": 690, ""y0"": 403, ""x1"": 840, ""y1"": 457, ""rgb"": [179, 179, 179]}]"
d5_L06_settings_T65_N.png,6,0,T65,target,65,설정,로그인,331,366,283,291,256,441,310,d3_L06_gray_N.png,"[{""label"": ""로그인"", ""x0"": 517, ""y0"": 289, ""x1"": 667, ""y1"": 343, ""rgb"": [179, 179, 179]}, {""label"": ""취소"", ""x0"": 407, ""y0"": 439, ""x1"": 557, ""y1"": 493, ""rgb"": [179, 179, 179]}, {""label"": ""설정"", ""x0"": 291, ""y0"": 256, ""x1"": 441, ""y1"": 310, ""rgb"": [228, 166, 113]}, {""label"": ""검색"", ""x0"": 552, ""y0"": 192, ""x1"": 702, ""y1"": 246, ""rgb"": [179, 179, 179]}, {""label"": ""저장"", ""x0"": 696, ""y0"": 451, ""x1"": 846, ""y1"": 505, ""rgb"": [179, 179, 179]}, {""label"": ""홈"", ""x0"": 367, ""y0"": 518, ""x1"": 517, ""y1"": 572, ""rgb"": [179, 179, 179]}, {""label"": ""도움말"", ""x0"": 160, ""y0"": 124, ""x1"": 310, ""y1"": 178, ""rgb"": [179, 179, 179]}, {""label"": ""삭제"", ""x0"": 40, ""y0"": 403, ""x1"": 190, ""y1"": 457, ""rgb"": [179, 179, 179]}]"
d5_L06_settings_D65_N.png,6,0,D65,decoy,65,설정,로그인,288,366,283,291,256,441,310,d3_L06_gray_N.png,"[{""label"": ""로그인"", ""x0"": 517, ""y0"": 289, ""x1"": 667, ""y1"": 343, ""rgb"": [228, 166, 113]}, {""label"": ""취소"", ""x0"": 407, ""y0"": 439, ""x1"": 557, ""y1"": 493, ""rgb"": [179, 179, 179]}, {""label"": ""설정"", ""x0"": 291, ""y0"": 256, ""x1"": 441, ""y1"": 310, ""rgb"": [179, 179, 179]}, {""label"": ""검색"", ""x0"": 552, ""y0"": 192, ""x1"": 702, ""y1"": 246, ""rgb"": [179, 179, 179]}, {""label"": ""저장"", ""x0"": 696, ""y0"": 451, ""x1"": 846, ""y1"": 505, ""rgb"": [179, 179, 179]}, {""label"": ""홈"", ""x0"": 367, ""y0"": 518, ""x1"": 517, ""y1"": 572, ""rgb"": [179, 179, 179]}, {""label"": ""도움말"", ""x0"": 160, ""y0"": 124, ""x1"": 310, ""y1"": 178, ""rgb"": [179, 179, 179]}, {""label"": ""삭제"", ""x0"": 40, ""y0"": 403, ""x1"": 190, ""y1"": 457, ""rgb"": [179, 179, 179]}]"
d5_L06_settings_T245_N.png,6,0,T245,target,245,설정,로그인,101,366,283,291,256,441,310,d3_L06_gray_N.png,"[{""label"": ""로그인"", ""x0"": 517, ""y0"": 289, ""x1"": 667, ""y1"": 343, ""rgb"": [179, 179, 179]}, {""label"": ""취소"", ""x0"": 407, ""y0"": 439, ""x1"": 557, ""y1"": 493, ""rgb"": [179, 179, 179]}, {""label"": ""설정"", ""x0"": 291, ""y0"": 256, ""x1"": 441, ""y1"": 310, ""rgb"": [67, 191, 244]}, {""label"": ""검색"", ""x0"": 552, ""y0"": 192, ""x1"": 702, ""y1"": 246, ""rgb"": [179, 179, 179]}, {""label"": ""저장"", ""x0"": 696, ""y0"": 451, ""x1"": 846, ""y1"": 505, ""rgb"": [179, 179, 179]}, {""label"": ""홈"", ""x0"": 367, ""y0"": 518, ""x1"": 517, ""y1"": 572, ""rgb"": [179, 179, 179]}, {""label"": ""도움말"", ""x0"": 160, ""y0"": 124, ""x1"": 310, ""y1"": 178, ""rgb"": [179, 179, 179]}, {""label"": ""삭제"", ""x0"": 40, ""y0"": 403, ""x1"": 190, ""y1"": 457, ""rgb"": [179, 179, 179]}]"
d5_L06_settings_D245_N.png,6,0,D245,decoy,245,설정,로그인,155,366,283,291,256,441,310,d3_L06_gray_N.png,"[{""label"": ""로그인"", ""x0"": 517, ""y0"": 289, ""x1"": 667, ""y1"": 343, ""rgb"": [67, 191, 244]}, {""label"": ""취소"", ""x0"": 407, ""y0"": 439, ""x1"": 557, ""y1"": 493, ""rgb"": [179, 179, 179]}, {""label"": ""설정"", ""x0"": 291, ""y0"": 256, ""x1"": 441, ""y1"": 310, ""rgb"": [179, 179, 179]}, {""label"": ""검색"", ""x0"": 552, ""y0"": 192, ""x1"": 702, ""y1"": 246, ""rgb"": [179, 179, 179]}, {""label"": ""저장"", ""x0"": 696, ""y0"": 451, ""x1"": 846, ""y1"": 505, ""rgb"": [179, 179, 179]}, {""label"": ""홈"", ""x0"": 367, ""y0"": 518, ""x1"": 517, ""y1"": 572, ""rgb"": [179, 179, 179]}, {""label"": ""도움말"", ""x0"": 160, ""y0"": 124, ""x1"": 310, ""y1"": 178, ""rgb"": [179, 179, 179]}, {""label"": ""삭제"", ""x0"": 40, ""y0"": 403, ""x1"": 190, ""y1"": 457, ""rgb"": [179, 179, 179]}]"
d5_L06_settings_T65_M.png,6,1,T65,target,65,설정,로그인,269,514,283,439,256,589,310,d3_L06_gray_M.png,"[{""label"": ""로그인"", ""x0"": 213, ""y0"": 289, ""x1"": 363, ""y1"": 343, ""rgb"": [179, 179, 179]}, {""label"": ""취소"", ""x0"": 323, ""y0"": 439, ""x1"": 473, ""y1"": 493, ""rgb"": [179, 179, 179]}, {""label"": ""설정"", ""x0"": 439, ""y0"": 256, ""x1"": 589, ""y1"": 310, ""rgb"": [228, 166, 113]}, {""label"": ""검색"", ""x0"": 178, ""y0"": 192, ""x1"": 328, ""y1"": 246, ""rgb"": [179, 179, 179]}, {""label"": ""저장"", ""x0"": 34, ""y0"": 451, ""x1"": 184, ""y1"": 505, ""rgb"": [179, 179, 179]}, {""label"": ""홈"", ""x0"": 363, ""y0"": 518, ""x1"": 513, ""y1"": 572, ""rgb"": [179, 179, 179]}, {""label"": ""도움말"", ""x0"": 570, ""y0"": 124, ""x1"": 720, ""y1"": 178, ""rgb"": [179, 179, 179]}, {""label"": ""삭제"", ""x0"": 690, ""y0"": 403, ""x1"": 840, ""y1"": 457, ""rgb"": [179, 179, 179]}]"
d5_L06_settings_D65_M.png,6,1,D65,decoy,65,설정,로그인,297,514,283,439,256,589,310,d3_L06_gray_M.png,"[{""label"": ""로그인"", ""x0"": 213, ""y0"": 289, ""x1"": 363, ""y1"": 343, ""rgb"": [228, 166, 113]}, {""label"": ""취소"", ""x0"": 323, ""y0"": 439, ""x1"": 473, ""y1"": 493, ""rgb"": [179, 179, 179]}, {""label"": ""설정"", ""x0"": 439, ""y0"": 256, ""x1"": 589, ""y1"": 310, ""rgb"": [179, 179, 179]}, {""label"": ""검색"", ""x0"": 178, ""y0"": 192, ""x1"": 328, ""y1"": 246, ""rgb"": [179, 179, 179]}, {""label"": ""저장"", ""x0"": 34, ""y0"": 451, ""x1"": 184, ""y1"": 505, ""rgb"": [179, 179, 179]}, {""label"": ""홈"", ""x0"": 363, ""y0"": 518, ""x1"": 513, ""y1"": 572, ""rgb"": [179, 179, 179]}, {""label"": ""도움말"", ""x0"": 570, ""y0"": 124, ""x1"": 720, ""y1"": 178, ""rgb"": [179, 179, 179]}, {""label"": ""삭제"", ""x0"": 690, ""y0"": 403, ""x1"": 840, ""y1"": 457, ""rgb"": [179, 179, 179]}]"
d5_L06_settings_T245_M.png,6,1,T245,target,245,설정,로그인,6,514,283,439,256,589,310,d3_L06_gray_M.png,"[{""label"": ""로그인"", ""x0"": 213, ""y0"": 289, ""x1"": 363, ""y1"": 343, ""rgb"": [179, 179, 179]}, {""label"": ""취소"", ""x0"": 323, ""y0"": 439, ""x1"": 473, ""y1"": 493, ""rgb"": [179, 179, 179]}, {""label"": ""설정"", ""x0"": 439, ""y0"": 256, ""x1"": 589, ""y1"": 310, ""rgb"": [67, 191, 244]}, {""label"": ""검색"", ""x0"": 178, ""y0"": 192, ""x1"": 328, ""y1"": 246, ""rgb"": [179, 179, 179]}, {""label"": ""저장"", ""x0"": 34, ""y0"": 451, ""x1"": 184, ""y1"": 505, ""rgb"": [179, 179, 179]}, {""label"": ""홈"", ""x0"": 363, ""y0"": 518, ""x1"": 513, ""y1"": 572, ""rgb"": [179, 179, 179]}, {""label"": ""도움말"", ""x0"": 570, ""y0"": 124, ""x1"": 720, ""y1"": 178, ""rgb"": [179, 179, 179]}, {""label"": ""삭제"", ""x0"": 690, ""y0"": 403, ""x1"": 840, ""y1"": 457, ""rgb"": [179, 179, 179]}]"
d5_L06_settings_D245_M.png,6,1,D245,decoy,245,설정,로그인,250,514,283,439,256,589,310,d3_L06_gray_M.png,"[{""label"": ""로그인"", ""x0"": 213, ""y0"": 289, ""x1"": 363, ""y1"": 343, ""rgb"": [67, 191, 244]}, {""label"": ""취소"", ""x0"": 323, ""y0"": 439, ""x1"": 473, ""y1"": 493, ""rgb"": [179, 179, 179]}, {""label"": ""설정"", ""x0"": 439, ""y0"": 256, ""x1"": 589, ""y1"": 310, ""rgb"": [179, 179, 179]}, {""label"": ""검색"", ""x0"": 178, ""y0"": 192, ""x1"": 328, ""y1"": 246, ""rgb"": [179, 179, 179]}, {""label"": ""저장"", ""x0"": 34, ""y0"": 451, ""x1"": 184, ""y1"": 505, ""rgb"": [179, 179, 179]}, {""label"": ""홈"", ""x0"": 363, ""y0"": 518, ""x1"": 513, ""y1"": 572, ""rgb"": [179, 179, 179]}, {""label"": ""도움말"", ""x0"": 570, ""y0"": 124, ""x1"": 720, ""y1"": 178, ""rgb"": [179, 179, 179]}, {""label"": ""삭제"", ""x0"": 690, ""y0"": 403, ""x1"": 840, ""y1"": 457, ""rgb"": [179, 179, 179]}]"
d5_L07_login_D65_N.png,7,0,D65,decoy,65,로그인,취소,169,583,188,508,161,658,215,d3_L07_gray_N.png,"[{""label"": ""로그인"", ""x0"": 508, ""y0"": 161, ""x1"": 658, ""y1"": 215, ""rgb"": [179, 179, 179]}, {""label"": ""취소"", ""x0"": 511, ""y0"": 263, ""x1"": 661, ""y1"": 317, ""rgb"": [228, 166, 113]}, {""label"": ""설정"", ""x0"": 477, ""y0"": 383, ""x1"": 627, ""y1"": 437, ""rgb"": [179, 179, 179]}, {""label"": ""검색"", ""x0"": 140, ""y0"": 465, ""x1"": 290, ""y1"": 519, ""rgb"": [179, 179, 179]}, {""label"": ""저장"", ""x0"": 179, ""y0"": 37, ""x1"": 329, ""y1"": 91, ""rgb"": [179, 179, 179]}, {""label"": ""홈"", ""x0"": 156, ""y0"": 210, ""x1"": 306, ""y1"": 264, ""rgb"": [179, 179, 179]}, {""label"": ""도움말"", ""x0"": 705, ""y0"": 433, ""x1"": 855, ""y1"": 487, ""rgb"": [179, 179, 179]}, {""label"": ""삭제"", ""x0"": 686, ""y0"": 512, ""x1"": 836, ""y1"": 566, ""rgb"": [179, 179, 179]}]"
d5_L07_login_D245_N.png,7,0,D245,decoy,245,로그인,취소,21,583,188,508,161,658,215,d3_L07_gray_N.png,"[{""label"": ""로그인"", ""x0"": 508, ""y0"": 161, ""x1"": 658, ""y1"": 215, ""rgb"": [179, 179, 179]}, {""label"": ""취소"", ""x0"": 511, ""y0"": 263, ""x1"": 661, ""y1"": 317, ""rgb"": [67, 191, 244]}, {""label"": ""설정"", ""x0"": 477, ""y0"": 383, ""x1"": 627, ""y1"": 437, ""rgb"": [179, 179, 179]}, {""label"": ""검색"", ""x0"": 140, ""y0"": 465, ""x1"": 290, ""y1"": 519, ""rgb"": [179, 179, 179]}, {""label"": ""저장"", ""x0"": 179, ""y0"": 37, ""x1"": 329, ""y1"": 91, ""rgb"": [179, 179, 179]}, {""label"": ""홈"", ""x0"": 156, ""y0"": 210, ""x1"": 306, ""y1"": 264, ""rgb"": [179, 179, 179]}, {""label"": ""도움말"", ""x0"": 705, ""y0"": 433, ""x1"": 855, ""y1"": 487, ""rgb"": [179, 179, 179]}, {""label"": ""삭제"", ""x0"": 686, ""y0"": 512, ""x1"": 836, ""y1"": 566, ""rgb"": [179, 179, 179]}]"
d5_L07_login_D65_M.png,7,1,D65,decoy,65,로그인,취소,50,297,188,222,161,372,215,d3_L07_gray_M.png,"[{""label"": ""로그인"", ""x0"": 222, ""y0"": 161, ""x1"": 372, ""y1"": 215, ""rgb"": [179, 179, 179]}, {""label"": ""취소"", ""x0"": 219, ""y0"": 263, ""x1"": 369, ""y1"": 317, ""rgb"": [228, 166, 113]}, {""label"": ""설정"", ""x0"": 253, ""y0"": 383, ""x1"": 403, ""y1"": 437, ""rgb"": [179, 179, 179]}, {""label"": ""검색"", ""x0"": 590, ""y0"": 465, ""x1"": 740, ""y1"": 519, ""rgb"": [179, 179, 179]}, {""label"": ""저장"", ""x0"": 551, ""y0"": 37, ""x1"": 701, ""y1"": 91, ""rgb"": [179, 179, 179]}, {""label"": ""홈"", ""x0"": 574, ""y0"": 210, ""x1"": 724, ""y1"": 264, ""rgb"": [179, 179, 179]}, {""label"": ""도움말"", ""x0"": 25, ""y0"": 433, ""x1"": 175, ""y1"": 487, ""rgb"": [179, 179, 179]}, {""label"": ""삭제"", ""x0"": 44, ""y0"": 512, ""x1"": 194, ""y1"": 566, ""rgb"": [179, 179, 179]}]"
d5_L07_login_D245_M.png,7,1,D245,decoy,245,로그인,취소,4,297,188,222,161,372,215,d3_L07_gray_M.png,"[{""label"": ""로그인"", ""x0"": 222, ""y0"": 161, ""x1"": 372, ""y1"": 215, ""rgb"": [179, 179, 179]}, {""label"": ""취소"", ""x0"": 219, ""y0"": 263, ""x1"": 369, ""y1"": 317, ""rgb"": [67, 191, 244]}, {""label"": ""설정"", ""x0"": 253, ""y0"": 383, ""x1"": 403, ""y1"": 437, ""rgb"": [179, 179, 179]}, {""label"": ""검색"", ""x0"": 590, ""y0"": 465, ""x1"": 740, ""y1"": 519, ""rgb"": [179, 179, 179]}, {""label"": ""저장"", ""x0"": 551, ""y0"": 37, ""x1"": 701, ""y1"": 91, ""rgb"": [179, 179, 179]}, {""label"": ""홈"", ""x0"": 574, ""y0"": 210, ""x1"": 724, ""y1"": 264, ""rgb"": [179, 179, 179]}, {""label"": ""도움말"", ""x0"": 25, ""y0"": 433, ""x1"": 175, ""y1"": 487, ""rgb"": [179, 179, 179]}, {""label"": ""삭제"", ""x0"": 44, ""y0"": 512, ""x1"": 194, ""y1"": 566, ""rgb"": [179, 179, 179]}]"
d5_L07_home_T65_N.png,7,0,T65,target,65,홈,검색,105,231,237,156,210,306,264,d3_L07_gray_N.png,"[{""label"": ""로그인"", ""x0"": 508, ""y0"": 161, ""x1"": 658, ""y1"": 215, ""rgb"": [179, 179, 179]}, {""label"": ""취소"", ""x0"": 511, ""y0"": 263, ""x1"": 661, ""y1"": 317, ""rgb"": [179, 179, 179]}, {""label"": ""설정"", ""x0"": 477, ""y0"": 383, ""x1"": 627, ""y1"": 437, ""rgb"": [179, 179, 179]}, {""label"": ""검색"", ""x0"": 140, ""y0"": 465, ""x1"": 290, ""y1"": 519, ""rgb"": [179, 179, 179]}, {""label"": ""저장"", ""x0"": 179, ""y0"": 37, ""x1"": 329, ""y1"": 91, ""rgb"": [179, 179, 179]}, {""label"": ""홈"", ""x0"": 156, ""y0"": 210, ""x1"": 306, ""y1"": 264, ""rgb"": [228, 166, 113]}, {""label"": ""도움말"", ""x0"": 705, ""y0"": 433, ""x1"": 855, ""y1"": 487, ""rgb"": [179, 179, 179]}, {""label"": ""삭제"", ""x0"": 686, ""y0"": 512, ""x1"": 836, ""y1"": 566, ""rgb"": [179, 179, 179]}]"
d5_L07_home_D65_N.png,7,0,D65,decoy,65,홈,검색,135,231,237,156,210,306,264,d3_L07_gray_N.png,"[{""label"": ""로그인"", ""x0"": 508, ""y0"": 161, ""x1"": 658, ""y1"": 215, ""rgb"": [179, 179, 179]}, {""label"": ""취소"", ""x0"": 511, ""y0"": 263, ""x1"": 661, ""y1"": 317, ""rgb"": [179, 179, 179]}, {""label"": ""설정"", ""x0"": 477, ""y0"": 383, ""x1"": 627, ""y1"": 437, ""rgb"": [179, 179, 179]}, {""label"": ""검색"", ""x0"": 140, ""y0"": 465, ""x1"": 290, ""y1"": 519, ""rgb"": [228, 166, 113]}, {""label"": ""저장"", ""x0"": 179, ""y0"": 37, ""x1"": 329, ""y1"": 91, ""rgb"": [179, 179, 179]}, {""label"": ""홈"", ""x0"": 156, ""y0"": 210, ""x1"": 306, ""y1"": 264, ""rgb"": [179, 179, 179]}, {""label"": ""도움말"", ""x0"": 705, ""y0"": 433, ""x1"": 855, ""y1"": 487, ""rgb"": [179, 179, 179]}, {""label"": ""삭제"", ""x0"": 686, ""y0"": 512, ""x1"": 836, ""y1"": 566, ""rgb"": [179, 179, 179]}]"
d5_L07_home_T245_N.png,7,0,T245,target,245,홈,검색,183,231,237,156,210,306,264,d3_L07_gray_N.png,"[{""label"": ""로그인"", ""x0"": 508, ""y0"": 161, ""x1"": 658, ""y1"": 215, ""rgb"": [179, 179, 179]}, {""label"": ""취소"", ""x0"": 511, ""y0"": 263, ""x1"": 661, ""y1"": 317, ""rgb"": [179, 179, 179]}, {""label"": ""설정"", ""x0"": 477, ""y0"": 383, ""x1"": 627, ""y1"": 437, ""rgb"": [179, 179, 179]}, {""label"": ""검색"", ""x0"": 140, ""y0"": 465, ""x1"": 290, ""y1"": 519, ""rgb"": [179, 179, 179]}, {""label"": ""저장"", ""x0"": 179, ""y0"": 37, ""x1"": 329, ""y1"": 91, ""rgb"": [179, 179, 179]}, {""label"": ""홈"", ""x0"": 156, ""y0"": 210, ""x1"": 306, ""y1"": 264, ""rgb"": [67, 191, 244]}, {""label"": ""도움말"", ""x0"": 705, ""y0"": 433, ""x1"": 855, ""y1"": 487, ""rgb"": [179, 179, 179]}, {""label"": ""삭제"", ""x0"": 686, ""y0"": 512, ""x1"": 836, ""y1"": 566, ""rgb"": [179, 179, 179]}]"
d5_L07_home_D245_N.png,7,0,D245,decoy,245,홈,검색,376,231,237,156,210,306,264,d3_L07_gray_N.png,"[{""label"": ""로그인"", ""x0"": 508, ""y0"": 161, ""x1"": 658, ""y1"": 215, ""rgb"": [179, 179, 179]}, {""label"": ""취소"", ""x0"": 511, ""y0"": 263, ""x1"": 661, ""y1"": 317, ""rgb"": [179, 179, 179]}, {""label"": ""설정"", ""x0"": 477, ""y0"": 383, ""x1"": 627, ""y1"": 437, ""rgb"": [179, 179, 179]}, {""label"": ""검색"", ""x0"": 140, ""y0"": 465, ""x1"": 290, ""y1"": 519, ""rgb"": [67, 191, 244]}, {""label"": ""저장"", ""x0"": 179, ""y0"": 37, ""x1"": 329, ""y1"": 91, ""rgb"": [179, 179, 179]}, {""label"": ""홈"", ""x0"": 156, ""y0"": 210, ""x1"": 306, ""y1"": 264, ""rgb"": [179, 179, 179]}, {""label"": ""도움말"", ""x0"": 705, ""y0"": 433, ""x1"": 855, ""y1"": 487, ""rgb"": [179, 179, 179]}, {""label"": ""삭제"", ""x0"": 686, ""y0"": 512, ""x1"": 836, ""y1"": 566, ""rgb"": [179, 179, 179]}]"
d5_L07_home_T65_M.png,7,1,T65,target,65,홈,검색,281,649,237,574,210,724,264,d3_L07_gray_M.png,"[{""label"": ""로그인"", ""x0"": 222, ""y0"": 161, ""x1"": 372, ""y1"": 215, ""rgb"": [179, 179, 179]}, {""label"": ""취소"", ""x0"": 219, ""y0"": 263, ""x1"": 369, ""y1"": 317, ""rgb"": [179, 179, 179]}, {""label"": ""설정"", ""x0"": 253, ""y0"": 383, ""x1"": 403, ""y1"": 437, ""rgb"": [179, 179, 179]}, {""label"": ""검색"", ""x0"": 590, ""y0"": 465, ""x1"": 740, ""y1"": 519, ""rgb"": [179, 179, 179]}, {""label"": ""저장"", ""x0"": 551, ""y0"": 37, ""x1"": 701, ""y1"": 91, ""rgb"": [179, 179, 179]}, {""label"": ""홈"", ""x0"": 574, ""y0"": 210, ""x1"": 724, ""y1"": 264, ""rgb"": [228, 166, 113]}, {""label"": ""도움말"", ""x0"": 25, ""y0"": 433, ""x1"": 175, ""y1"": 487, ""rgb"": [179, 179, 179]}, {""label"": ""삭제"", ""x0"": 44, ""y0"": 512, ""x1"": 194, ""y1"": 566, ""rgb"": [179, 179, 179]}]"
d5_L07_home_D65_M.png,7,1,D65,decoy,65,홈,검색,355,649,237,574,210,724,264,d3_L07_gray_M.png,"[{""label"": ""로그인"", ""x0"": 222, ""y0"": 161, ""x1"": 372, ""y1"": 215, ""rgb"": [179, 179, 179]}, {""label"": ""취소"", ""x0"": 219, ""y0"": 263, ""x1"": 369, ""y1"": 317, ""rgb"": [179, 179, 179]}, {""label"": ""설정"", ""x0"": 253, ""y0"": 383, ""x1"": 403, ""y1"": 437, ""rgb"": [179, 179, 179]}, {""label"": ""검색"", ""x0"": 590, ""y0"": 465, ""x1"": 740, ""y1"": 519, ""rgb"": [228, 166, 113]}, {""label"": ""저장"", ""x0"": 551, ""y0"": 37, ""x1"": 701, ""y1"": 91, ""rgb"": [179, 179, 179]}, {""label"": ""홈"", ""x0"": 574, ""y0"": 210, ""x1"": 724, ""y1"": 264, ""rgb"": [179, 179, 179]}, {""label"": ""도움말"", ""x0"": 25, ""y0"": 433, ""x1"": 175, ""y1"": 487, ""rgb"": [179, 179, 179]}, {""label"": ""삭제"", ""x0"": 44, ""y0"": 512, ""x1"": 194, ""y1"": 566, ""rgb"": [179, 179, 179]}]"
d5_L07_home_T245_M.png,7,1,T245,target,245,홈,검색,298,649,237,574,210,724,264,d3_L07_gray_M.png,"[{""label"": ""로그인"", ""x0"": 222, ""y0"": 161, ""x1"": 372, ""y1"": 215, ""rgb"": [179, 179, 179]}, {""label"": ""취소"", ""x0"": 219, ""y0"": 263, ""x1"": 369, ""y1"": 317, ""rgb"": [179, 179, 179]}, {""label"": ""설정"", ""x0"": 253, ""y0"": 383, ""x1"": 403, ""y1"": 437, ""rgb"": [179, 179, 179]}, {""label"": ""검색"", ""x0"": 590, ""y0"": 465, ""x1"": 740, ""y1"": 519, ""rgb"": [179, 179, 179]}, {""label"": ""저장"", ""x0"": 551, ""y0"": 37, ""x1"": 701, ""y1"": 91, ""rgb"": [179, 179, 179]}, {""label"": ""홈"", ""x0"": 574, ""y0"": 210, ""x1"": 724, ""y1"": 264, ""rgb"": [67, 191, 244]}, {""label"": ""도움말"", ""x0"": 25, ""y0"": 433, ""x1"": 175, ""y1"": 487, ""rgb"": [179, 179, 179]}, {""label"": ""삭제"", ""x0"": 44, ""y0"": 512, ""x1"": 194, ""y1"": 566, ""rgb"": [179, 179, 179]}]"
d5_L07_home_D245_M.png,7,1,D245,decoy,245,홈,검색,179,649,237,574,210,724,264,d3_L07_gray_M.png,"[{""label"": ""로그인"", ""x0"": 222, ""y0"": 161, ""x1"": 372, ""y1"": 215, ""rgb"": [179, 179, 179]}, {""label"": ""취소"", ""x0"": 219, ""y0"": 263, ""x1"": 369, ""y1"": 317, ""rgb"": [179, 179, 179]}, {""label"": ""설정"", ""x0"": 253, ""y0"": 383, ""x1"": 403, ""y1"": 437, ""rgb"": [179, 179, 179]}, {""label"": ""검색"", ""x0"": 590, ""y0"": 465, ""x1"": 740, ""y1"": 519, ""rgb"": [67, 191, 244]}, {""label"": ""저장"", ""x0"": 551, ""y0"": 37, ""x1"": 701, ""y1"": 91, ""rgb"": [179, 179, 179]}, {""label"": ""홈"", ""x0"": 574, ""y0"": 210, ""x1"": 724, ""y1"": 264, ""rgb"": [179, 179, 179]}, {""label"": ""도움말"", ""x0"": 25, ""y0"": 433, ""x1"": 175, ""y1"": 487, ""rgb"": [179, 179, 179]}, {""label"": ""삭제"", ""x0"": 44, ""y0"": 512, ""x1"": 194, ""y1"": 566, ""rgb"": [179, 179, 179]}]"
d5_L07_settings_T65_N.png,7,0,T65,target,65,설정,삭제,95,552,410,477,383,627,437,d3_L07_gray_N.png,"[{""label"": ""로그인"", ""x0"": 508, ""y0"": 161, ""x1"": 658, ""y1"": 215, ""rgb"": [179, 179, 179]}, {""label"": ""취소"", ""x0"": 511, ""y0"": 263, ""x1"": 661, ""y1"": 317, ""rgb"": [179, 179, 179]}, {""label"": ""설정"", ""x0"": 477, ""y0"": 383, ""x1"": 627, ""y1"": 437, ""rgb"": [228, 166, 113]}, {""label"": ""검색"", ""x0"": 140, ""y0"": 465, ""x1"": 290, ""y1"": 519, ""rgb"": [179, 179, 179]}, {""label"": ""저장"", ""x0"": 179, ""y0"": 37, ""x1"": 329, ""y1"": 91, ""rgb"": [179, 179, 179]}, {""label"": ""홈"", ""x0"": 156, ""y0"": 210, ""x1"": 306, ""y1"": 264, ""rgb"": [179, 179, 179]}, {""label"": ""도움말"", ""x0"": 705, ""y0"": 433, ""x1"": 855, ""y1"": 487, ""rgb"": [179, 179, 179]}, {""label"": ""삭제"", ""x0"": 686, ""y0"": 512, ""x1"": 836, ""y1"": 566, ""rgb"": [179, 179, 179]}]"
d5_L07_settings_D65_N.png,7,0,D65,decoy,65,설정,삭제,226,552,410,477,383,627,437,d3_L07_gray_N.png,"[{""label"": ""로그인"", ""x0"": 508, ""y0"": 161, ""x1"": 658, ""y1"": 215, ""rgb"": [179, 179, 179]}, {""label"": ""취소"", ""x0"": 511, ""y0"": 263, ""x1"": 661, ""y1"": 317, ""rgb"": [179, 179, 179]}, {""label"": ""설정"", ""x0"": 477, ""y0"": 383, ""x1"": 627, ""y1"": 437, ""rgb"": [179, 179, 179]}, {""label"": ""검색"", ""x0"": 140, ""y0"": 465, ""x1"": 290, ""y1"": 519, ""rgb"": [179, 179, 179]}, {""label"": ""저장"", ""x0"": 179, ""y0"": 37, ""x1"": 329, ""y1"": 91, ""rgb"": [179, 179, 179]}, {""label"": ""홈"", ""x0"": 156, ""y0"": 210, ""x1"": 306, ""y1"": 264, ""rgb"": [179, 179, 179]}, {""label"": ""도움말"", ""x0"": 705, ""y0"": 433, ""x1"": 855, ""y1"": 487, ""rgb"": [179, 179, 179]}, {""label"": ""삭제"", ""x0"": 686, ""y0"": 512, ""x1"": 836, ""y1"": 566, ""rgb"": [228, 166, 113]}]"
d5_L07_settings_T245_N.png,7,0,T245,target,245,설정,삭제,81,552,410,477,383,627,437,d3_L07_gray_N.png,"[{""label"": ""로그인"", ""x0"": 508, ""y0"": 161, ""x1"": 658, ""y1"": 215, ""rgb"": [179, 179, 179]}, {""label"": ""취소"", ""x0"": 511, ""y0"": 263, ""x1"": 661, ""y1"": 317, ""rgb"": [179, 179, 179]}, {""label"": ""설정"", ""x0"": 477, ""y0"": 383, ""x1"": 627, ""y1"": 437, ""rgb"": [67, 191, 244]}, {""label"": ""검색"", ""x0"": 140, ""y0"": 465, ""x1"": 290, ""y1"": 519, ""rgb"": [179, 179, 179]}, {""label"": ""저장"", ""x0"": 179, ""y0"": 37, ""x1"": 329, ""y1"": 91, ""rgb"": [179, 179, 179]}, {""label"": ""홈"", ""x0"": 156, ""y0"": 210, ""x1"": 306, ""y1"": 264, ""rgb"": [179, 179, 179]}, {""label"": ""도움말"", ""x0"": 705, ""y0"": 433, ""x1"": 855, ""y1"": 487, ""rgb"": [179, 179, 179]}, {""label"": ""삭제"", ""x0"": 686, ""y0"": 512, ""x1"": 836, ""y1"": 566, ""rgb"": [179, 179, 179]}]"
d5_L07_settings_D245_N.png,7,0,D245,decoy,245,설정,삭제,112,552,410,477,383,627,437,d3_L07_gray_N.png,"[{""label"": ""로그인"", ""x0"": 508, ""y0"": 161, ""x1"": 658, ""y1"": 215, ""rgb"": [179, 179, 179]}, {""label"": ""취소"", ""x0"": 511, ""y0"": 263, ""x1"": 661, ""y1"": 317, ""rgb"": [179, 179, 179]}, {""label"": ""설정"", ""x0"": 477, ""y0"": 383, ""x1"": 627, ""y1"": 437, ""rgb"": [179, 179, 179]}, {""label"": ""검색"", ""x0"": 140, ""y0"": 465, ""x1"": 290, ""y1"": 519, ""rgb"": [179, 179, 179]}, {""label"": ""저장"", ""x0"": 179, ""y0"": 37, ""x1"": 329, ""y1"": 91, ""rgb"": [179, 179, 179]}, {""label"": ""홈"", ""x0"": 156, ""y0"": 210, ""x1"": 306, ""y1"": 264, ""rgb"": [179, 179, 179]}, {""label"": ""도움말"", ""x0"": 705, ""y0"": 433, ""x1"": 855, ""y1"": 487, ""rgb"": [179, 179, 179]}, {""label"": ""삭제"", ""x0"": 686, ""y0"": 512, ""x1"": 836, ""y1"": 566, ""rgb"": [67, 191, 244]}]"
d5_L07_settings_T65_M.png,7,1,T65,target,65,설정,삭제,83,328,410,253,383,403,437,d3_L07_gray_M.png,"[{""label"": ""로그인"", ""x0"": 222, ""y0"": 161, ""x1"": 372, ""y1"": 215, ""rgb"": [179, 179, 179]}, {""label"": ""취소"", ""x0"": 219, ""y0"": 263, ""x1"": 369, ""y1"": 317, ""rgb"": [179, 179, 179]}, {""label"": ""설정"", ""x0"": 253, ""y0"": 383, ""x1"": 403, ""y1"": 437, ""rgb"": [228, 166, 113]}, {""label"": ""검색"", ""x0"": 590, ""y0"": 465, ""x1"": 740, ""y1"": 519, ""rgb"": [179, 179, 179]}, {""label"": ""저장"", ""x0"": 551, ""y0"": 37, ""x1"": 701, ""y1"": 91, ""rgb"": [179, 179, 179]}, {""label"": ""홈"", ""x0"": 574, ""y0"": 210, ""x1"": 724, ""y1"": 264, ""rgb"": [179, 179, 179]}, {""label"": ""도움말"", ""x0"": 25, ""y0"": 433, ""x1"": 175, ""y1"": 487, ""rgb"": [179, 179, 179]}, {""label"": ""삭제"", ""x0"": 44, ""y0"": 512, ""x1"": 194, ""y1"": 566, ""rgb"": [179, 179, 179]}]"
d5_L07_settings_D65_M.png,7,1,D65,decoy,65,설정,삭제,305,328,410,253,383,403,437,d3_L07_gray_M.png,"[{""label"": ""로그인"", ""x0"": 222, ""y0"": 161, ""x1"": 372, ""y1"": 215, ""rgb"": [179, 179, 179]}, {""label"": ""취소"", ""x0"": 219, ""y0"": 263, ""x1"": 369, ""y1"": 317, ""rgb"": [179, 179, 179]}, {""label"": ""설정"", ""x0"": 253, ""y0"": 383, ""x1"": 403, ""y1"": 437, ""rgb"": [179, 179, 179]}, {""label"": ""검색"", ""x0"": 590, ""y0"": 465, ""x1"": 740, ""y1"": 519, ""rgb"": [179, 179, 179]}, {""label"": ""저장"", ""x0"": 551, ""y0"": 37, ""x1"": 701, ""y1"": 91, ""rgb"": [179, 179, 179]}, {""label"": ""홈"", ""x0"": 574, ""y0"": 210, ""x1"": 724, ""y1"": 264, ""rgb"": [179, 179, 179]}, {""label"": ""도움말"", ""x0"": 25, ""y0"": 433, ""x1"": 175, ""y1"": 487, ""rgb"": [179, 179, 179]}, {""label"": ""삭제"", ""x0"": 44, ""y0"": 512, ""x1"": 194, ""y1"": 566, ""rgb"": [228, 166, 113]}]"
d5_L07_settings_T245_M.png,7,1,T245,target,245,설정,삭제,349,328,410,253,383,403,437,d3_L07_gray_M.png,"[{""label"": ""로그인"", ""x0"": 222, ""y0"": 161, ""x1"": 372, ""y1"": 215, ""rgb"": [179, 179, 179]}, {""label"": ""취소"", ""x0"": 219, ""y0"": 263, ""x1"": 369, ""y1"": 317, ""rgb"": [179, 179, 179]}, {""label"": ""설정"", ""x0"": 253, ""y0"": 383, ""x1"": 403, ""y1"": 437, ""rgb"": [67, 191, 244]}, {""label"": ""검색"", ""x0"": 590, ""y0"": 465, ""x1"": 740, ""y1"": 519, ""rgb"": [179, 179, 179]}, {""label"": ""저장"", ""x0"": 551, ""y0"": 37, ""x1"": 701, ""y1"": 91, ""rgb"": [179, 179, 179]}, {""label"": ""홈"", ""x0"": 574, ""y0"": 210, ""x1"": 724, ""y1"": 264, ""rgb"": [179, 179, 179]}, {""label"": ""도움말"", ""x0"": 25, ""y0"": 433, ""x1"": 175, ""y1"": 487, ""rgb"": [179, 179, 179]}, {""label"": ""삭제"", ""x0"": 44, ""y0"": 512, ""x1"": 194, ""y1"": 566, ""rgb"": [179, 179, 179]}]"
d5_L07_settings_D245_M.png,7,1,D245,decoy,245,설정,삭제,175,328,410,253,383,403,437,d3_L07_gray_M.png,"[{""label"": ""로그인"", ""x0"": 222, ""y0"": 161, ""x1"": 372, ""y1"": 215, ""rgb"": [179, 179, 179]}, {""label"": ""취소"", ""x0"": 219, ""y0"": 263, ""x1"": 369, ""y1"": 317, ""rgb"": [179, 179, 179]}, {""label"": ""설정"", ""x0"": 253, ""y0"": 383, ""x1"": 403, ""y1"": 437, ""rgb"": [179, 179, 179]}, {""label"": ""검색"", ""x0"": 590, ""y0"": 465, ""x1"": 740, ""y1"": 519, ""rgb"": [179, 179, 179]}, {""label"": ""저장"", ""x0"": 551, ""y0"": 37, ""x1"": 701, ""y1"": 91, ""rgb"": [179, 179, 179]}, {""label"": ""홈"", ""x0"": 574, ""y0"": 210, ""x1"": 724, ""y1"": 264, ""rgb"": [179, 179, 179]}, {""label"": ""도움말"", ""x0"": 25, ""y0"": 433, ""x1"": 175, ""y1"": 487, ""rgb"": [179, 179, 179]}, {""label"": ""삭제"", ""x0"": 44, ""y0"": 512, ""x1"": 194, ""y1"": 566, ""rgb"": [67, 191, 244]}]"
d5_L08_login_D65_N.png,8,0,D65,decoy,65,로그인,저장,369,644,471,569,444,719,498,d3_L08_gray_N.png,"[{""label"": ""로그인"", ""x0"": 569, ""y0"": 444, ""x1"": 719, ""y1"": 498, ""rgb"": [179, 179, 179]}, {""label"": ""취소"", ""x0"": 521, ""y0"": 85, ""x1"": 671, ""y1"": 139, ""rgb"": [179, 179, 179]}, {""label"": ""설정"", ""x0"": 118, ""y0"": 282, ""x1"": 268, ""y1"": 336, ""rgb"": [179, 179, 179]}, {""label"": ""검색"", ""x0"": 108, ""y0"": 424, ""x1"": 258, ""y1"": 478, ""rgb"": [179, 179, 179]}, {""label"": ""저장"", ""x0"": 348, ""y0"": 197, ""x1"": 498, ""y1"": 251, ""rgb"": [228, 166, 113]}, {""label"": ""홈"", ""x0"": 261, ""y0"": 33, ""x1"": 411, ""y1"": 87, ""rgb"": [179, 179, 179]}, {""label"": ""도움말"", ""x0"": 237, ""y0"": 530, ""x1"": 387, ""y1"": 584, ""rgb"": [179, 179, 179]}, {""label"": ""삭제"", ""x0"": 580, ""y0"": 362, ""x1"": 730, ""y1"": 416, ""rgb"": [179, 179, 179]}]"
d5_L08_login_D245_N.png,8,0,D245,decoy,245,로그인,저장,125,644,471,569,444,719,498,d3_L08_gray_N.png,"[{""label"": ""로그인"", ""x0"": 569, ""y0"": 444, ""x1"": 719, ""y1"": 498, ""rgb"": [179, 179, 179]}, {""label"": ""취소"", ""x0"": 521, ""y0"": 85, ""x1"": 671, ""y1"": 139, ""rgb"": [179, 179, 179]}, {""label"": ""설정"", ""x0"": 118, ""y0"": 282, ""x1"": 268, ""y1"": 336, ""rgb"": [179, 179, 179]}, {""label"": ""검색"", ""x0"": 108, ""y0"": 424, ""x1"": 258, ""y1"": 478, ""rgb"": [179, 179, 179]}, {""label"": ""저장"", ""x0"": 348, ""y0"": 197, ""x1"": 498, ""y1"": 251, ""rgb"": [67, 191, 244]}, {""label"": ""홈"", ""x0"": 261, ""y0"": 33, ""x1"": 411, ""y1"": 87, ""rgb"": [179, 179, 179]}, {""label"": ""도움말"", ""x0"": 237, ""y0"": 530, ""x1"": 387, ""y1"": 584, ""rgb"": [179, 179, 179]}, {""label"": ""삭제"", ""x0"": 580, ""y0"": 362, ""x1"": 730, ""y1"": 416, ""rgb"": [179, 179, 179]}]"
d5_L08_login_D65_M.png,8,1,D65,decoy,65,로그인,저장,280,236,471,161,444,311,498,d3_L08_gray_M.png,"[{""label"": ""로그인"", ""x0"": 161, ""y0"": 444, ""x1"": 311, ""y1"": 498, ""rgb"": [179, 179, 179]}, {""label"": ""취소"", ""x0"": 209, ""y0"": 85, ""x1"": 359, ""y1"": 139, ""rgb"": [179, 179, 179]}, {""label"": ""설정"", ""x0"": 612, ""y0"": 282, ""x1"": 762, ""y1"": 336, ""rgb"": [179, 179, 179]}, {""label"": ""검색"", ""x0"": 622, ""y0"": 424, ""x1"": 772, ""y1"": 478, ""rgb"": [179, 179, 179]}, {""label"": ""저장"", ""x0"": 382, ""y0"": 197, ""x1"": 532, ""y1"": 251, ""rgb"": [228, 166, 113]}, {""label"": ""홈"", ""x0"": 469, ""y0"": 33, ""x1"": 619, ""y1"": 87, ""rgb"": [179, 179, 179]}, {""label"": ""도움말"", ""x0"": 493, ""y0"": 530, ""x1"": 643, ""y1"": 584, ""rgb"": [179, 179, 179]}, {""label"": ""삭제"", ""x0"": 150, ""y0"": 362, ""x1"": 300, ""y1"": 416, ""rgb"": [179, 179, 179]}]"
d5_L08_login_D245_M.png,8,1,D245,decoy,245,로그인,저장,398,236,471,161,444,311,498,d3_L08_gray_M.png,"[{""label"": ""로그인"", ""x0"": 161, ""y0"": 444, ""x1"": 311, ""y1"": 498, ""rgb"": [179, 179, 179]}, {""label"": ""취소"", ""x0"": 209, ""y0"": 85, ""x1"": 359, ""y1"": 139, ""rgb"": [179, 179, 179]}, {""label"": ""설정"", ""x0"": 612, ""y0"": 282, ""x1"": 762, ""y1"": 336, ""rgb"": [179, 179, 179]}, {""label"": ""검색"", ""x0"": 622, ""y0"": 424, ""x1"": 772, ""y1"": 478, ""rgb"": [179, 179, 179]}, {""label"": ""저장"", ""x0"": 382, ""y0"": 197, ""x1"": 532, ""y1"": 251, ""rgb"": [67, 191, 244]}, {""label"": ""홈"", ""x0"": 469, ""y0"": 33, ""x1"": 619, ""y1"": 87, ""rgb"": [179, 179, 179]}, {""label"": ""도움말"", ""x0"": 493, ""y0"": 530, ""x1"": 643, ""y1"": 584, ""rgb"": [179, 179, 179]}, {""label"": ""삭제"", ""x0"": 150, ""y0"": 362, ""x1"": 300, ""y1"": 416, ""rgb"": [179, 179, 179]}]"
d5_L08_home_T65_N.png,8,0,T65,target,65,홈,삭제,139,336,60,261,33,411,87,d3_L08_gray_N.png,"[{""label"": ""로그인"", ""x0"": 569, ""y0"": 444, ""x1"": 719, ""y1"": 498, ""rgb"": [179, 179, 179]}, {""label"": ""취소"", ""x0"": 521, ""y0"": 85, ""x1"": 671, ""y1"": 139, ""rgb"": [179, 179, 179]}, {""label"": ""설정"", ""x0"": 118, ""y0"": 282, ""x1"": 268, ""y1"": 336, ""rgb"": [179, 179, 179]}, {""label"": ""검색"", ""x0"": 108, ""y0"": 424, ""x1"": 258, ""y1"": 478, ""rgb"": [179, 179, 179]}, {""label"": ""저장"", ""x0"": 348, ""y0"": 197, ""x1"": 498, ""y1"": 251, ""rgb"": [179, 179, 179]}, {""label"": ""홈"", ""x0"": 261, ""y0"": 33, ""x1"": 411, ""y1"": 87, ""rgb"": [228, 166, 113]}, {""label"": ""도움말"", ""x0"": 237, ""y0"": 530, ""x1"": 387, ""y1"": 584, ""rgb"": [179, 179, 179]}, {""label"": ""삭제"", ""x0"": 580, ""y0"": 362, ""x1"": 730, ""y1"": 416, ""rgb"": [179, 179, 179]}]"
d5_L08_home_D65_N.png,8,0,D65,decoy,65,홈,삭제,197,336,60,261,33,411,87,d3_L08_gray_N.png,"[{""label"": ""로그인"", ""x0"": 569, ""y0"": 444, ""x1"": 719, ""y1"": 498, ""rgb"": [179, 179, 179]}, {""label"": ""취소"", ""x0"": 521, ""y0"": 85, ""x1"": 671, ""y1"": 139, ""rgb"": [179, 179, 179]}, {""label"": ""설정"", ""x0"": 118, ""y0"": 282, ""x1"": 268, ""y1"": 336, ""rgb"": [179, 179, 179]}, {""label"": ""검색"", ""x0"": 108, ""y0"": 424, ""x1"": 258, ""y1"": 478, ""rgb"": [179, 179, 179]}, {""label"": ""저장"", ""x0"": 348, ""y0"": 197, ""x1"": 498, ""y1"": 251, ""rgb"": [179, 179, 179]}, {""label"": ""홈"", ""x0"": 261, ""y0"": 33, ""x1"": 411, ""y1"": 87, ""rgb"": [179, 179, 179]}, {""label"": ""도움말"", ""x0"": 237, ""y0"": 530, ""x1"": 387, ""y1"": 584, ""rgb"": [179, 179, 179]}, {""label"": ""삭제"", ""x0"": 580, ""y0"": 362, ""x1"": 730, ""y1"": 416, ""rgb"": [228, 166, 113]}]"
d5_L08_home_T245_N.png,8,0,T245,target,245,홈,삭제,33,336,60,261,33,411,87,d3_L08_gray_N.png,"[{""label"": ""로그인"", ""x0"": 569, ""y0"": 444, ""x1"": 719, ""y1"": 498, ""rgb"": [179, 179, 179]}, {""label"": ""취소"", ""x0"": 521, ""y0"": 85, ""x1"": 671, ""y1"": 139, ""rgb"": [179, 179, 179]}, {""label"": ""설정"", ""x0"": 118, ""y0"": 282, ""x1"": 268, ""y1"": 336, ""rgb"": [179, 179, 179]}, {""label"": ""검색"", ""x0"": 108, ""y0"": 424, ""x1"": 258, ""y1"": 478, ""rgb"": [179, 179, 179]}, {""label"": ""저장"", ""x0"": 348, ""y0"": 197, ""x1"": 498, ""y1"": 251, ""rgb"": [179, 179, 179]}, {""label"": ""홈"", ""x0"": 261, ""y0"": 33, ""x1"": 411, ""y1"": 87, ""rgb"": [67, 191, 244]}, {""label"": ""도움말"", ""x0"": 237, ""y0"": 530, ""x1"": 387, ""y1"": 584, ""rgb"": [179, 179, 179]}, {""label"": ""삭제"", ""x0"": 580, ""y0"": 362, ""x1"": 730, ""y1"": 416, ""rgb"": [179, 179, 179]}]"
d5_L08_home_D245_N.png,8,0,D245,decoy,245,홈,삭제,71,336,60,261,33,411,87,d3_L08_gray_N.png,"[{""label"": ""로그인"", ""x0"": 569, ""y0"": 444, ""x1"": 719, ""y1"": 498, ""rgb"": [179, 179, 179]}, {""label"": ""취소"", ""x0"": 521, ""y0"": 85, ""x1"": 671, ""y1"": 139, ""rgb"": [179, 179, 179]}, {""label"": ""설정"", ""x0"": 118, ""y0"": 282, ""x1"": 268, ""y1"": 336, ""rgb"": [179, 179, 179]}, {""label"": ""검색"", ""x0"": 108, ""y0"": 424, ""x1"": 258, ""y1"": 478, ""rgb"": [179, 179, 179]}, {""label"": ""저장"", ""x0"": 348, ""y0"": 197, ""x1"": 498, ""y1"": 251, ""rgb"": [179, 179, 179]}, {""label"": ""홈"", ""x0"": 261, ""y0"": 33, ""x1"": 411, ""y1"": 87, ""rgb"": [179, 179, 179]}, {""label"": ""도움말"", ""x0"": 237, ""y0"": 530, ""x1"": 387, ""y1"": 584, ""rgb"": [179, 179, 179]}, {""label"": ""삭제"", ""x0"": 580, ""y0"": 362, ""x1"": 730, ""y1"": 416, ""rgb"": [67, 191, 244]}]"
d5_L08_home_T65_M.png,8,1,T65,target,65,홈,삭제,58,544,60,469,33,619,87,d3_L08_gray_M.png,"[{""label"": ""로그인"", ""x0"": 161, ""y0"": 444, ""x1"": 311, ""y1"": 498, ""rgb"": [179, 179, 179]}, {""label"": ""취소"", ""x0"": 209, ""y0"": 85, ""x1"": 359, ""y1"": 139, ""rgb"": [179, 179, 179]}, {""label"": ""설정"", ""x0"": 612, ""y0"": 282, ""x1"": 762, ""y1"": 336, ""rgb"": [179, 179, 179]}, {""label"": ""검색"", ""x0"": 622, ""y0"": 424, ""x1"": 772, ""y1"": 478, ""rgb"": [179, 179, 179]}, {""label"": ""저장"", ""x0"": 382, ""y0"": 197, ""x1"": 532, ""y1"": 251, ""rgb"": [179, 179, 179]}, {""label"": ""홈"", ""x0"": 469, ""y0"": 33, ""x1"": 619, ""y1"": 87, ""rgb"": [228, 166, 113]}, {""label"": ""도움말"", ""x0"": 493, ""y0"": 530, ""x1"": 643, ""y1"": 584, ""rgb"": [179, 179, 179]}, {""label"": ""삭제"", ""x0"": 150, ""y0"": 362, ""x1"": 300, ""y1"": 416, ""rgb"": [179, 179, 179]}]"
d5_L08_home_D65_M.png,8,1,D65,decoy,65,홈,삭제,3,544,60,469,33,619,87,d3_L08_gray_M.png,"[{""label"": ""로그인"", ""x0"": 161, ""y0"": 444, ""x1"": 311, ""y1"": 498, ""rgb"": [179, 179, 179]}, {""label"": ""취소"", ""x0"": 209, ""y0"": 85, ""x1"": 359, ""y1"": 139, ""rgb"": [179, 179, 179]}, {""label"": ""설정"", ""x0"": 612, ""y0"": 282, ""x1"": 762, ""y1"": 336, ""rgb"": [179, 179, 179]}, {""label"": ""검색"", ""x0"": 622, ""y0"": 424, ""x1"": 772, ""y1"": 478, ""rgb"": [179, 179, 179]}, {""label"": ""저장"", ""x0"": 382, ""y0"": 197, ""x1"": 532, ""y1"": 251, ""rgb"": [179, 179, 179]}, {""label"": ""홈"", ""x0"": 469, ""y0"": 33, ""x1"": 619, ""y1"": 87, ""rgb"": [179, 179, 179]}, {""label"": ""도움말"", ""x0"": 493, ""y0"": 530, ""x1"": 643, ""y1"": 584, ""rgb"": [179, 179, 179]}, {""label"": ""삭제"", ""x0"": 150, ""y0"": 362, ""x1"": 300, ""y1"": 416, ""rgb"": [228, 166, 113]}]"
d5_L08_home_T245_M.png,8,1,T245,target,245,홈,삭제,240,544,60,469,33,619,87,d3_L08_gray_M.png,"[{""label"": ""로그인"", ""x0"": 161, ""y0"": 444, ""x1"": 311, ""y1"": 498, ""rgb"": [179, 179, 179]}, {""label"": ""취소"", ""x0"": 209, ""y0"": 85, ""x1"": 359, ""y1"": 139, ""rgb"": [179, 179, 179]}, {""label"": ""설정"", ""x0"": 612, ""y0"": 282, ""x1"": 762, ""y1"": 336, ""rgb"": [179, 179, 179]}, {""label"": ""검색"", ""x0"": 622, ""y0"": 424, ""x1"": 772, ""y1"": 478, ""rgb"": [179, 179, 179]}, {""label"": ""저장"", ""x0"": 382, ""y0"": 197, ""x1"": 532, ""y1"": 251, ""rgb"": [179, 179, 179]}, {""label"": ""홈"", ""x0"": 469, ""y0"": 33, ""x1"": 619, ""y1"": 87, ""rgb"": [67, 191, 244]}, {""label"": ""도움말"", ""x0"": 493, ""y0"": 530, ""x1"": 643, ""y1"": 584, ""rgb"": [179, 179, 179]}, {""label"": ""삭제"", ""x0"": 150, ""y0"": 362, ""x1"": 300, ""y1"": 416, ""rgb"": [179, 179, 179]}]"
d5_L08_home_D245_M.png,8,1,D245,decoy,245,홈,삭제,247,544,60,469,33,619,87,d3_L08_gray_M.png,"[{""label"": ""로그인"", ""x0"": 161, ""y0"": 444, ""x1"": 311, ""y1"": 498, ""rgb"": [179, 179, 179]}, {""label"": ""취소"", ""x0"": 209, ""y0"": 85, ""x1"": 359, ""y1"": 139, ""rgb"": [179, 179, 179]}, {""label"": ""설정"", ""x0"": 612, ""y0"": 282, ""x1"": 762, ""y1"": 336, ""rgb"": [179, 179, 179]}, {""label"": ""검색"", ""x0"": 622, ""y0"": 424, ""x1"": 772, ""y1"": 478, ""rgb"": [179, 179, 179]}, {""label"": ""저장"", ""x0"": 382, ""y0"": 197, ""x1"": 532, ""y1"": 251, ""rgb"": [179, 179, 179]}, {""label"": ""홈"", ""x0"": 469, ""y0"": 33, ""x1"": 619, ""y1"": 87, ""rgb"": [179, 179, 179]}, {""label"": ""도움말"", ""x0"": 493, ""y0"": 530, ""x1"": 643, ""y1"": 584, ""rgb"": [179, 179, 179]}, {""label"": ""삭제"", ""x0"": 150, ""y0"": 362, ""x1"": 300, ""y1"": 416, ""rgb"": [67, 191, 244]}]"
d5_L08_settings_T65_N.png,8,0,T65,target,65,설정,도움말,106,193,309,118,282,268,336,d3_L08_gray_N.png,"[{""label"": ""로그인"", ""x0"": 569, ""y0"": 444, ""x1"": 719, ""y1"": 498, ""rgb"": [179, 179, 179]}, {""label"": ""취소"", ""x0"": 521, ""y0"": 85, ""x1"": 671, ""y1"": 139, ""rgb"": [179, 179, 179]}, {""label"": ""설정"", ""x0"": 118, ""y0"": 282, ""x1"": 268, ""y1"": 336, ""rgb"": [228, 166, 113]}, {""label"": ""검색"", ""x0"": 108, ""y0"": 424, ""x1"": 258, ""y1"": 478, ""rgb"": [179, 179, 179]}, {""label"": ""저장"", ""x0"": 348, ""y0"": 197, ""x1"": 498, ""y1"": 251, ""rgb"": [179, 179, 179]}, {""label"": ""홈"", ""x0"": 261, ""y0"": 33, ""x1"": 411, ""y1"": 87, ""rgb"": [179, 179, 179]}, {""label"": ""도움말"", ""x0"": 237, ""y0"": 530, ""x1"": 387, ""y1"": 584, ""rgb"": [179, 179, 179]}, {""label"": ""삭제"", ""x0"": 580, ""y0"": 362, ""x1"": 730, ""y1"": 416, ""rgb"": [179, 179, 179]}]"
d5_L08_settings_D65_N.png,8,0,D65,decoy,65,설정,도움말,30,193,309,118,282,268,336,d3_L08_gray_N.png,"[{""label"": ""로그인"", ""x0"": 569, ""y0"": 444, ""x1"": 719, ""y1"": 498, ""rgb"": [179, 179, 179]}, {""label"": ""취소"", ""x0"": 521, ""y0"": 85, ""x1"": 671, ""y1"": 139, ""rgb"": [179, 179, 179]}, {""label"": ""설정"", ""x0"": 118, ""y0"": 282, ""x1"": 268, ""y1"": 336, ""rgb"": [179, 179, 179]}, {""label"": ""검색"", ""x0"": 108, ""y0"": 424, ""x1"": 258, ""y1"": 478, ""rgb"": [179, 179, 179]}, {""label"": ""저장"", ""x0"": 348, ""y0"": 197, ""x1"": 498, ""y1"": 251, ""rgb"": [179, 179, 179]}, {""label"": ""홈"", ""x0"": 261, ""y0"": 33, ""x1"": 411, ""y1"": 87, ""rgb"": [179, 179, 179]}, {""label"": ""도움말"", ""x0"": 237, ""y0"": 530, ""x1"": 387, ""y1"": 584, ""rgb"": [228, 166, 113]}, {""label"": ""삭제"", ""x0"": 580, ""y0"": 362, ""x1"": 730, ""y1"": 416, ""rgb"": [179, 179, 179]}]"
d5_L08_settings_T245_N.png,8,0,T245,target,245,설정,도움말,359,193,309,118,282,268,336,d3_L08_gray_N.png,"[{""label"": ""로그인"", ""x0"": 569, ""y0"": 444, ""x1"": 719, ""y1"": 498, ""rgb"": [179, 179, 179]}, {""label"": ""취소"", ""x0"": 521, ""y0"": 85, ""x1"": 671, ""y1"": 139, ""rgb"": [179, 179, 179]}, {""label"": ""설정"", ""x0"": 118, ""y0"": 282, ""x1"": 268, ""y1"": 336, ""rgb"": [67, 191, 244]}, {""label"": ""검색"", ""x0"": 108, ""y0"": 424, ""x1"": 258, ""y1"": 478, ""rgb"": [179, 179, 179]}, {""label"": ""저장"", ""x0"": 348, ""y0"": 197, ""x1"": 498, ""y1"": 251, ""rgb"": [179, 179, 179]}, {""label"": ""홈"", ""x0"": 261, ""y0"": 33, ""x1"": 411, ""y1"": 87, ""rgb"": [179, 179, 179]}, {""label"": ""도움말"", ""x0"": 237, ""y0"": 530, ""x1"": 387, ""y1"": 584, ""rgb"": [179, 179, 179]}, {""label"": ""삭제"", ""x0"": 580, ""y0"": 362, ""x1"": 730, ""y1"": 416, ""rgb"": [179, 179, 179]}]"
d5_L08_settings_D245_N.png,8,0,D245,decoy,245,설정,도움말,35,193,309,118,282,268,336,d3_L08_gray_N.png,"[{""label"": ""로그인"", ""x0"": 569, ""y0"": 444, ""x1"": 719, ""y1"": 498, ""rgb"": [179, 179, 179]}, {""label"": ""취소"", ""x0"": 521, ""y0"": 85, ""x1"": 671, ""y1"": 139, ""rgb"": [179, 179, 179]}, {""label"": ""설정"", ""x0"": 118, ""y0"": 282, ""x1"": 268, ""y1"": 336, ""rgb"": [179, 179, 179]}, {""label"": ""검색"", ""x0"": 108, ""y0"": 424, ""x1"": 258, ""y1"": 478, ""rgb"": [179, 179, 179]}, {""label"": ""저장"", ""x0"": 348, ""y0"": 197, ""x1"": 498, ""y1"": 251, ""rgb"": [179, 179, 179]}, {""label"": ""홈"", ""x0"": 261, ""y0"": 33, ""x1"": 411, ""y1"": 87, ""rgb"": [179, 179, 179]}, {""label"": ""도움말"", ""x0"": 237, ""y0"": 530, ""x1"": 387, ""y1"": 584, ""rgb"": [67, 191, 244]}, {""label"": ""삭제"", ""x0"": 580, ""y0"": 362, ""x1"": 730, ""y1"": 416, ""rgb"": [179, 179, 179]}]"
d5_L08_settings_T65_M.png,8,1,T65,target,65,설정,도움말,234,687,309,612,282,762,336,d3_L08_gray_M.png,"[{""label"": ""로그인"", ""x0"": 161, ""y0"": 444, ""x1"": 311, ""y1"": 498, ""rgb"": [179, 179, 179]}, {""label"": ""취소"", ""x0"": 209, ""y0"": 85, ""x1"": 359, ""y1"": 139, ""rgb"": [179, 179, 179]}, {""label"": ""설정"", ""x0"": 612, ""y0"": 282, ""x1"": 762, ""y1"": 336, ""rgb"": [228, 166, 113]}, {""label"": ""검색"", ""x0"": 622, ""y0"": 424, ""x1"": 772, ""y1"": 478, ""rgb"": [179, 179, 179]}, {""label"": ""저장"", ""x0"": 382, ""y0"": 197, ""x1"": 532, ""y1"": 251, ""rgb"": [179, 179, 179]}, {""label"": ""홈"", ""x0"": 469, ""y0"": 33, ""x1"": 619, ""y1"": 87, ""rgb"": [179, 179, 179]}, {""label"": ""도움말"", ""x0"": 493, ""y0"": 530, ""x1"": 643, ""y1"": 584, ""rgb"": [179, 179, 179]}, {""label"": ""삭제"", ""x0"": 150, ""y0"": 362, ""x1"": 300, ""y1"": 416, ""rgb"": [179, 179, 179]}]"
d5_L08_settings_D65_M.png,8,1,D65,decoy,65,설정,도움말,224,687,309,612,282,762,336,d3_L08_gray_M.png,"[{""label"": ""로그인"", ""x0"": 161, ""y0"": 444, ""x1"": 311, ""y1"": 498, ""rgb"": [179, 179, 179]}, {""label"": ""취소"", ""x0"": 209, ""y0"": 85, ""x1"": 359, ""y1"": 139, ""rgb"": [179, 179, 179]}, {""label"": ""설정"", ""x0"": 612, ""y0"": 282, ""x1"": 762, ""y1"": 336, ""rgb"": [179, 179, 179]}, {""label"": ""검색"", ""x0"": 622, ""y0"": 424, ""x1"": 772, ""y1"": 478, ""rgb"": [179, 179, 179]}, {""label"": ""저장"", ""x0"": 382, ""y0"": 197, ""x1"": 532, ""y1"": 251, ""rgb"": [179, 179, 179]}, {""label"": ""홈"", ""x0"": 469, ""y0"": 33, ""x1"": 619, ""y1"": 87, ""rgb"": [179, 179, 179]}, {""label"": ""도움말"", ""x0"": 493, ""y0"": 530, ""x1"": 643, ""y1"": 584, ""rgb"": [228, 166, 113]}, {""label"": ""삭제"", ""x0"": 150, ""y0"": 362, ""x1"": 300, ""y1"": 416, ""rgb"": [179, 179, 179]}]"
d5_L08_settings_T245_M.png,8,1,T245,target,245,설정,도움말,365,687,309,612,282,762,336,d3_L08_gray_M.png,"[{""label"": ""로그인"", ""x0"": 161, ""y0"": 444, ""x1"": 311, ""y1"": 498, ""rgb"": [179, 179, 179]}, {""label"": ""취소"", ""x0"": 209, ""y0"": 85, ""x1"": 359, ""y1"": 139, ""rgb"": [179, 179, 179]}, {""label"": ""설정"", ""x0"": 612, ""y0"": 282, ""x1"": 762, ""y1"": 336, ""rgb"": [67, 191, 244]}, {""label"": ""검색"", ""x0"": 622, ""y0"": 424, ""x1"": 772, ""y1"": 478, ""rgb"": [179, 179, 179]}, {""label"": ""저장"", ""x0"": 382, ""y0"": 197, ""x1"": 532, ""y1"": 251, ""rgb"": [179, 179, 179]}, {""label"": ""홈"", ""x0"": 469, ""y0"": 33, ""x1"": 619, ""y1"": 87, ""rgb"": [179, 179, 179]}, {""label"": ""도움말"", ""x0"": 493, ""y0"": 530, ""x1"": 643, ""y1"": 584, ""rgb"": [179, 179, 179]}, {""label"": ""삭제"", ""x0"": 150, ""y0"": 362, ""x1"": 300, ""y1"": 416, ""rgb"": [179, 179, 179]}]"
d5_L08_settings_D245_M.png,8,1,D245,decoy,245,설정,도움말,1,687,309,612,282,762,336,d3_L08_gray_M.png,"[{""label"": ""로그인"", ""x0"": 161, ""y0"": 444, ""x1"": 311, ""y1"": 498, ""rgb"": [179, 179, 179]}, {""label"": ""취소"", ""x0"": 209, ""y0"": 85, ""x1"": 359, ""y1"": 139, ""rgb"": [179, 179, 179]}, {""label"": ""설정"", ""x0"": 612, ""y0"": 282, ""x1"": 762, ""y1"": 336, ""rgb"": [179, 179, 179]}, {""label"": ""검색"", ""x0"": 622, ""y0"": 424, ""x1"": 772, ""y1"": 478, ""rgb"": [179, 179, 179]}, {""label"": ""저장"", ""x0"": 382, ""y0"": 197, ""x1"": 532, ""y1"": 251, ""rgb"": [179, 179, 179]}, {""label"": ""홈"", ""x0"": 469, ""y0"": 33, ""x1"": 619, ""y1"": 87, ""rgb"": [179, 179, 179]}, {""label"": ""도움말"", ""x0"": 493, ""y0"": 530, ""x1"": 643, ""y1"": 584, ""rgb"": [67, 191, 244]}, {""label"": ""삭제"", ""x0"": 150, ""y0"": 362, ""x1"": 300, ""y1"": 416, ""rgb"": [179, 179, 179]}]"
d5_L09_login_D65_N.png,9,0,D65,decoy,65,로그인,취소,40,520,257,445,230,595,284,d3_L09_gray_N.png,"[{""label"": ""로그인"", ""x0"": 445, ""y0"": 230, ""x1"": 595, ""y1"": 284, ""rgb"": [179, 179, 179]}, {""label"": ""취소"", ""x0"": 183, ""y0"": 152, ""x1"": 333, ""y1"": 206, ""rgb"": [228, 166, 113]}, {""label"": ""설정"", ""x0"": 142, ""y0"": 293, ""x1"": 292, ""y1"": 347, ""rgb"": [179, 179, 179]}, {""label"": ""검색"", ""x0"": 588, ""y0"": 331, ""x1"": 738, ""y1"": 385, ""rgb"": [179, 179, 179]}, {""label"": ""저장"", ""x0"": 412, ""y0"": 330, ""x1"": 562, ""y1"": 384, ""rgb"": [179, 179, 179]}, {""label"": ""홈"", ""x0"": 632, ""y0"": 449, ""x1"": 782, ""y1"": 503, ""rgb"": [179, 179, 179]}, {""label"": ""도움말"", ""x0"": 85, ""y0"": 45, ""x1"": 235, ""y1"": 99, ""rgb"": [179, 179, 179]}, {""label"": ""삭제"", ""x0"": 647, ""y0"": 530, ""x1"": 797, ""y1"": 584, ""rgb"": [179, 179, 179]}]"
d5_L09_login_D245_N.png,9,0,D245,decoy,245,로그인,취소,48,520,257,445,230,595,284,d3_L09_gray_N.png,"[{""label"": ""로그인"", ""x0"": 445, ""y0"": 230, ""x1"": 595, ""y1"": 284, ""rgb"": [179, 179, 179]}, {""label"": ""취소"", ""x0"": 183, ""y0"": 152, ""x1"": 333, ""y1"": 206, ""rgb"": [67, 191, 244]}, {""label"": ""설정"", ""x0"": 142, ""y0"": 293, ""x1"": 292, ""y1"": 347, ""rgb"": [179, 179, 179]}, {""label"": ""검색"", ""x0"": 588, ""y0"": 331, ""x1"": 738, ""y1"": 385, ""rgb"": [179, 179, 179]}, {""label"": ""저장"", ""x0"": 412, ""y0"": 330, ""x1"": 562, ""y1"": 384, ""rgb"": [179, 179, 179]}, {""label"": ""홈"", ""x0"": 632, ""y0"": 449, ""x1"": 782, ""y1"": 503, ""rgb"": [179, 179, 179]}, {""label"": ""도움말"", ""x0"": 85, ""y0"": 45, ""x1"": 235, ""y1"": 99, ""rgb"": [179, 179, 179]}, {""label"": ""삭제"", ""x0"": 647, ""y0"": 530, ""x1"": 797, ""y1"": 584, ""rgb"": [179, 179, 179]}]"
d5_L09_login_D65_M.png,9,1,D65,decoy,65,로그인,취소,364,360,257,285,230,435,284,d3_L09_gray_M.png,"[{""label"": ""로그인"", ""x0"": 285, ""y0"": 230, ""x1"": 435, ""y1"": 284, ""rgb"": [179, 179, 179]}, {""label"": ""취소"", ""x0"": 547, ""y0"": 152, ""x1"": 697, ""y1"": 206, ""rgb"": [228, 166, 113]}, {""label"": ""설정"", ""x0"": 588, ""y0"": 293, ""x1"": 738, ""y1"": 347, ""rgb"": [179, 179, 179]}, {""label"": ""검색"", ""x0"": 142, ""y0"": 331, ""x1"": 292, ""y1"": 385, ""rgb"": [179, 179, 179]}, {""label"": ""저장"", ""x0"": 318, ""y0"": 330, ""x1"": 468, ""y1"": 384, ""rgb"": [179, 179, 179]}, {""label"": ""홈"", ""x0"": 98, ""y0"": 449, ""x1"": 248, ""y1"": 503, ""rgb"": [179, 179, 179]}, {""label"": ""도움말"", ""x0"": 645, ""y0"": 45, ""x1"": 795, ""y1"": 99, ""rgb"": [179, 179, 179]}, {""label"": ""삭제"", ""x0"": 83, ""y0"": 530, ""x1"": 233, ""y1"": 584, ""rgb"": [179, 179, 179]}]"
d5_L09_login_D245_M.png,9,1,D245,decoy,245,로그인,취소,15,360,257,285,230,435,284,d3_L09_gray_M.png,"[{""label"": ""로그인"", ""x0"": 285, ""y0"": 230, ""x1"": 435, ""y1"": 284, ""rgb"": [179, 179, 179]}, {""label"": ""취소"", ""x0"": 547, ""y0"": 152, ""x1"": 697, ""y1"": 206, ""rgb"": [67, 191, 244]}, {""label"": ""설정"", ""x0"": 588, ""y0"": 293, ""x1"": 738, ""y1"": 347, ""rgb"": [179, 179, 179]}, {""label"": ""검색"", ""x0"": 142, ""y0"": 331, ""x1"": 292, ""y1"": 385, ""rgb"": [179, 179, 179]}, {""label"": ""저장"", ""x0"": 318, ""y0"": 330, ""x1"": 468, ""y1"": 384, ""rgb"": [179, 179, 179]}, {""label"": ""홈"", ""x0"": 98, ""y0"": 449, ""x1"": 248, ""y1"": 503, ""rgb"": [179, 179, 179]}, {""label"": ""도움말"", ""x0"": 645, ""y0"": 45, ""x1"": 795, ""y1"": 99, ""rgb"": [179, 179, 179]}, {""label"": ""삭제"", ""x0"": 83, ""y0"": 530, ""x1"": 233, ""y1"": 584, ""rgb"": [179, 179, 179]}]"
d5_L09_home_T65_N.png,9,0,T65,target,65,홈,로그인,290,707,476,632,449,782,503,d3_L09_gray_N.png,"[{""label"": ""로그인"", ""x0"": 445, ""y0"": 230, ""x1"": 595, ""y1"": 284, ""rgb"": [179, 179, 179]}, {""label"": ""취소"", ""x0"": 183, ""y0"": 152, ""x1"": 333, ""y1"": 206, ""rgb"": [179, 179, 179]}, {""label"": ""설정"", ""x0"": 142, ""y0"": 293, ""x1"": 292, ""y1"": 347, ""rgb"": [179, 179, 179]}, {""label"": ""검색"", ""x0"": 588, ""y0"": 331, ""x1"": 738, ""y1"": 385, ""rgb"": [179, 179, 179]}, {""label"": ""저장"", ""x0"": 412, ""y0"": 330, ""x1"": 562, ""y1"": 384, ""rgb"": [179, 179, 179]}, {""label"": ""홈"", ""x0"": 632, ""y0"": 449, ""x1"": 782, ""y1"": 503, ""rgb"": [228, 166, 113]}, {""label"": ""도움말"", ""x0"": 85, ""y0"": 45, ""x1"": 235, ""y1"": 99, ""rgb"": [179, 179, 179]}, {""label"": ""삭제"", ""x0"": 647, ""y0"": 530, ""x1"": 797, ""y1"": 584, ""rgb"": [179, 179, 179]}]"
d5_L09_home_D65_N.png,9,0,D65,decoy,65,홈,로그인,136,707,476,632,449,782,503,d3_L09_gray_N.png,"[{""label"": ""로그인"", ""x0"": 445, ""y0"": 230, ""x1"": 595, ""y1"": 284, ""rgb"": [228, 166, 113]}, {""label"": ""취소"", ""x0"": 183, ""y0"": 152, ""x1"": 333, ""y1"": 206, ""rgb"": [179, 179, 179]}, {""label"": ""설정"", ""x0"": 142, ""y0"": 293, ""x1"": 292, ""y1"": 347, ""rgb"": [179, 179, 179]}, {""label"": ""검색"", ""x0"": 588, ""y0"": 331, ""x1"": 738, ""y1"": 385, ""rgb"": [179, 179, 179]}, {""label"": ""저장"", ""x0"": 412, ""y0"": 330, ""x1"": 562, ""y1"": 384, ""rgb"": [179, 179, 179]}, {""label"": ""홈"", ""x0"": 632, ""y0"": 449, ""x1"": 782, ""y1"": 503, ""rgb"": [179, 179, 179]}, {""label"": ""도움말"", ""x0"": 85, ""y0"": 45, ""x1"": 235, ""y1"": 99, ""rgb"": [179, 179, 179]}, {""label"": ""삭제"", ""x0"": 647, ""y0"": 530, ""x1"": 797, ""y1"": 584, ""rgb"": [179, 179, 179]}]"
d5_L09_home_T245_N.png,9,0,T245,target,245,홈,로그인,346,707,476,632,449,782,503,d3_L09_gray_N.png,"[{""label"": ""로그인"", ""x0"": 445, ""y0"": 230, ""x1"": 595, ""y1"": 284, ""rgb"": [179, 179, 179]}, {""label"": ""취소"", ""x0"": 183, ""y0"": 152, ""x1"": 333, ""y1"": 206, ""rgb"": [179, 179, 179]}, {""label"": ""설정"", ""x0"": 142, ""y0"": 293, ""x1"": 292, ""y1"": 347, ""rgb"": [179, 179, 179]}, {""label"": ""검색"", ""x0"": 588, ""y0"": 331, ""x1"": 738, ""y1"": 385, ""rgb"": [179, 179, 179]}, {""label"": ""저장"", ""x0"": 412, ""y0"": 330, ""x1"": 562, ""y1"": 384, ""rgb"": [179, 179, 179]}, {""label"": ""홈"", ""x0"": 632, ""y0"": 449, ""x1"": 782, ""y1"": 503, ""rgb"": [67, 191, 244]}, {""label"": ""도움말"", ""x0"": 85, ""y0"": 45, ""x1"": 235, ""y1"": 99, ""rgb"": [179, 179, 179]}, {""label"": ""삭제"", ""x0"": 647, ""y0"": 530, ""x1"": 797, ""y1"": 584, ""rgb"": [179, 179, 179]}]"
d5_L09_home_D245_N.png,9,0,D245,decoy,245,홈,로그인,131,707,476,632,449,782,503,d3_L09_gray_N.png,"[{""label"": ""로그인"", ""x0"": 445, ""y0"": 230, ""x1"": 595, ""y1"": 284, ""rgb"": [67, 191, 244]}, {""label"": ""취소"", ""x0"": 183, ""y0"": 152, ""x1"": 333, ""y1"": 206, ""rgb"": [179, 179, 179]}, {""label"": ""설정"", ""x0"": 142, ""y0"": 293, ""x1"": 292, ""y1"": 347, ""rgb"": [179, 179, 179]}, {""label"": ""검색"", ""x0"": 588, ""y0"": 331, ""x1"": 738, ""y1"": 385, ""rgb"": [179, 179, 179]}, {""label"": ""저장"", ""x0"": 412, ""y0"": 330, ""x1"": 562, ""y1"": 384, ""rgb"": [179, 179, 179]}, {""label"": ""홈"", ""x0"": 632, ""y0"": 449, ""x1"": 782, ""y1"": 503, ""rgb"": [179, 179, 179]}, {""label"": ""도움말"", ""x0"": 85, ""y0"": 45, ""x1"": 235, ""y1"": 99, ""rgb"": [179, 179, 179]}, {""label"": ""삭제"", ""x0"": 647, ""y0"": 530, ""x1"": 797, ""y1"": 584, ""rgb"": [179, 179, 179]}]"
d5_L09_home_T65_M.png,9,1,T65,target,65,홈,로그인,347,173,476,98,449,248,503,d3_L09_gray_M.png,"[{""label"": ""로그인"", ""x0"": 285, ""y0"": 230, ""x1"": 435, ""y1"": 284, ""rgb"": [179, 179, 179]}, {""label"": ""취소"", ""x0"": 547, ""y0"": 152, ""x1"": 697, ""y1"": 206, ""rgb"": [179, 179, 179]}, {""label"": ""설정"", ""x0"": 588, ""y0"": 293, ""x1"": 738, ""y1"": 347, ""rgb"": [179, 179, 179]}, {""label"": ""검색"", ""x0"": 142, ""y0"": 331, ""x1"": 292, ""y1"": 385, ""rgb"": [179, 179, 179]}, {""label"": ""저장"", ""x0"": 318, ""y0"": 330, ""x1"": 468, ""y1"": 384, ""rgb"": [179, 179, 179]}, {""label"": ""홈"", ""x0"": 98, ""y0"": 449, ""x1"": 248, ""y1"": 503, ""rgb"": [228, 166, 113]}, {""label"": ""도움말"", ""x0"": 645, ""y0"": 45, ""x1"": 795, ""y1"": 99, ""rgb"": [179, 179, 179]}, {""label"": ""삭제"", ""x0"": 83, ""y0"": 530, ""x1"": 233, ""y1"": 584, ""rgb"": [179, 179, 179]}]"
d5_L09_home_D65_M.png,9,1,D65,decoy,65,홈,로그인,267,173,476,98,449,248,503,d3_L09_gray_M.png,"[{""label"": ""로그인"", ""x0"": 285, ""y0"": 230, ""x1"": 435, ""y1"": 284, ""rgb"": [228, 166, 113]}, {""label"": ""취소"", ""x0"": 547, ""y0"": 152, ""x1"": 697, ""y1"": 206, ""rgb"": [179, 179, 179]}, {""label"": ""설정"", ""x0"": 588, ""y0"": 293, ""x1"": 738, ""y1"": 347, ""rgb"": [179, 179, 179]}, {""label"": ""검색"", ""x0"": 142, ""y0"": 331, ""x1"": 292, ""y1"": 385, ""rgb"": [179, 179, 179]}, {""label"": ""저장"", ""x0"": 318, ""y0"": 330, ""x1"": 468, ""y1"": 384, ""rgb"": [179, 179, 179]}, {""label"": ""홈"", ""x0"": 98, ""y0"": 449, ""x1"": 248, ""y1"": 503, ""rgb"": [179, 179, 179]}, {""label"": ""도움말"", ""x0"": 645, ""y0"": 45, ""x1"": 795, ""y1"": 99, ""rgb"": [179, 179, 179]}, {""label"": ""삭제"", ""x0"": 83, ""y0"": 530, ""x1"": 233, ""y1"": 584, ""rgb"": [179, 179, 179]}]"
d5_L09_home_T245_M.png,9,1,T245,target,245,홈,로그인,65,173,476,98,449,248,503,d3_L09_gray_M.png,"[{""label"": ""로그인"", ""x0"": 285, ""y0"": 230, ""x1"": 435, ""y1"": 284, ""rgb"": [179, 179, 179]}, {""label"": ""취소"", ""x0"": 547, ""y0"": 152, ""x1"": 697, ""y1"": 206, ""rgb"": [179, 179, 179]}, {""label"": ""설정"", ""x0"": 588, ""y0"": 293, ""x1"": 738, ""y1"": 347, ""rgb"": [179, 179, 179]}, {""label"": ""검색"", ""x0"": 142, ""y0"": 331, ""x1"": 292, ""y1"": 385, ""rgb"": [179, 179, 179]}, {""label"": ""저장"", ""x0"": 318, ""y0"": 330, ""x1"": 468, ""y1"": 384, ""rgb"": [179, 179, 179]}, {""label"": ""홈"", ""x0"": 98, ""y0"": 449, ""x1"": 248, ""y1"": 503, ""rgb"": [67, 191, 244]}, {""label"": ""도움말"", ""x0"": 645, ""y0"": 45, ""x1"": 795, ""y1"": 99, ""rgb"": [179, 179, 179]}, {""label"": ""삭제"", ""x0"": 83, ""y0"": 530, ""x1"": 233, ""y1"": 584, ""rgb"": [179, 179, 179]}]"
d5_L09_home_D245_M.png,9,1,D245,decoy,245,홈,로그인,187,173,476,98,449,248,503,d3_L09_gray_M.png,"[{""label"": ""로그인"", ""x0"": 285, ""y0"": 230, ""x1"": 435, ""y1"": 284, ""rgb"": [67, 191, 244]}, {""label"": ""취소"", ""x0"": 547, ""y0"": 152, ""x1"": 697, ""y1"": 206, ""rgb"": [179, 179, 179]}, {""label"": ""설정"", ""x0"": 588, ""y0"": 293, ""x1"": 738, ""y1"": 347, ""rgb"": [179, 179, 179]}, {""label"": ""검색"", ""x0"": 142, ""y0"": 331, ""x1"": 292, ""y1"": 385, ""rgb"": [179, 179, 179]}, {""label"": ""저장"", ""x0"": 318, ""y0"": 330, ""x1"": 468, ""y1"": 384, ""rgb"": [179, 179, 179]}, {""label"": ""홈"", ""x0"": 98, ""y0"": 449, ""x1"": 248, ""y1"": 503, ""rgb"": [179, 179, 179]}, {""label"": ""도움말"", ""x0"": 645, ""y0"": 45, ""x1"": 795, ""y1"": 99, ""rgb"": [179, 179, 179]}, {""label"": ""삭제"", ""x0"": 83, ""y0"": 530, ""x1"": 233, ""y1"": 584, ""rgb"": [179, 179, 179]}]"
d5_L09_settings_T65_N.png,9,0,T65,target,65,설정,홈,363,217,320,142,293,292,347,d3_L09_gray_N.png,"[{""label"": ""로그인"", ""x0"": 445, ""y0"": 230, ""x1"": 595, ""y1"": 284, ""rgb"": [179, 179, 179]}, {""label"": ""취소"", ""x0"": 183, ""y0"": 152, ""x1"": 333, ""y1"": 206, ""rgb"": [179, 179, 179]}, {""label"": ""설정"", ""x0"": 142, ""y0"": 293, ""x1"": 292, ""y1"": 347, ""rgb"": [228, 166, 113]}, {""label"": ""검색"", ""x0"": 588, ""y0"": 331, ""x1"": 738, ""y1"": 385, ""rgb"": [179, 179, 179]}, {""label"": ""저장"", ""x0"": 412, ""y0"": 330, ""x1"": 562, ""y1"": 384, ""rgb"": [179, 179, 179]}, {""label"": ""홈"", ""x0"": 632, ""y0"": 449, ""x1"": 782, ""y1"": 503, ""rgb"": [179, 179, 179]}, {""label"": ""도움말"", ""x0"": 85, ""y0"": 45, ""x1"": 235, ""y1"": 99, ""rgb"": [179, 179, 179]}, {""label"": ""삭제"", ""x0"": 647, ""y0"": 530, ""x1"": 797, ""y1"": 584, ""rgb"": [179, 179, 179]}]"
d5_L09_settings_D65_N.png,9,0,D65,decoy,65,설정,홈,246,217,320,142,293,292,347,d3_L09_gray_N.png,"[{""label"": ""로그인"", ""x0"": 445, ""y0"": 230, ""x1"": 595, ""y1"": 284, ""rgb"": [179, 179, 179]}, {""label"": ""취소"", ""x0"": 183, ""y0"": 152, ""x1"": 333, ""y1"": 206, ""rgb"": [179, 179, 179]}, {""label"": ""설정"", ""x0"": 142, ""y0"": 293, ""x1"": 292, ""y1"": 347, ""rgb"": [179, 179, 179]}, {""label"": ""검색"", ""x0"": 588, ""y0"": 331, ""x1"": 738, ""y1"": 385, ""rgb"": [179, 179, 179]}, {""label"": ""저장"", ""x0"": 412, ""y0"": 330, ""x1"": 562, ""y1"": 384, ""rgb"": [179, 179, 179]}, {""label"": ""홈"", ""x0"": 632, ""y0"": 449, ""x1"": 782, ""y1"": 503, ""rgb"": [228, 166, 113]}, {""label"": ""도움말"", ""x0"": 85, ""y0"": 45, ""x1"": 235, ""y1"": 99, ""rgb"": [179, 179, 179]}, {""label"": ""삭제"", ""x0"": 647, ""y0"": 530, ""x1"": 797, ""y1"": 584, ""rgb"": [179, 179, 179]}]"
d5_L09_settings_T245_N.png,9,0,T245,target,245,설정,홈,54,217,320,142,293,292,347,d3_L09_gray_N.png,"[{""label"": ""로그인"", ""x0"": 445, ""y0"": 230, ""x1"": 595, ""y1"": 284, ""rgb"": [179, 179, 179]}, {""label"": ""취소"", ""x0"": 183, ""y0"": 152, ""x1"": 333, ""y1"": 206, ""rgb"": [179, 179, 179]}, {""label"": ""설정"", ""x0"": 142, ""y0"": 293, ""x1"": 292, ""y1"": 347, ""rgb"": [67, 191, 244]}, {""label"": ""검색"", ""x0"": 588, ""y0"": 331, ""x1"": 738, ""y1"": 385, ""rgb"": [179, 179, 179]}, {""label"": ""저장"", ""x0"": 412, ""y0"": 330, ""x1"": 562, ""y1"": 384, ""rgb"": [179, 179, 179]}, {""label"": ""홈"", ""x0"": 632, ""y0"": 449, ""x1"": 782, ""y1"": 503, ""rgb"": [179, 179, 179]}, {""label"": ""도움말"", ""x0"": 85, ""y0"": 45, ""x1"": 235, ""y1"": 99, ""rgb"": [179, 179, 179]}, {""label"": ""삭제"", ""x0"": 647, ""y0"": 530, ""x1"": 797, ""y1"": 584, ""rgb"": [179, 179, 179]}]"
d5_L09_settings_D245_N.png,9,0,D245,decoy,245,설정,홈,194,217,320,142,293,292,347,d3_L09_gray_N.png,"[{""label"": ""로그인"", ""x0"": 445, ""y0"": 230, ""x1"": 595, ""y1"": 284, ""rgb"": [179, 179, 179]}, {""label"": ""취소"", ""x0"": 183, ""y0"": 152, ""x1"": 333, ""y1"": 206, ""rgb"": [179, 179, 179]}, {""label"": ""설정"", ""x0"": 142, ""y0"": 293, ""x1"": 292, ""y1"": 347, ""rgb"": [179, 179, 179]}, {""label"": ""검색"", ""x0"": 588, ""y0"": 331, ""x1"": 738, ""y1"": 385, ""rgb"": [179, 179, 179]}, {""label"": ""저장"", ""x0"": 412, ""y0"": 330, ""x1"": 562, ""y1"": 384, ""rgb"": [179, 179, 179]}, {""label"": ""홈"", ""x0"": 632, ""y0"": 449, ""x1"": 782, ""y1"": 503, ""rgb"": [67, 191, 244]}, {""label"": ""도움말"", ""x0"": 85, ""y0"": 45, ""x1"": 235, ""y1"": 99, ""rgb"": [179, 179, 179]}, {""label"": ""삭제"", ""x0"": 647, ""y0"": 530, ""x1"": 797, ""y1"": 584, ""rgb"": [179, 179, 179]}]"
d5_L09_settings_T65_M.png,9,1,T65,target,65,설정,홈,237,663,320,588,293,738,347,d3_L09_gray_M.png,"[{""label"": ""로그인"", ""x0"": 285, ""y0"": 230, ""x1"": 435, ""y1"": 284, ""rgb"": [179, 179, 179]}, {""label"": ""취소"", ""x0"": 547, ""y0"": 152, ""x1"": 697, ""y1"": 206, ""rgb"": [179, 179, 179]}, {""label"": ""설정"", ""x0"": 588, ""y0"": 293, ""x1"": 738, ""y1"": 347, ""rgb"": [228, 166, 113]}, {""label"": ""검색"", ""x0"": 142, ""y0"": 331, ""x1"": 292, ""y1"": 385, ""rgb"": [179, 179, 179]}, {""label"": ""저장"", ""x0"": 318, ""y0"": 330, ""x1"": 468, ""y1"": 384, ""rgb"": [179, 179, 179]}, {""label"": ""홈"", ""x0"": 98, ""y0"": 449, ""x1"": 248, ""y1"": 503, ""rgb"": [179, 179, 179]}, {""label"": ""도움말"", ""x0"": 645, ""y0"": 45, ""x1"": 795, ""y1"": 99, ""rgb"": [179, 179, 179]}, {""label"": ""삭제"", ""x0"": 83, ""y0"": 530, ""x1"": 233, ""y1"": 584, ""rgb"": [179, 179, 179]}]"
d5_L09_settings_D65_M.png,9,1,D65,decoy,65,설정,홈,165,663,320,588,293,738,347,d3_L09_gray_M.png,"[{""label"": ""로그인"", ""x0"": 285, ""y0"": 230, ""x1"": 435, ""y1"": 284, ""rgb"": [179, 179, 179]}, {""label"": ""취소"", ""x0"": 547, ""y0"": 152, ""x1"": 697, ""y1"": 206, ""rgb"": [179, 179, 179]}, {""label"": ""설정"", ""x0"": 588, ""y0"": 293, ""x1"": 738, ""y1"": 347, ""rgb"": [179, 179, 179]}, {""label"": ""검색"", ""x0"": 142, ""y0"": 331, ""x1"": 292, ""y1"": 385, ""rgb"": [179, 179, 179]}, {""label"": ""저장"", ""x0"": 318, ""y0"": 330, ""x1"": 468, ""y1"": 384, ""rgb"": [179, 179, 179]}, {""label"": ""홈"", ""x0"": 98, ""y0"": 449, ""x1"": 248, ""y1"": 503, ""rgb"": [228, 166, 113]}, {""label"": ""도움말"", ""x0"": 645, ""y0"": 45, ""x1"": 795, ""y1"": 99, ""rgb"": [179, 179, 179]}, {""label"": ""삭제"", ""x0"": 83, ""y0"": 530, ""x1"": 233, ""y1"": 584, ""rgb"": [179, 179, 179]}]"
d5_L09_settings_T245_M.png,9,1,T245,target,245,설정,홈,140,663,320,588,293,738,347,d3_L09_gray_M.png,"[{""label"": ""로그인"", ""x0"": 285, ""y0"": 230, ""x1"": 435, ""y1"": 284, ""rgb"": [179, 179, 179]}, {""label"": ""취소"", ""x0"": 547, ""y0"": 152, ""x1"": 697, ""y1"": 206, ""rgb"": [179, 179, 179]}, {""label"": ""설정"", ""x0"": 588, ""y0"": 293, ""x1"": 738, ""y1"": 347, ""rgb"": [67, 191, 244]}, {""label"": ""검색"", ""x0"": 142, ""y0"": 331, ""x1"": 292, ""y1"": 385, ""rgb"": [179, 179, 179]}, {""label"": ""저장"", ""x0"": 318, ""y0"": 330, ""x1"": 468, ""y1"": 384, ""rgb"": [179, 179, 179]}, {""label"": ""홈"", ""x0"": 98, ""y0"": 449, ""x1"": 248, ""y1"": 503, ""rgb"": [179, 179, 179]}, {""label"": ""도움말"", ""x0"": 645, ""y0"": 45, ""x1"": 795, ""y1"": 99, ""rgb"": [179, 179, 179]}, {""label"": ""삭제"", ""x0"": 83, ""y0"": 530, ""x1"": 233, ""y1"": 584, ""rgb"": [179, 179, 179]}]"
d5_L09_settings_D245_M.png,9,1,D245,decoy,245,설정,홈,79,663,320,588,293,738,347,d3_L09_gray_M.png,"[{""label"": ""로그인"", ""x0"": 285, ""y0"": 230, ""x1"": 435, ""y1"": 284, ""rgb"": [179, 179, 179]}, {""label"": ""취소"", ""x0"": 547, ""y0"": 152, ""x1"": 697, ""y1"": 206, ""rgb"": [179, 179, 179]}, {""label"": ""설정"", ""x0"": 588, ""y0"": 293, ""x1"": 738, ""y1"": 347, ""rgb"": [179, 179, 179]}, {""label"": ""검색"", ""x0"": 142, ""y0"": 331, ""x1"": 292, ""y1"": 385, ""rgb"": [179, 179, 179]}, {""label"": ""저장"", ""x0"": 318, ""y0"": 330, ""x1"": 468, ""y1"": 384, ""rgb"": [179, 179, 179]}, {""label"": ""홈"", ""x0"": 98, ""y0"": 449, ""x1"": 248, ""y1"": 503, ""rgb"": [67, 191, 244]}, {""label"": ""도움말"", ""x0"": 645, ""y0"": 45, ""x1"": 795, ""y1"": 99, ""rgb"": [179, 179, 179]}, {""label"": ""삭제"", ""x0"": 83, ""y0"": 530, ""x1"": 233, ""y1"": 584, ""rgb"": [179, 179, 179]}]"
d5_L10_login_D65_N.png,10,0,D65,decoy,65,로그인,저장,216,654,334,579,307,729,361,d3_L10_gray_N.png,"[{""label"": ""로그인"", ""x0"": 579, ""y0"": 307, ""x1"": 729, ""y1"": 361, ""rgb"": [179, 179, 179]}, {""label"": ""취소"", ""x0"": 444, ""y0"": 432, ""x1"": 594, ""y1"": 486, ""rgb"": [179, 179, 179]}, {""label"": ""설정"", ""x0"": 124, ""y0"": 92, ""x1"": 274, ""y1"": 146, ""rgb"": [179, 179, 179]}, {""label"": ""검색"", ""x0"": 174, ""y0"": 354, ""x1"": 324, ""y1"": 408, ""rgb"": [179, 179, 179]}, {""label"": ""저장"", ""x0"": 664, ""y0"": 205, ""x1"": 814, ""y1"": 259, ""rgb"": [228, 166, 113]}, {""label"": ""홈"", ""x0"": 396, ""y0"": 296, ""x1"": 546, ""y1"": 350, ""rgb"": [179, 179, 179]}, {""label"": ""도움말"", ""x0"": 462, ""y0"": 29, ""x1"": 612, ""y1"": 83, ""rgb"": [179, 179, 179]}, {""label"": ""삭제"", ""x0"": 112, ""y0"": 434, ""x1"": 262, ""y1"": 488, ""rgb"": [179, 179, 179]}]"
d5_L10_login_D245_N.png,10,0,D245,decoy,245,로그인,저장,149,654,334,579,307,729,361,d3_L10_gray_N.png,"[{""label"": ""로그인"", ""x0"": 579, ""y0"": 307, ""x1"": 729, ""y1"": 361, ""rgb"": [179, 179, 179]}, {""label"": ""취소"", ""x0"": 444, ""y0"": 432, ""x1"": 594, ""y1"": 486, ""rgb"": [179, 179, 179]}, {""label"": ""설정"", ""x0"": 124, ""y0"": 92, ""x1"": 274, ""y1"": 146, ""rgb"": [179, 179, 179]}, {""label"": ""검색"", ""x0"": 174, ""y0"": 354, ""x1"": 324, ""y1"": 408, ""rgb"": [179, 179, 179]}, {""label"": ""저장"", ""x0"": 664, ""y0"": 205, ""x1"": 814, ""y1"": 259, ""rgb"": [67, 191, 244]}, {""label"": ""홈"", ""x0"": 396, ""y0"": 296, ""x1"": 546, ""y1"": 350, ""rgb"": [179, 179, 179]}, {""label"": ""도움말"", ""x0"": 462, ""y0"": 29, ""x1"": 612, ""y1"": 83, ""rgb"": [179, 179, 179]}, {""label"": ""삭제"", ""x0"": 112, ""y0"": 434, ""x1"": 262, ""y1"": 488, ""rgb"": [179, 179, 179]}]"
d5_L10_login_D65_M.png,10,1,D65,decoy,65,로그인,저장,123,226,334,151,307,301,361,d3_L10_gray_M.png,"[{""label"": ""로그인"", ""x0"": 151, ""y0"": 307, ""x1"": 301, ""y1"": 361, ""rgb"": [179, 179, 179]}, {""label"": ""취소"", ""x0"": 286, ""y0"": 432, ""x1"": 436, ""y1"": 486, ""rgb"": [179, 179, 179]}, {""label"": ""설정"", ""x0"": 606, ""y0"": 92, ""x1"": 756, ""y1"": 146, ""rgb"": [179, 179, 179]}, {""label"": ""검색"", ""x0"": 556, ""y0"": 354, ""x1"": 706, ""y1"": 408, ""rgb"": [179, 179, 179]}, {""label"": ""저장"", ""x0"": 66, ""y0"": 205, ""x1"": 216, ""y1"": 259, ""rgb"": [228, 166, 113]}, {""label"": ""홈"", ""x0"": 334, ""y0"": 296, ""x1"": 484, ""y1"": 350, ""rgb"": [179, 179, 179]}, {""label"": ""도움말"", ""x0"": 268, ""y0"": 29, ""x1"": 418, ""y1"": 83, ""rgb"": [179, 179, 179]}, {""label"": ""삭제"", ""x0"": 618, ""y0"": 434, ""x1"": 768, ""y1"": 488, ""rgb"": [179, 179, 179]}]"
d5_L10_login_D245_M.png,10,1,D245,decoy,245,로그인,저장,367,226,334,151,307,301,361,d3_L10_gray_M.png,"[{""label"": ""로그인"", ""x0"": 151, ""y0"": 307, ""x1"": 301, ""y1"": 361, ""rgb"": [179, 179, 179]}, {""label"": ""취소"", ""x0"": 286, ""y0"": 432, ""x1"": 436, ""y1"": 486, ""rgb"": [179, 179, 179]}, {""label"": ""설정"", ""x0"": 606, ""y0"": 92, ""x1"": 756, ""y1"": 146, ""rgb"": [179, 179, 179]}, {""label"": ""검색"", ""x0"": 556, ""y0"": 354, ""x1"": 706, ""y1"": 408, ""rgb"": [179, 179, 179]}, {""label"": ""저장"", ""x0"": 66, ""y0"": 205, ""x1"": 216, ""y1"": 259, ""rgb"": [67, 191, 244]}, {""label"": ""홈"", ""x0"": 334, ""y0"": 296, ""x1"": 484, ""y1"": 350, ""rgb"": [179, 179, 179]}, {""label"": ""도움말"", ""x0"": 268, ""y0"": 29, ""x1"": 418, ""y1"": 83, ""rgb"": [179, 179, 179]}, {""label"": ""삭제"", ""x0"": 618, ""y0"": 434, ""x1"": 768, ""y1"": 488, ""rgb"": [179, 179, 179]}]"
d5_L10_home_T65_N.png,10,0,T65,target,65,홈,검색,342,471,323,396,296,546,350,d3_L10_gray_N.png,"[{""label"": ""로그인"", ""x0"": 579, ""y0"": 307, ""x1"": 729, ""y1"": 361, ""rgb"": [179, 179, 179]}, {""label"": ""취소"", ""x0"": 444, ""y0"": 432, ""x1"": 594, ""y1"": 486, ""rgb"": [179, 179, 179]}, {""label"": ""설정"", ""x0"": 124, ""y0"": 92, ""x1"": 274, ""y1"": 146, ""rgb"": [179, 179, 179]}, {""label"": ""검색"", ""x0"": 174, ""y0"": 354, ""x1"": 324, ""y1"": 408, ""rgb"": [179, 179, 179]}, {""label"": ""저장"", ""x0"": 664, ""y0"": 205, ""x1"": 814, ""y1"": 259, ""rgb"": [179, 179, 179]}, {""label"": ""홈"", ""x0"": 396, ""y0"": 296, ""x1"": 546, ""y1"": 350, ""rgb"": [228, 166, 113]}, {""label"": ""도움말"", ""x0"": 462, ""y0"": 29, ""x1"": 612, ""y1"": 83, ""rgb"": [179, 179, 179]}, {""label"": ""삭제"", ""x0"": 112, ""y0"": 434, ""x1"": 262, ""y1"": 488, ""rgb"": [179, 179, 179]}]"
d5_L10_home_D65_N.png,10,0,D65,decoy,65,홈,검색,306,471,323,396,296,546,350,d3_L10_gray_N.png,"[{""label"": ""로그인"", ""x0"": 579, ""y0"": 307, ""x1"": 729, ""y1"": 361, ""rgb"": [179, 179, 179]}, {""label"": ""취소"", ""x0"": 444, ""y0"": 432, ""x1"": 594, ""y1"": 486, ""rgb"": [179, 179, 179]}, {""label"": ""설정"", ""x0"": 124, ""y0"": 92, ""x1"": 274, ""y1"": 146, ""rgb"": [179, 179, 179]}, {""label"": ""검색"", ""x0"": 174, ""y0"": 354, ""x1"": 324, ""y1"": 408, ""rgb"": [228, 166, 113]}, {""label"": ""저장"", ""x0"": 664, ""y0"": 205, ""x1"": 814, ""y1"": 259, ""rgb"": [179, 179, 179]}, {""label"": ""홈"", ""x0"": 396, ""y0"": 296, ""x1"": 546, ""y1"": 350, ""rgb"": [179, 179, 179]}, {""label"": ""도움말"", ""x0"": 462, ""y0"": 29, ""x1"": 612, ""y1"": 83, ""rgb"": [179, 179, 179]}, {""label"": ""삭제"", ""x0"": 112, ""y0"": 434, ""x1"": 262, ""y1"": 488, ""rgb"": [179, 179, 179]}]"
d5_L10_home_T245_N.png,10,0,T245,target,245,홈,검색,209,471,323,396,296,546,350,d3_L10_gray_N.png,"[{""label"": ""로그인"", ""x0"": 579, ""y0"": 307, ""x1"": 729, ""y1"": 361, ""rgb"": [179, 179, 179]}, {""label"": ""취소"", ""x0"": 444, ""y0"": 432, ""x1"": 594, ""y1"": 486, ""rgb"": [179, 179, 179]}, {""label"": ""설정"", ""x0"": 124, ""y0"": 92, ""x1"": 274, ""y1"": 146, ""rgb"": [179, 179, 179]}, {""label"": ""검색"", ""x0"": 174, ""y0"": 354, ""x1"": 324, ""y1"": 408, ""rgb"": [179, 179, 179]}, {""label"": ""저장"", ""x0"": 664, ""y0"": 205, ""x1"": 814, ""y1"": 259, ""rgb"": [179, 179, 179]}, {""label"": ""홈"", ""x0"": 396, ""y0"": 296, ""x1"": 546, ""y1"": 350, ""rgb"": [67, 191, 244]}, {""label"": ""도움말"", ""x0"": 462, ""y0"": 29, ""x1"": 612, ""y1"": 83, ""rgb"": [179, 179, 179]}, {""label"": ""삭제"", ""x0"": 112, ""y0"": 434, ""x1"": 262, ""y1"": 488, ""rgb"": [179, 179, 179]}]"
d5_L10_home_D245_N.png,10,0,D245,decoy,245,홈,검색,178,471,323,396,296,546,350,d3_L10_gray_N.png,"[{""label"": ""로그인"", ""x0"": 579, ""y0"": 307, ""x1"": 729, ""y1"": 361, ""rgb"": [179, 179, 179]}, {""label"": ""취소"", ""x0"": 444, ""y0"": 432, ""x1"": 594, ""y1"": 486, ""rgb"": [179, 179, 179]}, {""label"": ""설정"", ""x0"": 124, ""y0"": 92, ""x1"": 274, ""y1"": 146, ""rgb"": [179, 179, 179]}, {""label"": ""검색"", ""x0"": 174, ""y0"": 354, ""x1"": 324, ""y1"": 408, ""rgb"": [67, 191, 244]}, {""label"": ""저장"", ""x0"": 664, ""y0"": 205, ""x1"": 814, ""y1"": 259, ""rgb"": [179, 179, 179]}, {""label"": ""홈"", ""x0"": 396, ""y0"": 296, ""x1"": 546, ""y1"": 350, ""rgb"": [179, 179, 179]}, {""label"": ""도움말"", ""x0"": 462, ""y0"": 29, ""x1"": 612, ""y1"": 83, ""rgb"": [179, 179, 179]}, {""label"": ""삭제"", ""x0"": 112, ""y0"": 434, ""x1"": 262, ""y1"": 488, ""rgb"": [179, 179, 179]}]"
d5_L10_home_T65_M.png,10,1,T65,target,65,홈,검색,42,409,323,334,296,484,350,d3_L10_gray_M.png,"[{""label"": ""로그인"", ""x0"": 151, ""y0"": 307, ""x1"": 301, ""y1"": 361, ""rgb"": [179, 179, 179]}, {""label"": ""취소"", ""x0"": 286, ""y0"": 432, ""x1"": 436, ""y1"": 486, ""rgb"": [179, 179, 179]}, {""label"": ""설정"", ""x0"": 606, ""y0"": 92, ""x1"": 756, ""y1"": 146, ""rgb"": [179, 179, 179]}, {""label"": ""검색"", ""x0"": 556, ""y0"": 354, ""x1"": 706, ""y1"": 408, ""rgb"": [179, 179, 179]}, {""label"": ""저장"", ""x0"": 66, ""y0"": 205, ""x1"": 216, ""y1"": 259, ""rgb"": [179, 179, 179]}, {""label"": ""홈"", ""x0"": 334, ""y0"": 296, ""x1"": 484, ""y1"": 350, ""rgb"": [228, 166, 113]}, {""label"": ""도움말"", ""x0"": 268, ""y0"": 29, ""x1"": 418, ""y1"": 83, ""rgb"": [179, 179, 179]}, {""label"": ""삭제"", ""x0"": 618, ""y0"": 434, ""x1"": 768, ""y1"": 488, ""rgb"": [179, 179, 179]}]"
d5_L10_home_D65_M.png,10,1,D65,decoy,65,홈,검색,206,409,323,334,296,484,350,d3_L10_gray_M.png,"[{""label"": ""로그인"", ""x0"": 151, ""y0"": 307, ""x1"": 301, ""y1"": 361, ""rgb"": [179, 179, 179]}, {""label"": ""취소"", ""x0"": 286, ""y0"": 432, ""x1"": 436, ""y1"": 486, ""rgb"": [179, 179, 179]}, {""label"": ""설정"", ""x0"": 606, ""y0"": 92, ""x1"": 756, ""y1"": 146, ""rgb"": [179, 179, 179]}, {""label"": ""검색"", ""x0"": 556, ""y0"": 354, ""x1"": 706, ""y1"": 408, ""rgb"": [228, 166, 113]}, {""label"": ""저장"", ""x0"": 66, ""y0"": 205, ""x1"": 216, ""y1"": 259, ""rgb"": [179, 179, 179]}, {""label"": ""홈"", ""x0"": 334, ""y0"": 296, ""x1"": 484, ""y1"": 350, ""rgb"": [179, 179, 179]}, {""label"": ""도움말"", ""x0"": 268, ""y0"": 29, ""x1"": 418, ""y1"": 83, ""rgb"": [179, 179, 179]}, {""label"": ""삭제"", ""x0"": 618, ""y0"": 434, ""x1"": 768, ""y1"": 488, ""rgb"": [179, 179, 179]}]"
d5_L10_home_T245_M.png,10,1,T245,target,245,홈,검색,264,409,323,334,296,484,350,d3_L10_gray_M.png,"[{""label"": ""로그인"", ""x0"": 151, ""y0"": 307, ""x1"": 301, ""y1"": 361, ""rgb"": [179, 179, 179]}, {""label"": ""취소"", ""x0"": 286, ""y0"": 432, ""x1"": 436, ""y1"": 486, ""rgb"": [179, 179, 179]}, {""label"": ""설정"", ""x0"": 606, ""y0"": 92, ""x1"": 756, ""y1"": 146, ""rgb"": [179, 179, 179]}, {""label"": ""검색"", ""x0"": 556, ""y0"": 354, ""x1"": 706, ""y1"": 408, ""rgb"": [179, 179, 179]}, {""label"": ""저장"", ""x0"": 66, ""y0"": 205, ""x1"": 216, ""y1"": 259, ""rgb"": [179, 179, 179]}, {""label"": ""홈"", ""x0"": 334, ""y0"": 296, ""x1"": 484, ""y1"": 350, ""rgb"": [67, 191, 244]}, {""label"": ""도움말"", ""x0"": 268, ""y0"": 29, ""x1"": 418, ""y1"": 83, ""rgb"": [179, 179, 179]}, {""label"": ""삭제"", ""x0"": 618, ""y0"": 434, ""x1"": 768, ""y1"": 488, ""rgb"": [179, 179, 179]}]"
d5_L10_home_D245_M.png,10,1,D245,decoy,245,홈,검색,68,409,323,334,296,484,350,d3_L10_gray_M.png,"[{""label"": ""로그인"", ""x0"": 151, ""y0"": 307, ""x1"": 301, ""y1"": 361, ""rgb"": [179, 179, 179]}, {""label"": ""취소"", ""x0"": 286, ""y0"": 432, ""x1"": 436, ""y1"": 486, ""rgb"": [179, 179, 179]}, {""label"": ""설정"", ""x0"": 606, ""y0"": 92, ""x1"": 756, ""y1"": 146, ""rgb"": [179, 179, 179]}, {""label"": ""검색"", ""x0"": 556, ""y0"": 354, ""x1"": 706, ""y1"": 408, ""rgb"": [67, 191, 244]}, {""label"": ""저장"", ""x0"": 66, ""y0"": 205, ""x1"": 216, ""y1"": 259, ""rgb"": [179, 179, 179]}, {""label"": ""홈"", ""x0"": 334, ""y0"": 296, ""x1"": 484, ""y1"": 350, ""rgb"": [179, 179, 179]}, {""label"": ""도움말"", ""x0"": 268, ""y0"": 29, ""x1"": 418, ""y1"": 83, ""rgb"": [179, 179, 179]}, {""label"": ""삭제"", ""x0"": 618, ""y0"": 434, ""x1"": 768, ""y1"": 488, ""rgb"": [179, 179, 179]}]"
d5_L10_settings_T65_N.png,10,0,T65,target,65,설정,취소,44,199,119,124,92,274,146,d3_L10_gray_N.png,"[{""label"": ""로그인"", ""x0"": 579, ""y0"": 307, ""x1"": 729, ""y1"": 361, ""rgb"": [179, 179, 179]}, {""label"": ""취소"", ""x0"": 444, ""y0"": 432, ""x1"": 594, ""y1"": 486, ""rgb"": [179, 179, 179]}, {""label"": ""설정"", ""x0"": 124, ""y0"": 92, ""x1"": 274, ""y1"": 146, ""rgb"": [228, 166, 113]}, {""label"": ""검색"", ""x0"": 174, ""y0"": 354, ""x1"": 324, ""y1"": 408, ""rgb"": [179, 179, 179]}, {""label"": ""저장"", ""x0"": 664, ""y0"": 205, ""x1"": 814, ""y1"": 259, ""rgb"": [179, 179, 179]}, {""label"": ""홈"", ""x0"": 396, ""y0"": 296, ""x1"": 546, ""y1"": 350, ""rgb"": [179, 179, 179]}, {""label"": ""도움말"", ""x0"": 462, ""y0"": 29, ""x1"": 612, ""y1"": 83, ""rgb"": [179, 179, 179]}, {""label"": ""삭제"", ""x0"": 112, ""y0"": 434, ""x1"": 262, ""y1"": 488, ""rgb"": [179, 179, 179]}]"
d5_L10_settings_D65_N.png,10,0,D65,decoy,65,설정,취소,142,199,119,124,92,274,146,d3_L10_gray_N.png,"[{""label"": ""로그인"", ""x0"": 579, ""y0"": 307, ""x1"": 729, ""y1"": 361, ""rgb"": [179, 179, 179]}, {""label"": ""취소"", ""x0"": 444, ""y0"": 432, ""x1"": 594, ""y1"": 486, ""rgb"": [228, 166, 113]}, {""label"": ""설정"", ""x0"": 124, ""y0"": 92, ""x1"": 274, ""y1"": 146, ""rgb"": [179, 179, 179]}, {""label"": ""검색"", ""x0"": 174, ""y0"": 354, ""x1"": 324, ""y1"": 408, ""rgb"": [179, 179, 179]}, {""label"": ""저장"", ""x0"": 664, ""y0"": 205, ""x1"": 814, ""y1"": 259, ""rgb"": [179, 179, 179]}, {""label"": ""홈"", ""x0"": 396, ""y0"": 296, ""x1"": 546, ""y1"": 350, ""rgb"": [179, 179, 179]}, {""label"": ""도움말"", ""x0"": 462, ""y0"": 29, ""x1"": 612, ""y1"": 83, ""rgb"": [179, 179, 179]}, {""label"": ""삭제"", ""x0"": 112, ""y0"": 434, ""x1"": 262, ""y1"": 488, ""rgb"": [179, 179, 179]}]"
d5_L10_settings_T245_N.png,10,0,T245,target,245,설정,취소,141,199,119,124,92,274,146,d3_L10_gray_N.png,"[{""label"": ""로그인"", ""x0"": 579, ""y0"": 307, ""x1"": 729, ""y1"": 361, ""rgb"": [179, 179, 179]}, {""label"": ""취소"", ""x0"": 444, ""y0"": 432, ""x1"": 594, ""y1"": 486, ""rgb"": [179, 179, 179]}, {""label"": ""설정"", ""x0"": 124, ""y0"": 92, ""x1"": 274, ""y1"": 146, ""rgb"": [67, 191, 244]}, {""label"": ""검색"", ""x0"": 174, ""y0"": 354, ""x1"": 324, ""y1"": 408, ""rgb"": [179, 179, 179]}, {""label"": ""저장"", ""x0"": 664, ""y0"": 205, ""x1"": 814, ""y1"": 259, ""rgb"": [179, 179, 179]}, {""label"": ""홈"", ""x0"": 396, ""y0"": 296, ""x1"": 546, ""y1"": 350, ""rgb"": [179, 179, 179]}, {""label"": ""도움말"", ""x0"": 462, ""y0"": 29, ""x1"": 612, ""y1"": 83, ""rgb"": [179, 179, 179]}, {""label"": ""삭제"", ""x0"": 112, ""y0"": 434, ""x1"": 262, ""y1"": 488, ""rgb"": [179, 179, 179]}]"
d5_L10_settings_D245_N.png,10,0,D245,decoy,245,설정,취소,389,199,119,124,92,274,146,d3_L10_gray_N.png,"[{""label"": ""로그인"", ""x0"": 579, ""y0"": 307, ""x1"": 729, ""y1"": 361, ""rgb"": [179, 179, 179]}, {""label"": ""취소"", ""x0"": 444, ""y0"": 432, ""x1"": 594, ""y1"": 486, ""rgb"": [67, 191, 244]}, {""label"": ""설정"", ""x0"": 124, ""y0"": 92, ""x1"": 274, ""y1"": 146, ""rgb"": [179, 179, 179]}, {""label"": ""검색"", ""x0"": 174, ""y0"": 354, ""x1"": 324, ""y1"": 408, ""rgb"": [179, 179, 179]}, {""label"": ""저장"", ""x0"": 664, ""y0"": 205, ""x1"": 814, ""y1"": 259, ""rgb"": [179, 179, 179]}, {""label"": ""홈"", ""x0"": 396, ""y0"": 296, ""x1"": 546, ""y1"": 350, ""rgb"": [179, 179, 179]}, {""label"": ""도움말"", ""x0"": 462, ""y0"": 29, ""x1"": 612, ""y1"": 83, ""rgb"": [179, 179, 179]}, {""label"": ""삭제"", ""x0"": 112, ""y0"": 434, ""x1"": 262, ""y1"": 488, ""rgb"": [179, 179, 179]}]"
d5_L10_settings_T65_M.png,10,1,T65,target,65,설정,취소,344,681,119,606,92,756,146,d3_L10_gray_M.png,"[{""label"": ""로그인"", ""x0"": 151, ""y0"": 307, ""x1"": 301, ""y1"": 361, ""rgb"": [179, 179, 179]}, {""label"": ""취소"", ""x0"": 286, ""y0"": 432, ""x1"": 436, ""y1"": 486, ""rgb"": [179, 179, 179]}, {""label"": ""설정"", ""x0"": 606, ""y0"": 92, ""x1"": 756, ""y1"": 146, ""rgb"": [228, 166, 113]}, {""label"": ""검색"", ""x0"": 556, ""y0"": 354, ""x1"": 706, ""y1"": 408, ""rgb"": [179, 179, 179]}, {""label"": ""저장"", ""x0"": 66, ""y0"": 205, ""x1"": 216, ""y1"": 259, ""rgb"": [179, 179, 179]}, {""label"": ""홈"", ""x0"": 334, ""y0"": 296, ""x1"": 484, ""y1"": 350, ""rgb"": [179, 179, 179]}, {""label"": ""도움말"", ""x0"": 268, ""y0"": 29, ""x1"": 418, ""y1"": 83, ""rgb"": [179, 179, 179]}, {""label"": ""삭제"", ""x0"": 618, ""y0"": 434, ""x1"": 768, ""y1"": 488, ""rgb"": [179, 179, 179]}]"
d5_L10_settings_D65_M.png,10,1,D65,decoy,65,설정,취소,337,681,119,606,92,756,146,d3_L10_gray_M.png,"[{""label"": ""로그인"", ""x0"": 151, ""y0"": 307, ""x1"": 301, ""y1"": 361, ""rgb"": [179, 179, 179]}, {""label"": ""취소"", ""x0"": 286, ""y0"": 432, ""x1"": 436, ""y1"": 486, ""rgb"": [228, 166, 113]}, {""label"": ""설정"", ""x0"": 606, ""y0"": 92, ""x1"": 756, ""y1"": 146, ""rgb"": [179, 179, 179]}, {""label"": ""검색"", ""x0"": 556, ""y0"": 354, ""x1"": 706, ""y1"": 408, ""rgb"": [179, 179, 179]}, {""label"": ""저장"", ""x0"": 66, ""y0"": 205, ""x1"": 216, ""y1"": 259, ""rgb"": [179, 179, 179]}, {""label"": ""홈"", ""x0"": 334, ""y0"": 296, ""x1"": 484, ""y1"": 350, ""rgb"": [179, 179, 179]}, {""label"": ""도움말"", ""x0"": 268, ""y0"": 29, ""x1"": 418, ""y1"": 83, ""rgb"": [179, 179, 179]}, {""label"": ""삭제"", ""x0"": 618, ""y0"": 434, ""x1"": 768, ""y1"": 488, ""rgb"": [179, 179, 179]}]"
d5_L10_settings_T245_M.png,10,1,T245,target,245,설정,취소,73,681,119,606,92,756,146,d3_L10_gray_M.png,"[{""label"": ""로그인"", ""x0"": 151, ""y0"": 307, ""x1"": 301, ""y1"": 361, ""rgb"": [179, 179, 179]}, {""label"": ""취소"", ""x0"": 286, ""y0"": 432, ""x1"": 436, ""y1"": 486, ""rgb"": [179, 179, 179]}, {""label"": ""설정"", ""x0"": 606, ""y0"": 92, ""x1"": 756, ""y1"": 146, ""rgb"": [67, 191, 244]}, {""label"": ""검색"", ""x0"": 556, ""y0"": 354, ""x1"": 706, ""y1"": 408, ""rgb"": [179, 179, 179]}, {""label"": ""저장"", ""x0"": 66, ""y0"": 205, ""x1"": 216, ""y1"": 259, ""rgb"": [179, 179, 179]}, {""label"": ""홈"", ""x0"": 334, ""y0"": 296, ""x1"": 484, ""y1"": 350, ""rgb"": [179, 179, 179]}, {""label"": ""도움말"", ""x0"": 268, ""y0"": 29, ""x1"": 418, ""y1"": 83, ""rgb"": [179, 179, 179]}, {""label"": ""삭제"", ""x0"": 618, ""y0"": 434, ""x1"": 768, ""y1"": 488, ""rgb"": [179, 179, 179]}]"
d5_L10_settings_D245_M.png,10,1,D245,decoy,245,설정,취소,317,681,119,606,92,756,146,d3_L10_gray_M.png,"[{""label"": ""로그인"", ""x0"": 151, ""y0"": 307, ""x1"": 301, ""y1"": 361, ""rgb"": [179, 179, 179]}, {""label"": ""취소"", ""x0"": 286, ""y0"": 432, ""x1"": 436, ""y1"": 486, ""rgb"": [67, 191, 244]}, {""label"": ""설정"", ""x0"": 606, ""y0"": 92, ""x1"": 756, ""y1"": 146, ""rgb"": [179, 179, 179]}, {""label"": ""검색"", ""x0"": 556, ""y0"": 354, ""x1"": 706, ""y1"": 408, ""rgb"": [179, 179, 179]}, {""label"": ""저장"", ""x0"": 66, ""y0"": 205, ""x1"": 216, ""y1"": 259, ""rgb"": [179, 179, 179]}, {""label"": ""홈"", ""x0"": 334, ""y0"": 296, ""x1"": 484, ""y1"": 350, ""rgb"": [179, 179, 179]}, {""label"": ""도움말"", ""x0"": 268, ""y0"": 29, ""x1"": 418, ""y1"": 83, ""rgb"": [179, 179, 179]}, {""label"": ""삭제"", ""x0"": 618, ""y0"": 434, ""x1"": 768, ""y1"": 488, ""rgb"": [179, 179, 179]}]"
d5_L11_login_D65_N.png,11,0,D65,decoy,65,로그인,삭제,236,201,506,126,479,276,533,d3_L11_gray_N.png,"[{""label"": ""로그인"", ""x0"": 126, ""y0"": 479, ""x1"": 276, ""y1"": 533, ""rgb"": [179, 179, 179]}, {""label"": ""취소"", ""x0"": 139, ""y0"": 162, ""x1"": 289, ""y1"": 216, ""rgb"": [179, 179, 179]}, {""label"": ""설정"", ""x0"": 231, ""y0"": 296, ""x1"": 381, ""y1"": 350, ""rgb"": [179, 179, 179]}, {""label"": ""검색"", ""x0"": 610, ""y0"": 156, ""x1"": 760, ""y1"": 210, ""rgb"": [179, 179, 179]}, {""label"": ""저장"", ""x0"": 148, ""y0"": 43, ""x1"": 298, ""y1"": 97, ""rgb"": [179, 179, 179]}, {""label"": ""홈"", ""x0"": 327, ""y0"": 98, ""x1"": 477, ""y1"": 152, ""rgb"": [179, 179, 179]}, {""label"": ""도움말"", ""x0"": 692, ""y0"": 437, ""x1"": 842, ""y1"": 491, ""rgb"": [179, 179, 179]}, {""label"": ""삭제"", ""x0"": 484, ""y0"": 377, ""x1"": 634, ""y1"": 431, ""rgb"": [228, 166, 113]}]"
d5_L11_login_D245_N.png,11,0,D245,decoy,245,로그인,삭제,300,201,506,126,479,276,533,d3_L11_gray_N.png,"[{""label"": ""로그인"", ""x0"": 126, ""y0"": 479, ""x1"": 276, ""y1"": 533, ""rgb"": [179, 179, 179]}, {""label"": ""취소"", ""x0"": 139, ""y0"": 162, ""x1"": 289, ""y1"": 216, ""rgb"": [179, 179, 179]}, {""label"": ""설정"", ""x0"": 231, ""y0"": 296, ""x1"": 381, ""y1"": 350, ""rgb"": [179, 179, 179]}, {""label"": ""검색"", ""x0"": 610, ""y0"": 156, ""x1"": 760, ""y1"": 210, ""rgb"": [179, 179, 179]}, {""label"": ""저장"", ""x0"": 148, ""y0"": 43, ""x1"": 298, ""y1"": 97, ""rgb"": [179, 179, 179]}, {""label"": ""홈"", ""x0"": 327, ""y0"": 98, ""x1"": 477, ""y1"": 152, ""rgb"": [179, 179, 179]}, {""label"": ""도움말"", ""x0"": 692, ""y0"": 437, ""x1"": 842, ""y1"": 491, ""rgb"": [179, 179, 179]}, {""label"": ""삭제"", ""x0"": 484, ""y0"": 377, ""x1"": 634, ""y1"": 431, ""rgb"": [67, 191, 244]}]"
d5_L11_login_D65_M.png,11,1,D65,decoy,65,로그인,삭제,283,679,506,604,479,754,533,d3_L11_gray_M.png,"[{""label"": ""로그인"", ""x0"": 604, ""y0"": 479, ""x1"": 754, ""y1"": 533, ""rgb"": [179, 179, 179]}, {""label"": ""취소"", ""x0"": 591, ""y0"": 162, ""x1"": 741, ""y1"": 216, ""rgb"": [179, 179, 179]}, {""label"": ""설정"", ""x0"": 499, ""y0"": 296, ""x1"": 649, ""y1"": 350, ""rgb"": [179, 179, 179]}, {""label"": ""검색"", ""x0"": 120, ""y0"": 156, ""x1"": 270, ""y1"": 210, ""rgb"": [179, 179, 179]}, {""label"": ""저장"", ""x0"": 582, ""y0"": 43, ""x1"": 732, ""y1"": 97, ""rgb"": [179, 179, 179]}, {""label"": ""홈"", ""x0"": 403, ""y0"": 98, ""x1"": 553, ""y1"": 152, ""rgb"": [179, 179, 179]}, {""label"": ""도움말"", ""x0"": 38, ""y0"": 437, ""x1"": 188, ""y1"": 491, ""rgb"": [179, 179, 179]}, {""label"": ""삭제"", ""x0"": 246, ""y0"": 377, ""x1"": 396, ""y1"": 431, ""rgb"": [228, 166, 113]}]"
d5_L11_login_D245_M.png,11,1,D245,decoy,245,로그인,삭제,212,679,506,604,479,754,533,d3_L11_gray_M.png,"[{""label"": ""로그인"", ""x0"": 604, ""y0"": 479, ""x1"": 754, ""y1"": 533, ""rgb"": [179, 179, 179]}, {""label"": ""취소"", ""x0"": 591, ""y0"": 162, ""x1"": 741, ""y1"": 216, ""rgb"": [179, 179, 179]}, {""label"": ""설정"", ""x0"": 499, ""y0"": 296, ""x1"": 649, ""y1"": 350, ""rgb"": [179, 179, 179]}, {""label"": ""검색"", ""x0"": 120, ""y0"": 156, ""x1"": 270, ""y1"": 210, ""rgb"": [179, 179, 179]}, {""label"": ""저장"", ""x0"": 582, ""y0"": 43, ""x1"": 732, ""y1"": 97, ""rgb"": [179, 179, 179]}, {""label"": ""홈"", ""x0"": 403, ""y0"": 98, ""x1"": 553, ""y1"": 152, ""rgb"": [179, 179, 179]}, {""label"": ""도움말"", ""x0"": 38, ""y0"": 437, ""x1"": 188, ""y1"": 491, ""rgb"": [179, 179, 179]}, {""label"": ""삭제"", ""x0"": 246, ""y0"": 377, ""x1"": 396, ""y1"": 431, ""rgb"": [67, 191, 244]}]"
d5_L11_home_T65_N.png,11,0,T65,target,65,홈,저장,277,402,125,327,98,477,152,d3_L11_gray_N.png,"[{""label"": ""로그인"", ""x0"": 126, ""y0"": 479, ""x1"": 276, ""y1"": 533, ""rgb"": [179, 179, 179]}, {""label"": ""취소"", ""x0"": 139, ""y0"": 162, ""x1"": 289, ""y1"": 216, ""rgb"": [179, 179, 179]}, {""label"": ""설정"", ""x0"": 231, ""y0"": 296, ""x1"": 381, ""y1"": 350, ""rgb"": [179, 179, 179]}, {""label"": ""검색"", ""x0"": 610, ""y0"": 156, ""x1"": 760, ""y1"": 210, ""rgb"": [179, 179, 179]}, {""label"": ""저장"", ""x0"": 148, ""y0"": 43, ""x1"": 298, ""y1"": 97, ""rgb"": [179, 179, 179]}, {""label"": ""홈"", ""x0"": 327, ""y0"": 98, ""x1"": 477, ""y1"": 152, ""rgb"": [228, 166, 113]}, {""label"": ""도움말"", ""x0"": 692, ""y0"": 437, ""x1"": 842, ""y1"": 491, ""rgb"": [179, 179, 179]}, {""label"": ""삭제"", ""x0"": 484, ""y0"": 377, ""x1"": 634, ""y1"": 431, ""rgb"": [179, 179, 179]}]"
d5_L11_home_D65_N.png,11,0,D65,decoy,65,홈,저장,382,402,125,327,98,477,152,d3_L11_gray_N.png,"[{""label"": ""로그인"", ""x0"": 126, ""y0"": 479, ""x1"": 276, ""y1"": 533, ""rgb"": [179, 179, 179]}, {""label"": ""취소"", ""x0"": 139, ""y0"": 162, ""x1"": 289, ""y1"": 216, ""rgb"": [179, 179, 179]}, {""label"": ""설정"", ""x0"": 231, ""y0"": 296, ""x1"": 381, ""y1"": 350, ""rgb"": [179, 179, 179]}, {""label"": ""검색"", ""x0"": 610, ""y0"": 156, ""x1"": 760, ""y1"": 210, ""rgb"": [179, 179, 179]}, {""label"": ""저장"", ""x0"": 148, ""y0"": 43, ""x1"": 298, ""y1"": 97, ""rgb"": [228, 166, 113]}, {""label"": ""홈"", ""x0"": 327, ""y0"": 98, ""x1"": 477, ""y1"": 152, ""rgb"": [179, 179, 179]}, {""label"": ""도움말"", ""x0"": 692, ""y0"": 437, ""x1"": 842, ""y1"": 491, ""rgb"": [179, 179, 179]}, {""label"": ""삭제"", ""x0"": 484, ""y0"": 377, ""x1"": 634, ""y1"": 431, ""rgb"": [179, 179, 179]}]"
d5_L11_home_T245_N.png,11,0,T245,target,245,홈,저장,172,402,125,327,98,477,152,d3_L11_gray_N.png,"[{""label"": ""로그인"", ""x0"": 126, ""y0"": 479, ""x1"": 276, ""y1"": 533, ""rgb"": [179, 179, 179]}, {""label"": ""취소"", ""x0"": 139, ""y0"": 162, ""x1"": 289, ""y1"": 216, ""rgb"": [179, 179, 179]}, {""label"": ""설정"", ""x0"": 231, ""y0"": 296, ""x1"": 381, ""y1"": 350, ""rgb"": [179, 179, 179]}, {""label"": ""검색"", ""x0"": 610, ""y0"": 156, ""x1"": 760, ""y1"": 210, ""rgb"": [179, 179, 179]}, {""label"": ""저장"", ""x0"": 148, ""y0"": 43, ""x1"": 298, ""y1"": 97, ""rgb"": [179, 179, 179]}, {""label"": ""홈"", ""x0"": 327, ""y0"": 98, ""x1"": 477, ""y1"": 152, ""rgb"": [67, 191, 244]}, {""label"": ""도움말"", ""x0"": 692, ""y0"": 437, ""x1"": 842, ""y1"": 491, ""rgb"": [179, 179, 179]}, {""label"": ""삭제"", ""x0"": 484, ""y0"": 377, ""x1"": 634, ""y1"": 431, ""rgb"": [179, 179, 179]}]"
d5_L11_home_D245_N.png,11,0,D245,decoy,245,홈,저장,156,402,125,327,98,477,152,d3_L11_gray_N.png,"[{""label"": ""로그인"", ""x0"": 126, ""y0"": 479, ""x1"": 276, ""y1"": 533, ""rgb"": [179, 179, 179]}, {""label"": ""취소"", ""x0"": 139, ""y0"": 162, ""x1"": 289, ""y1"": 216, ""rgb"": [179, 179, 179]}, {""label"": ""설정"", ""x0"": 231, ""y0"": 296, ""x1"": 381, ""y1"": 350, ""rgb"": [179, 179, 179]}, {""label"": ""검색"", ""x0"": 610, ""y0"": 156, ""x1"": 760, ""y1"": 210, ""rgb"": [179, 179, 179]}, {""label"": ""저장"", ""x0"": 148, ""y0"": 43, ""x1"": 298, ""y1"": 97, ""rgb"": [67, 191, 244]}, {""label"": ""홈"", ""x0"": 327, ""y0"": 98, ""x1"": 477, ""y1"": 152, ""rgb"": [179, 179, 179]}, {""label"": ""도움말"", ""x0"": 692, ""y0"": 437, ""x1"": 842, ""y1"": 491, ""rgb"": [179, 179, 179]}, {""label"": ""삭제"", ""x0"": 484, ""y0"": 377, ""x1"": 634, ""y1"": 431, ""rgb"": [179, 179, 179]}]"
d5_L11_home_T65_M.png,11,1,T65,target,65,홈,저장,214,478,125,403,98,553,152,d3_L11_gray_M.png,"[{""label"": ""로그인"", ""x0"": 604, ""y0"": 479, ""x1"": 754, ""y1"": 533, ""rgb"": [179, 179, 179]}, {""label"": ""취소"", ""x0"": 591, ""y0"": 162, ""x1"": 741, ""y1"": 216, ""rgb"": [179, 179, 179]}, {""label"": ""설정"", ""x0"": 499, ""y0"": 296, ""x1"": 649, ""y1"": 350, ""rgb"": [179, 179, 179]}, {""label"": ""검색"", ""x0"": 120, ""y0"": 156, ""x1"": 270, ""y1"": 210, ""rgb"": [179, 179, 179]}, {""label"": ""저장"", ""x0"": 582, ""y0"": 43, ""x1"": 732, ""y1"": 97, ""rgb"": [179, 179, 179]}, {""label"": ""홈"", ""x0"": 403, ""y0"": 98, ""x1"": 553, ""y1"": 152, ""rgb"": [228, 166, 113]}, {""label"": ""도움말"", ""x0"": 38, ""y0"": 437, ""x1"": 188, ""y1"": 491, ""rgb"": [179, 179, 179]}, {""label"": ""삭제"", ""x0"": 246, ""y0"": 377, ""x1"": 396, ""y1"": 431, ""rgb"": [179, 179, 179]}]"
d5_L11_home_D65_M.png,11,1,D65,decoy,65,홈,저장,192,478,125,403,98,553,152,d3_L11_gray_M.png,"[{""label"": ""로그인"", ""x0"": 604, ""y0"": 479, ""x1"": 754, ""y1"": 533, ""rgb"": [179, 179, 179]}, {""label"": ""취소"", ""x0"": 591, ""y0"": 162, ""x1"": 741, ""y1"": 216, ""rgb"": [179, 179, 179]}, {""label"": ""설정"", ""x0"": 499, ""y0"": 296, ""x1"": 649, ""y1"": 350, ""rgb"": [179, 179, 179]}, {""label"": ""검색"", ""x0"": 120, ""y0"": 156, ""x1"": 270, ""y1"": 210, ""rgb"": [179, 179, 179]}, {""label"": ""저장"", ""x0"": 582, ""y0"": 43, ""x1"": 732, ""y1"": 97, ""rgb"": [228, 166, 113]}, {""label"": ""홈"", ""x0"": 403, ""y0"": 98, ""x1"": 553, ""y1"": 152, ""rgb"": [179, 179, 179]}, {""label"": ""도움말"", ""x0"": 38, ""y0"": 437, ""x1"": 188, ""y1"": 491, ""rgb"": [179, 179, 179]}, {""label"": ""삭제"", ""x0"": 246, ""y0"": 377, ""x1"": 396, ""y1"": 431, ""rgb"": [179, 179, 179]}]"
d5_L11_home_T245_M.png,11,1,T245,target,245,홈,저장,374,478,125,403,98,553,152,d3_L11_gray_M.png,"[{""label"": ""로그인"", ""x0"": 604, ""y0"": 479, ""x1"": 754, ""y1"": 533, ""rgb"": [179, 179, 179]}, {""label"": ""취소"", ""x0"": 591, ""y0"": 162, ""x1"": 741, ""y1"": 216, ""rgb"": [179, 179, 179]}, {""label"": ""설정"", ""x0"": 499, ""y0"": 296, ""x1"": 649, ""y1"": 350, ""rgb"": [179, 179, 179]}, {""label"": ""검색"", ""x0"": 120, ""y0"": 156, ""x1"": 270, ""y1"": 210, ""rgb"": [179, 179, 179]}, {""label"": ""저장"", ""x0"": 582, ""y0"": 43, ""x1"": 732, ""y1"": 97, ""rgb"": [179, 179, 179]}, {""label"": ""홈"", ""x0"": 403, ""y0"": 98, ""x1"": 553, ""y1"": 152, ""rgb"": [67, 191, 244]}, {""label"": ""도움말"", ""x0"": 38, ""y0"": 437, ""x1"": 188, ""y1"": 491, ""rgb"": [179, 179, 179]}, {""label"": ""삭제"", ""x0"": 246, ""y0"": 377, ""x1"": 396, ""y1"": 431, ""rgb"": [179, 179, 179]}]"
d5_L11_home_D245_M.png,11,1,D245,decoy,245,홈,저장,274,478,125,403,98,553,152,d3_L11_gray_M.png,"[{""label"": ""로그인"", ""x0"": 604, ""y0"": 479, ""x1"": 754, ""y1"": 533, ""rgb"": [179, 179, 179]}, {""label"": ""취소"", ""x0"": 591, ""y0"": 162, ""x1"": 741, ""y1"": 216, ""rgb"": [179, 179, 179]}, {""label"": ""설정"", ""x0"": 499, ""y0"": 296, ""x1"": 649, ""y1"": 350, ""rgb"": [179, 179, 179]}, {""label"": ""검색"", ""x0"": 120, ""y0"": 156, ""x1"": 270, ""y1"": 210, ""rgb"": [179, 179, 179]}, {""label"": ""저장"", ""x0"": 582, ""y0"": 43, ""x1"": 732, ""y1"": 97, ""rgb"": [67, 191, 244]}, {""label"": ""홈"", ""x0"": 403, ""y0"": 98, ""x1"": 553, ""y1"": 152, ""rgb"": [179, 179, 179]}, {""label"": ""도움말"", ""x0"": 38, ""y0"": 437, ""x1"": 188, ""y1"": 491, ""rgb"": [179, 179, 179]}, {""label"": ""삭제"", ""x0"": 246, ""y0"": 377, ""x1"": 396, ""y1"": 431, ""rgb"": [179, 179, 179]}]"
d5_L11_settings_T65_N.png,11,0,T65,target,65,설정,도움말,217,306,323,231,296,381,350,d3_L11_gray_N.png,"[{""label"": ""로그인"", ""x0"": 126, ""y0"": 479, ""x1"": 276, ""y1"": 533, ""rgb"": [179, 179, 179]}, {""label"": ""취소"", ""x0"": 139, ""y0"": 162, ""x1"": 289, ""y1"": 216, ""rgb"": [179, 179, 179]}, {""label"": ""설정"", ""x0"": 231, ""y0"": 296, ""x1"": 381, ""y1"": 350, ""rgb"": [228, 166, 113]}, {""label"": ""검색"", ""x0"": 610, ""y0"": 156, ""x1"": 760, ""y1"": 210, ""rgb"": [179, 179, 179]}, {""label"": ""저장"", ""x0"": 148, ""y0"": 43, ""x1"": 298, ""y1"": 97, ""rgb"": [179, 179, 179]}, {""label"": ""홈"", ""x0"": 327, ""y0"": 98, ""x1"": 477, ""y1"": 152, ""rgb"": [179, 179, 179]}, {""label"": ""도움말"", ""x0"": 692, ""y0"": 437, ""x1"": 842, ""y1"": 491, ""rgb"": [179, 179, 179]}, {""label"": ""삭제"", ""x0"": 484, ""y0"": 377, ""x1"": 634, ""y1"": 431, ""rgb"": [179, 179, 179]}]"
d5_L11_settings_D65_N.png,11,0,D65,decoy,65,설정,도움말,311,306,323,231,296,381,350,d3_L11_gray_N.png,"[{""label"": ""로그인"", ""x0"": 126, ""y0"": 479, ""x1"": 276, ""y1"": 533, ""rgb"": [179, 179, 179]}, {""label"": ""취소"", ""x0"": 139, ""y0"": 162, ""x1"": 289, ""y1"": 216, ""rgb"": [179, 179, 179]}, {""label"": ""설정"", ""x0"": 231, ""y0"": 296, ""x1"": 381, ""y1"": 350, ""rgb"": [179, 179, 179]}, {""label"": ""검색"", ""x0"": 610, ""y0"": 156, ""x1"": 760, ""y1"": 210, ""rgb"": [179, 179, 179]}, {""label"": ""저장"", ""x0"": 148, ""y0"": 43, ""x1"": 298, ""y1"": 97, ""rgb"": [179, 179, 179]}, {""label"": ""홈"", ""x0"": 327, ""y0"": 98, ""x1"": 477, ""y1"": 152, ""rgb"": [179, 179, 179]}, {""label"": ""도움말"", ""x0"": 692, ""y0"": 437, ""x1"": 842, ""y1"": 491, ""rgb"": [228, 166, 113]}, {""label"": ""삭제"", ""x0"": 484, ""y0"": 377, ""x1"": 634, ""y1"": 431, ""rgb"": [179, 179, 179]}]"
d5_L11_settings_T245_N.png,11,0,T245,target,245,설정,도움말,353,306,323,231,296,381,350,d3_L11_gray_N.png,"[{""label"": ""로그인"", ""x0"": 126, ""y0"": 479, ""x1"": 276, ""y1"": 533, ""rgb"": [179, 179, 179]}, {""label"": ""취소"", ""x0"": 139, ""y0"": 162, ""x1"": 289, ""y1"": 216, ""rgb"": [179, 179, 179]}, {""label"": ""설정"", ""x0"": 231, ""y0"": 296, ""x1"": 381, ""y1"": 350, ""rgb"": [67, 191, 244]}, {""label"": ""검색"", ""x0"": 610, ""y0"": 156, ""x1"": 760, ""y1"": 210, ""rgb"": [179, 179, 179]}, {""label"": ""저장"", ""x0"": 148, ""y0"": 43, ""x1"": 298, ""y1"": 97, ""rgb"": [179, 179, 179]}, {""label"": ""홈"", ""x0"": 327, ""y0"": 98, ""x1"": 477, ""y1"": 152, ""rgb"": [179, 179, 179]}, {""label"": ""도움말"", ""x0"": 692, ""y0"": 437, ""x1"": 842, ""y1"": 491, ""rgb"": [179, 179, 179]}, {""label"": ""삭제"", ""x0"": 484, ""y0"": 377, ""x1"": 634, ""y1"": 431, ""rgb"": [179, 179, 179]}]"
d5_L11_settings_D245_N.png,11,0,D245,decoy,245,설정,도움말,84,306,323,231,296,381,350,d3_L11_gray_N.png,"[{""label"": ""로그인"", ""x0"": 126, ""y0"": 479, ""x1"": 276, ""y1"": 533, ""rgb"": [179, 179, 179]}, {""label"": ""취소"", ""x0"": 139, ""y0"": 162, ""x1"": 289, ""y1"": 216, ""rgb"": [179, 179, 179]}, {""label"": ""설정"", ""x0"": 231, ""y0"": 296, ""x1"": 381, ""y1"": 350, ""rgb"": [179, 179, 179]}, {""label"": ""검색"", ""x0"": 610, ""y0"": 156, ""x1"": 760, ""y1"": 210, ""rgb"": [179, 179, 179]}, {""label"": ""저장"", ""x0"": 148, ""y0"": 43, ""x1"": 298, ""y1"": 97, ""rgb"": [179, 179, 179]}, {""label"": ""홈"", ""x0"": 327, ""y0"": 98, ""x1"": 477, ""y1"": 152, ""rgb"": [179, 179, 179]}, {""label"": ""도움말"", ""x0"": 692, ""y0"": 437, ""x1"": 842, ""y1"": 491, ""rgb"": [67, 191, 244]}, {""label"": ""삭제"", ""x0"": 484, ""y0"": 377, ""x1"": 634, ""y1"": 431, ""rgb"": [179, 179, 179]}]"
d5_L11_settings_T65_M.png,11,1,T65,target,65,설정,도움말,345,574,323,499,296,649,350,d3_L11_gray_M.png,"[{""label"": ""로그인"", ""x0"": 604, ""y0"": 479, ""x1"": 754, ""y1"": 533, ""rgb"": [179, 179, 179]}, {""label"": ""취소"", ""x0"": 591, ""y0"": 162, ""x1"": 741, ""y1"": 216, ""rgb"": [179, 179, 179]}, {""label"": ""설정"", ""x0"": 499, ""y0"": 296, ""x1"": 649, ""y1"": 350, ""rgb"": [228, 166, 113]}, {""label"": ""검색"", ""x0"": 120, ""y0"": 156, ""x1"": 270, ""y1"": 210, ""rgb"": [179, 179, 179]}, {""label"": ""저장"", ""x0"": 582, ""y0"": 43, ""x1"": 732, ""y1"": 97, ""rgb"": [179, 179, 179]}, {""label"": ""홈"", ""x0"": 403, ""y0"": 98, ""x1"": 553, ""y1"": 152, ""rgb"": [179, 179, 179]}, {""label"": ""도움말"", ""x0"": 38, ""y0"": 437, ""x1"": 188, ""y1"": 491, ""rgb"": [179, 179, 179]}, {""label"": ""삭제"", ""x0"": 246, ""y0"": 377, ""x1"": 396, ""y1"": 431, ""rgb"": [179, 179, 179]}]"
d5_L11_settings_D65_M.png,11,1,D65,decoy,65,설정,도움말,70,574,323,499,296,649,350,d3_L11_gray_M.png,"[{""label"": ""로그인"", ""x0"": 604, ""y0"": 479, ""x1"": 754, ""y1"": 533, ""rgb"": [179, 179, 179]}, {""label"": ""취소"", ""x0"": 591, ""y0"": 162, ""x1"": 741, ""y1"": 216, ""rgb"": [179, 179, 179]}, {""label"": ""설정"", ""x0"": 499, ""y0"": 296, ""x1"": 649, ""y1"": 350, ""rgb"": [179, 179, 179]}, {""label"": ""검색"", ""x0"": 120, ""y0"": 156, ""x1"": 270, ""y1"": 210, ""rgb"": [179, 179, 179]}, {""label"": ""저장"", ""x0"": 582, ""y0"": 43, ""x1"": 732, ""y1"": 97, ""rgb"": [179, 179, 179]}, {""label"": ""홈"", ""x0"": 403, ""y0"": 98, ""x1"": 553, ""y1"": 152, ""rgb"": [179, 179, 179]}, {""label"": ""도움말"", ""x0"": 38, ""y0"": 437, ""x1"": 188, ""y1"": 491, ""rgb"": [228, 166, 113]}, {""label"": ""삭제"", ""x0"": 246, ""y0"": 377, ""x1"": 396, ""y1"": 431, ""rgb"": [179, 179, 179]}]"
d5_L11_settings_T245_M.png,11,1,T245,target,245,설정,도움말,286,574,323,499,296,649,350,d3_L11_gray_M.png,"[{""label"": ""로그인"", ""x0"": 604, ""y0"": 479, ""x1"": 754, ""y1"": 533, ""rgb"": [179, 179, 179]}, {""label"": ""취소"", ""x0"": 591, ""y0"": 162, ""x1"": 741, ""y1"": 216, ""rgb"": [179, 179, 179]}, {""label"": ""설정"", ""x0"": 499, ""y0"": 296, ""x1"": 649, ""y1"": 350, ""rgb"": [67, 191, 244]}, {""label"": ""검색"", ""x0"": 120, ""y0"": 156, ""x1"": 270, ""y1"": 210, ""rgb"": [179, 179, 179]}, {""label"": ""저장"", ""x0"": 582, ""y0"": 43, ""x1"": 732, ""y1"": 97, ""rgb"": [179, 179, 179]}, {""label"": ""홈"", ""x0"": 403, ""y0"": 98, ""x1"": 553, ""y1"": 152, ""rgb"": [179, 179, 179]}, {""label"": ""도움말"", ""x0"": 38, ""y0"": 437, ""x1"": 188, ""y1"": 491, ""rgb"": [179, 179, 179]}, {""label"": ""삭제"", ""x0"": 246, ""y0"": 377, ""x1"": 396, ""y1"": 431, ""rgb"": [179, 179, 179]}]"
d5_L11_settings_D245_M.png,11,1,D245,decoy,245,설정,도움말,92,574,323,499,296,649,350,d3_L11_gray_M.png,"[{""label"": ""로그인"", ""x0"": 604, ""y0"": 479, ""x1"": 754, ""y1"": 533, ""rgb"": [179, 179, 179]}, {""label"": ""취소"", ""x0"": 591, ""y0"": 162, ""x1"": 741, ""y1"": 216, ""rgb"": [179, 179, 179]}, {""label"": ""설정"", ""x0"": 499, ""y0"": 296, ""x1"": 649, ""y1"": 350, ""rgb"": [179, 179, 179]}, {""label"": ""검색"", ""x0"": 120, ""y0"": 156, ""x1"": 270, ""y1"": 210, ""rgb"": [179, 179, 179]}, {""label"": ""저장"", ""x0"": 582, ""y0"": 43, ""x1"": 732, ""y1"": 97, ""rgb"": [179, 179, 179]}, {""label"": ""홈"", ""x0"": 403, ""y0"": 98, ""x1"": 553, ""y1"": 152, ""rgb"": [179, 179, 179]}, {""label"": ""도움말"", ""x0"": 38, ""y0"": 437, ""x1"": 188, ""y1"": 491, ""rgb"": [67, 191, 244]}, {""label"": ""삭제"", ""x0"": 246, ""y0"": 377, ""x1"": 396, ""y1"": 431, ""rgb"": [179, 179, 179]}]"
d5_L12_login_D65_N.png,12,0,D65,decoy,65,로그인,홈,316,109,491,34,464,184,518,d3_L12_gray_N.png,"[{""label"": ""로그인"", ""x0"": 34, ""y0"": 464, ""x1"": 184, ""y1"": 518, ""rgb"": [179, 179, 179]}, {""label"": ""취소"", ""x0"": 160, ""y0"": 353, ""x1"": 310, ""y1"": 407, ""rgb"": [179, 179, 179]}, {""label"": ""설정"", ""x0"": 436, ""y0"": 385, ""x1"": 586, ""y1"": 439, ""rgb"": [179, 179, 179]}, {""label"": ""검색"", ""x0"": 653, ""y0"": 430, ""x1"": 803, ""y1"": 484, ""rgb"": [179, 179, 179]}, {""label"": ""저장"", ""x0"": 188, ""y0"": 240, ""x1"": 338, ""y1"": 294, ""rgb"": [179, 179, 179]}, {""label"": ""홈"", ""x0"": 19, ""y0"": 116, ""x1"": 169, ""y1"": 170, ""rgb"": [228, 166, 113]}, {""label"": ""도움말"", ""x0"": 386, ""y0"": 195, ""x1"": 536, ""y1"": 249, ""rgb"": [179, 179, 179]}, {""label"": ""삭제"", ""x0"": 475, ""y0"": 520, ""x1"": 625, ""y1"": 574, ""rgb"": [179, 179, 179]}]"
d5_L12_login_D245_N.png,12,0,D245,decoy,245,로그인,홈,19,109,491,34,464,184,518,d3_L12_gray_N.png,"[{""label"": ""로그인"", ""x0"": 34, ""y0"": 464, ""x1"": 184, ""y1"": 518, ""rgb"": [179, 179, 179]}, {""label"": ""취소"", ""x0"": 160, ""y0"": 353, ""x1"": 310, ""y1"": 407, ""rgb"": [179, 179, 179]}, {""label"": ""설정"", ""x0"": 436, ""y0"": 385, ""x1"": 586, ""y1"": 439, ""rgb"": [179, 179, 179]}, {""label"": ""검색"", ""x0"": 653, ""y0"": 430, ""x1"": 803, ""y1"": 484, ""rgb"": [179, 179, 179]}, {""label"": ""저장"", ""x0"": 188, ""y0"": 240, ""x1"": 338, ""y1"": 294, ""rgb"": [179, 179, 179]}, {""label"": ""홈"", ""x0"": 19, ""y0"": 116, ""x1"": 169, ""y1"": 170, ""rgb"": [67, 191, 244]}, {""label"": ""도움말"", ""x0"": 386, ""y0"": 195, ""x1"": 536, ""y1"": 249, ""rgb"": [179, 179, 179]}, {""label"": ""삭제"", ""x0"": 475, ""y0"": 520, ""x1"": 625, ""y1"": 574, ""rgb"": [179, 179, 179]}]"
d5_L12_login_D65_M.png,12,1,D65,decoy,65,로그인,홈,64,771,491,696,464,846,518,d3_L12_gray_M.png,"[{""label"": ""로그인"", ""x0"": 696, ""y0"": 464, ""x1"": 846, ""y1"": 518, ""rgb"": [179, 179, 179]}, {""label"": ""취소"", ""x0"": 570, ""y0"": 353, ""x1"": 720, ""y1"": 407, ""rgb"": [179, 179, 179]}, {""label"": ""설정"", ""x0"": 294, ""y0"": 385, ""x1"": 444, ""y1"": 439, ""rgb"": [179, 179, 179]}, {""label"": ""검색"", ""x0"": 77, ""y0"": 430, ""x1"": 227, ""y1"": 484, ""rgb"": [179, 179, 179]}, {""label"": ""저장"", ""x0"": 542, ""y0"": 240, ""x1"": 692, ""y1"": 294, ""rgb"": [179, 179, 179]}, {""label"": ""홈"", ""x0"": 711, ""y0"": 116, ""x1"": 861, ""y1"": 170, ""rgb"": [228, 166, 113]}, {""label"": ""도움말"", ""x0"": 344, ""y0"": 195, ""x1"": 494, ""y1"": 249, ""rgb"": [179, 179, 179]}, {""label"": ""삭제"", ""x0"": 255, ""y0"": 520, ""x1"": 405, ""y1"": 574, ""rgb"": [179, 179, 179]}]"
d5_L12_login_D245_M.png,12,1,D245,decoy,245,로그인,홈,180,771,491,696,464,846,518,d3_L12_gray_M.png,"[{""label"": ""로그인"", ""x0"": 696, ""y0"": 464, ""x1"": 846, ""y1"": 518, ""rgb"": [179, 179, 179]}, {""label"": ""취소"", ""x0"": 570, ""y0"": 353, ""x1"": 720, ""y1"": 407, ""rgb"": [179, 179, 179]}, {""label"": ""설정"", ""x0"": 294, ""y0"": 385, ""x1"": 444, ""y1"": 439, ""rgb"": [179, 179, 179]}, {""label"": ""검색"", ""x0"": 77, ""y0"": 430, ""x1"": 227, ""y1"": 484, ""rgb"": [179, 179, 179]}, {""label"": ""저장"", ""x0"": 542, ""y0"": 240, ""x1"": 692, ""y1"": 294, ""rgb"": [179, 179, 179]}, {""label"": ""홈"", ""x0"": 711, ""y0"": 116, ""x1"": 861, ""y1"": 170, ""rgb"": [67, 191, 244]}, {""label"": ""도움말"", ""x0"": 344, ""y0"": 195, ""x1"": 494, ""y1"": 249, ""rgb"": [179, 179, 179]}, {""label"": ""삭제"", ""x0"": 255, ""y0"": 520, ""x1"": 405, ""y1"": 574, ""rgb"": [179, 179, 179]}]"
d5_L12_home_T65_N.png,12,0,T65,target,65,홈,취소,249,94,143,19,116,169,170,d3_L12_gray_N.png,"[{""label"": ""로그인"", ""x0"": 34, ""y0"": 464, ""x1"": 184, ""y1"": 518, ""rgb"": [179, 179, 179]}, {""label"": ""취소"", ""x0"": 160, ""y0"": 353, ""x1"": 310, ""y1"": 407, ""rgb"": [179, 179, 179]}, {""label"": ""설정"", ""x0"": 436, ""y0"": 385, ""x1"": 586, ""y1"": 439, ""rgb"": [179, 179, 179]}, {""label"": ""검색"", ""x0"": 653, ""y0"": 430, ""x1"": 803, ""y1"": 484, ""rgb"": [179, 179, 179]}, {""label"": ""저장"", ""x0"": 188, ""y0"": 240, ""x1"": 338, ""y1"": 294, ""rgb"": [179, 179, 179]}, {""label"": ""홈"", ""x0"": 19, ""y0"": 116, ""x1"": 169, ""y1"": 170, ""rgb"": [228, 166, 113]}, {""label"": ""도움말"", ""x0"": 386, ""y0"": 195, ""x1"": 536, ""y1"": 249, ""rgb"": [179, 179, 179]}, {""label"": ""삭제"", ""x0"": 475, ""y0"": 520, ""x1"": 625, ""y1"": 574, ""rgb"": [179, 179, 179]}]"
d5_L12_home_D65_N.png,12,0,D65,decoy,65,홈,취소,328,94,143,19,116,169,170,d3_L12_gray_N.png,"[{""label"": ""로그인"", ""x0"": 34, ""y0"": 464, ""x1"": 184, ""y1"": 518, ""rgb"": [179, 179, 179]}, {""label"": ""취소"", ""x0"": 160, ""y0"": 353, ""x1"": 310, ""y1"": 407, ""rgb"": [228, 166, 113]}, {""label"": ""설정"", ""x0"": 436, ""y0"": 385, ""x1"": 586, ""y1"": 439, ""rgb"": [179, 179, 179]}, {""label"": ""검색"", ""x0"": 653, ""y0"": 430, ""x1"": 803, ""y1"": 484, ""rgb"": [179, 179, 179]}, {""label"": ""저장"", ""x0"": 188, ""y0"": 240, ""x1"": 338, ""y1"": 294, ""rgb"": [179, 179, 179]}, {""label"": ""홈"", ""x0"": 19, ""y0"": 116, ""x1"": 169, ""y1"": 170, ""rgb"": [179, 179, 179]}, {""label"": ""도움말"", ""x0"": 386, ""y0"": 195, ""x1"": 536, ""y1"": 249, ""rgb"": [179, 179, 179]}, {""label"": ""삭제"", ""x0"": 475, ""y0"": 520, ""x1"": 625, ""y1"": 574, ""rgb"": [179, 179, 179]}]"
d5_L12_home_T245_N.png,12,0,T245,target,245,홈,취소,314,94,143,19,116,169,170,d3_L12_gray_N.png,"[{""label"": ""로그인"", ""x0"": 34, ""y0"": 464, ""x1"": 184, ""y1"": 518, ""rgb"": [179, 179, 179]}, {""label"": ""취소"", ""x0"": 160, ""y0"": 353, ""x1"": 310, ""y1"": 407, ""rgb"": [179, 179, 179]}, {""label"": ""설정"", ""x0"": 436, ""y0"": 385, ""x1"": 586, ""y1"": 439, ""rgb"": [179, 179, 179]}, {""label"": ""검색"", ""x0"": 653, ""y0"": 430, ""x1"": 803, ""y1"": 484, ""rgb"": [179, 179, 179]}, {""label"": ""저장"", ""x0"": 188, ""y0"": 240, ""x1"": 338, ""y1"": 294, ""rgb"": [179, 179, 179]}, {""label"": ""홈"", ""x0"": 19, ""y0"": 116, ""x1"": 169, ""y1"": 170, ""rgb"": [67, 191, 244]}, {""label"": ""도움말"", ""x0"": 386, ""y0"": 195, ""x1"": 536, ""y1"": 249, ""rgb"": [179, 179, 179]}, {""label"": ""삭제"", ""x0"": 475, ""y0"": 520, ""x1"": 625, ""y1"": 574, ""rgb"": [179, 179, 179]}]"
d5_L12_home_D245_N.png,12,0,D245,decoy,245,홈,취소,219,94,143,19,116,169,170,d3_L12_gray_N.png,"[{""label"": ""로그인"", ""x0"": 34, ""y0"": 464, ""x1"": 184, ""y1"": 518, ""rgb"": [179, 179, 179]}, {""label"": ""취소"", ""x0"": 160, ""y0"": 353, ""x1"": 310, ""y1"": 407, ""rgb"": [67, 191, 244]}, {""label"": ""설정"", ""x0"": 436, ""y0"": 385, ""x1"": 586, ""y1"": 439, ""rgb"": [179, 179, 179]}, {""label"": ""검색"", ""x0"": 653, ""y0"": 430, ""x1"": 803, ""y1"": 484, ""rgb"": [179, 179, 179]}, {""label"": ""저장"", ""x0"": 188, ""y0"": 240, ""x1"": 338, ""y1"": 294, ""rgb"": [179, 179, 179]}, {""label"": ""홈"", ""x0"": 19, ""y0"": 116, ""x1"": 169, ""y1"": 170, ""rgb"": [179, 179, 179]}, {""label"": ""도움말"", ""x0"": 386, ""y0"": 195, ""x1"": 536, ""y1"": 249, ""rgb"": [179, 179, 179]}, {""label"": ""삭제"", ""x0"": 475, ""y0"": 520, ""x1"": 625, ""y1"": 574, ""rgb"": [179, 179, 179]}]"
d5_L12_home_T65_M.png,12,1,T65,target,65,홈,취소,287,786,143,711,116,861,170,d3_L12_gray_M.png,"[{""label"": ""로그인"", ""x0"": 696, ""y0"": 464, ""x1"": 846, ""y1"": 518, ""rgb"": [179, 179, 179]}, {""label"": ""취소"", ""x0"": 570, ""y0"": 353, ""x1"": 720, ""y1"": 407, ""rgb"": [179, 179, 179]}, {""label"": ""설정"", ""x0"": 294, ""y0"": 385, ""x1"": 444, ""y1"": 439, ""rgb"": [179, 179, 179]}, {""label"": ""검색"", ""x0"": 77, ""y0"": 430, ""x1"": 227, ""y1"": 484, ""rgb"": [179, 179, 179]}, {""label"": ""저장"", ""x0"": 542, ""y0"": 240, ""x1"": 692, ""y1"": 294, ""rgb"": [179, 179, 179]}, {""label"": ""홈"", ""x0"": 711, ""y0"": 116, ""x1"": 861, ""y1"": 170, ""rgb"": [228, 166, 113]}, {""label"": ""도움말"", ""x0"": 344, ""y0"": 195, ""x1"": 494, ""y1"": 249, ""rgb"": [179, 179, 179]}, {""label"": ""삭제"", ""x0"": 255, ""y0"": 520, ""x1"": 405, ""y1"": 574, ""rgb"": [179, 179, 179]}]"
d5_L12_home_D65_M.png,12,1,D65,decoy,65,홈,취소,96,786,143,711,116,861,170,d3_L12_gray_M.png,"[{""label"": ""로그인"", ""x0"": 696, ""y0"": 464, ""x1"": 846, ""y1"": 518, ""rgb"": [179, 179, 179]}, {""label"": ""취소"", ""x0"": 570, ""y0"": 353, ""x1"": 720, ""y1"": 407, ""rgb"": [228, 166, 113]}, {""label"": ""설정"", ""x0"": 294, ""y0"": 385, ""x1"": 444, ""y1"": 439, ""rgb"": [179, 179, 179]}, {""label"": ""검색"", ""x0"": 77, ""y0"": 430, ""x1"": 227, ""y1"": 484, ""rgb"": [179, 179, 179]}, {""label"": ""저장"", ""x0"": 542, ""y0"": 240, ""x1"": 692, ""y1"": 294, ""rgb"": [179, 179, 179]}, {""label"": ""홈"", ""x0"": 711, ""y0"": 116, ""x1"": 861, ""y1"": 170, ""rgb"": [179, 179, 179]}, {""label"": ""도움말"", ""x0"": 344, ""y0"": 195, ""x1"": 494, ""y1"": 249, ""rgb"": [179, 179, 179]}, {""label"": ""삭제"", ""x0"": 255, ""y0"": 520, ""x1"": 405, ""y1"": 574, ""rgb"": [179, 179, 179]}]"
d5_L12_home_T245_M.png,12,1,T245,target,245,홈,취소,291,786,143,711,116,861,170,d3_L12_gray_M.png,"[{""label"": ""로그인"", ""x0"": 696, ""y0"": 464, ""x1"": 846, ""y1"": 518, ""rgb"": [179, 179, 179]}, {""label"": ""취소"", ""x0"": 570, ""y0"": 353, ""x1"": 720, ""y1"": 407, ""rgb"": [179, 179, 179]}, {""label"": ""설정"", ""x0"": 294, ""y0"": 385, ""x1"": 444, ""y1"": 439, ""rgb"": [179, 179, 179]}, {""label"": ""검색"", ""x0"": 77, ""y0"": 430, ""x1"": 227, ""y1"": 484, ""rgb"": [179, 179, 179]}, {""label"": ""저장"", ""x0"": 542, ""y0"": 240, ""x1"": 692, ""y1"": 294, ""rgb"": [179, 179, 179]}, {""label"": ""홈"", ""x0"": 711, ""y0"": 116, ""x1"": 861, ""y1"": 170, ""rgb"": [67, 191, 244]}, {""label"": ""도움말"", ""x0"": 344, ""y0"": 195, ""x1"": 494, ""y1"": 249, ""rgb"": [179, 179, 179]}, {""label"": ""삭제"", ""x0"": 255, ""y0"": 520, ""x1"": 405, ""y1"": 574, ""rgb"": [179, 179, 179]}]"
d5_L12_home_D245_M.png,12,1,D245,decoy,245,홈,취소,385,786,143,711,116,861,170,d3_L12_gray_M.png,"[{""label"": ""로그인"", ""x0"": 696, ""y0"": 464, ""x1"": 846, ""y1"": 518, ""rgb"": [179, 179, 179]}, {""label"": ""취소"", ""x0"": 570, ""y0"": 353, ""x1"": 720, ""y1"": 407, ""rgb"": [67, 191, 244]}, {""label"": ""설정"", ""x0"": 294, ""y0"": 385, ""x1"": 444, ""y1"": 439, ""rgb"": [179, 179, 179]}, {""label"": ""검색"", ""x0"": 77, ""y0"": 430, ""x1"": 227, ""y1"": 484, ""rgb"": [179, 179, 179]}, {""label"": ""저장"", ""x0"": 542, ""y0"": 240, ""x1"": 692, ""y1"": 294, ""rgb"": [179, 179, 179]}, {""label"": ""홈"", ""x0"": 711, ""y0"": 116, ""x1"": 861, ""y1"": 170, ""rgb"": [179, 179, 179]}, {""label"": ""도움말"", ""x0"": 344, ""y0"": 195, ""x1"": 494, ""y1"": 249, ""rgb"": [179, 179, 179]}, {""label"": ""삭제"", ""x0"": 255, ""y0"": 520, ""x1"": 405, ""y1"": 574, ""rgb"": [179, 179, 179]}]"
d5_L12_settings_T65_N.png,12,0,T65,target,65,설정,홈,163,511,412,436,385,586,439,d3_L12_gray_N.png,"[{""label"": ""로그인"", ""x0"": 34, ""y0"": 464, ""x1"": 184, ""y1"": 518, ""rgb"": [179, 179, 179]}, {""label"": ""취소"", ""x0"": 160, ""y0"": 353, ""x1"": 310, ""y1"": 407, ""rgb"": [179, 179, 179]}, {""label"": ""설정"", ""x0"": 436, ""y0"": 385, ""x1"": 586, ""y1"": 439, ""rgb"": [228, 166, 113]}, {""label"": ""검색"", ""x0"": 653, ""y0"": 430, ""x1"": 803, ""y1"": 484, ""rgb"": [179, 179, 179]}, {""label"": ""저장"", ""x0"": 188, ""y0"": 240, ""x1"": 338, ""y1"": 294, ""rgb"": [179, 179, 179]}, {""label"": ""홈"", ""x0"": 19, ""y0"": 116, ""x1"": 169, ""y1"": 170, ""rgb"": [179, 179, 179]}, {""label"": ""도움말"", ""x0"": 386, ""y0"": 195, ""x1"": 536, ""y1"": 249, ""rgb"": [179, 179, 179]}, {""label"": ""삭제"", ""x0"": 475, ""y0"": 520, ""x1"": 625, ""y1"": 574, ""rgb"": [179, 179, 179]}]"
d5_L12_settings_D65_N.png,12,0,D65,decoy,65,설정,홈,182,511,412,436,385,586,439,d3_L12_gray_N.png,"[{""label"": ""로그인"", ""x0"": 34, ""y0"": 464, ""x1"": 184, ""y1"": 518, ""rgb"": [179, 179, 179]}, {""label"": ""취소"", ""x0"": 160, ""y0"": 353, ""x1"": 310, ""y1"": 407, ""rgb"": [179, 179, 179]}, {""label"": ""설정"", ""x0"": 436, ""y0"": 385, ""x1"": 586, ""y1"": 439, ""rgb"": [179, 179, 179]}, {""label"": ""검색"", ""x0"": 653, ""y0"": 430, ""x1"": 803, ""y1"": 484, ""rgb"": [179, 179, 179]}, {""label"": ""저장"", ""x0"": 188, ""y0"": 240, ""x1"": 338, ""y1"": 294, ""rgb"": [179, 179, 179]}, {""label"": ""홈"", ""x0"": 19, ""y0"": 116, ""x1"": 169, ""y1"": 170, ""rgb"": [228, 166, 113]}, {""label"": ""도움말"", ""x0"": 386, ""y0"": 195, ""x1"": 536, ""y1"": 249, ""rgb"": [179, 179, 179]}, {""label"": ""삭제"", ""x0"": 475, ""y0"": 520, ""x1"": 625, ""y1"": 574, ""rgb"": [179, 179, 179]}]"
d5_L12_settings_T245_N.png,12,0,T245,target,245,설정,홈,284,511,412,436,385,586,439,d3_L12_gray_N.png,"[{""label"": ""로그인"", ""x0"": 34, ""y0"": 464, ""x1"": 184, ""y1"": 518, ""rgb"": [179, 179, 179]}, {""label"": ""취소"", ""x0"": 160, ""y0"": 353, ""x1"": 310, ""y1"": 407, ""rgb"": [179, 179, 179]}, {""label"": ""설정"", ""x0"": 436, ""y0"": 385, ""x1"": 586, ""y1"": 439, ""rgb"": [67, 191, 244]}, {""label"": ""검색"", ""x0"": 653, ""y0"": 430, ""x1"": 803, ""y1"": 484, ""rgb"": [179, 179, 179]}, {""label"": ""저장"", ""x0"": 188, ""y0"": 240, ""x1"": 338, ""y1"": 294, ""rgb"": [179, 179, 179]}, {""label"": ""홈"", ""x0"": 19, ""y0"": 116, ""x1"": 169, ""y1"": 170, ""rgb"": [179, 179, 179]}, {""label"": ""도움말"", ""x0"": 386, ""y0"": 195, ""x1"": 536, ""y1"": 249, ""rgb"": [179, 179, 179]}, {""label"": ""삭제"", ""x0"": 475, ""y0"": 520, ""x1"": 625, ""y1"": 574, ""rgb"": [179, 179, 179]}]"
d5_L12_settings_D245_N.png,12,0,D245,decoy,245,설정,홈,339,511,412,436,385,586,439,d3_L12_gray_N.png,"[{""label"": ""로그인"", ""x0"": 34, ""y0"": 464, ""x1"": 184, ""y1"": 518, ""rgb"": [179, 179, 179]}, {""label"": ""취소"", ""x0"": 160, ""y0"": 353, ""x1"": 310, ""y1"": 407, ""rgb"": [179, 179, 179]}, {""label"": ""설정"", ""x0"": 436, ""y0"": 385, ""x1"": 586, ""y1"": 439, ""rgb"": [179, 179, 179]}, {""label"": ""검색"", ""x0"": 653, ""y0"": 430, ""x1"": 803, ""y1"": 484, ""rgb"": [179, 179, 179]}, {""label"": ""저장"", ""x0"": 188, ""y0"": 240, ""x1"": 338, ""y1"": 294, ""rgb"": [179, 179, 179]}, {""label"": ""홈"", ""x0"": 19, ""y0"": 116, ""x1"": 169, ""y1"": 170, ""rgb"": [67, 191, 244]}, {""label"": ""도움말"", ""x0"": 386, ""y0"": 195, ""x1"": 536, ""y1"": 249, ""rgb"": [179, 179, 179]}, {""label"": ""삭제"", ""x0"": 475, ""y0"": 520, ""x1"": 625, ""y1"": 574, ""rgb"": [179, 179, 179]}]"
d5_L12_settings_T65_M.png,12,1,T65,target,65,설정,홈,303,369,412,294,385,444,439,d3_L12_gray_M.png,"[{""label"": ""로그인"", ""x0"": 696, ""y0"": 464, ""x1"": 846, ""y1"": 518, ""rgb"": [179, 179, 179]}, {""label"": ""취소"", ""x0"": 570, ""y0"": 353, ""x1"": 720, ""y1"": 407, ""rgb"": [179, 179, 179]}, {""label"": ""설정"", ""x0"": 294, ""y0"": 385, ""x1"": 444, ""y1"": 439, ""rgb"": [228, 166, 113]}, {""label"": ""검색"", ""x0"": 77, ""y0"": 430, ""x1"": 227, ""y1"": 484, ""rgb"": [179, 179, 179]}, {""label"": ""저장"", ""x0"": 542, ""y0"": 240, ""x1"": 692, ""y1"": 294, ""rgb"": [179, 179, 179]}, {""label"": ""홈"", ""x0"": 711, ""y0"": 116, ""x1"": 861, ""y1"": 170, ""rgb"": [179, 179, 179]}, {""label"": ""도움말"", ""x0"": 344, ""y0"": 195, ""x1"": 494, ""y1"": 249, ""rgb"": [179, 179, 179]}, {""label"": ""삭제"", ""x0"": 255, ""y0"": 520, ""x1"": 405, ""y1"": 574, ""rgb"": [179, 179, 179]}]"
d5_L12_settings_D65_M.png,12,1,D65,decoy,65,설정,홈,397,369,412,294,385,444,439,d3_L12_gray_M.png,"[{""label"": ""로그인"", ""x0"": 696, ""y0"": 464, ""x1"": 846, ""y1"": 518, ""rgb"": [179, 179, 179]}, {""label"": ""취소"", ""x0"": 570, ""y0"": 353, ""x1"": 720, ""y1"": 407, ""rgb"": [179, 179, 179]}, {""label"": ""설정"", ""x0"": 294, ""y0"": 385, ""x1"": 444, ""y1"": 439, ""rgb"": [179, 179, 179]}, {""label"": ""검색"", ""x0"": 77, ""y0"": 430, ""x1"": 227, ""y1"": 484, ""rgb"": [179, 179, 179]}, {""label"": ""저장"", ""x0"": 542, ""y0"": 240, ""x1"": 692, ""y1"": 294, ""rgb"": [179, 179, 179]}, {""label"": ""홈"", ""x0"": 711, ""y0"": 116, ""x1"": 861, ""y1"": 170, ""rgb"": [228, 166, 113]}, {""label"": ""도움말"", ""x0"": 344, ""y0"": 195, ""x1"": 494, ""y1"": 249, ""rgb"": [179, 179, 179]}, {""label"": ""삭제"", ""x0"": 255, ""y0"": 520, ""x1"": 405, ""y1"": 574, ""rgb"": [179, 179, 179]}]"
d5_L12_settings_T245_M.png,12,1,T245,target,245,설정,홈,162,369,412,294,385,444,439,d3_L12_gray_M.png,"[{""label"": ""로그인"", ""x0"": 696, ""y0"": 464, ""x1"": 846, ""y1"": 518, ""rgb"": [179, 179, 179]}, {""label"": ""취소"", ""x0"": 570, ""y0"": 353, ""x1"": 720, ""y1"": 407, ""rgb"": [179, 179, 179]}, {""label"": ""설정"", ""x0"": 294, ""y0"": 385, ""x1"": 444, ""y1"": 439, ""rgb"": [67, 191, 244]}, {""label"": ""검색"", ""x0"": 77, ""y0"": 430, ""x1"": 227, ""y1"": 484, ""rgb"": [179, 179, 179]}, {""label"": ""저장"", ""x0"": 542, ""y0"": 240, ""x1"": 692, ""y1"": 294, ""rgb"": [179, 179, 179]}, {""label"": ""홈"", ""x0"": 711, ""y0"": 116, ""x1"": 861, ""y1"": 170, ""rgb"": [179, 179, 179]}, {""label"": ""도움말"", ""x0"": 344, ""y0"": 195, ""x1"": 494, ""y1"": 249, ""rgb"": [179, 179, 179]}, {""label"": ""삭제"", ""x0"": 255, ""y0"": 520, ""x1"": 405, ""y1"": 574, ""rgb"": [179, 179, 179]}]"
d5_L12_settings_D245_M.png,12,1,D245,decoy,245,설정,홈,336,369,412,294,385,444,439,d3_L12_gray_M.png,"[{""label"": ""로그인"", ""x0"": 696, ""y0"": 464, ""x1"": 846, ""y1"": 518, ""rgb"": [179, 179, 179]}, {""label"": ""취소"", ""x0"": 570, ""y0"": 353, ""x1"": 720, ""y1"": 407, ""rgb"": [179, 179, 179]}, {""label"": ""설정"", ""x0"": 294, ""y0"": 385, ""x1"": 444, ""y1"": 439, ""rgb"": [179, 179, 179]}, {""label"": ""검색"", ""x0"": 77, ""y0"": 430, ""x1"": 227, ""y1"": 484, ""rgb"": [179, 179, 179]}, {""label"": ""저장"", ""x0"": 542, ""y0"": 240, ""x1"": 692, ""y1"": 294, ""rgb"": [179, 179, 179]}, {""label"": ""홈"", ""x0"": 711, ""y0"": 116, ""x1"": 861, ""y1"": 170, ""rgb"": [67, 191, 244]}, {""label"": ""도움말"", ""x0"": 344, ""y0"": 195, ""x1"": 494, ""y1"": 249, ""rgb"": [179, 179, 179]}, {""label"": ""삭제"", ""x0"": 255, ""y0"": 520, ""x1"": 405, ""y1"": 574, ""rgb"": [179, 179, 179]}]"
d5_L13_login_D65_N.png,13,0,D65,decoy,65,로그인,저장,150,106,251,31,224,181,278,d3_L13_gray_N.png,"[{""label"": ""로그인"", ""x0"": 31, ""y0"": 224, ""x1"": 181, ""y1"": 278, ""rgb"": [179, 179, 179]}, {""label"": ""취소"", ""x0"": 695, ""y0"": 461, ""x1"": 845, ""y1"": 515, ""rgb"": [179, 179, 179]}, {""label"": ""설정"", ""x0"": 619, ""y0"": 308, ""x1"": 769, ""y1"": 362, ""rgb"": [179, 179, 179]}, {""label"": ""검색"", ""x0"": 344, ""y0"": 437, ""x1"": 494, ""y1"": 491, ""rgb"": [179, 179, 179]}, {""label"": ""저장"", ""x0"": 534, ""y0"": 126, ""x1"": 684, ""y1"": 180, ""rgb"": [228, 166, 113]}, {""label"": ""홈"", ""x0"": 201, ""y0"": 66, ""x1"": 351, ""y1"": 120, ""rgb"": [179, 179, 179]}, {""label"": ""도움말"", ""x0"": 210, ""y0"": 264, ""x1"": 360, ""y1"": 318, ""rgb"": [179, 179, 179]}, {""label"": ""삭제"", ""x0"": 408, ""y0"": 238, ""x1"": 558, ""y1"": 292, ""rgb"": [179, 179, 179]}]"
d5_L13_login_D245_N.png,13,0,D245,decoy,245,로그인,저장,285,106,251,31,224,181,278,d3_L13_gray_N.png,"[{""label"": ""로그인"", ""x0"": 31, ""y0"": 224, ""x1"": 181, ""y1"": 278, ""rgb"": [179, 179, 179]}, {""label"": ""취소"", ""x0"": 695, ""y0"": 461, ""x1"": 845, ""y1"": 515, ""rgb"": [179, 179, 179]}, {""label"": ""설정"", ""x0"": 619, ""y0"": 308, ""x1"": 769, ""y1"": 362, ""rgb"": [179, 179, 179]}, {""label"": ""검색"", ""x0"": 344, ""y0"": 437, ""x1"": 494, ""y1"": 491, ""rgb"": [179, 179, 179]}, {""label"": ""저장"", ""x0"": 534, ""y0"": 126, ""x1"": 684, ""y1"": 180, ""rgb"": [67, 191, 244]}, {""label"": ""홈"", ""x0"": 201, ""y0"": 66, ""x1"": 351, ""y1"": 120, ""rgb"": [179, 179, 179]}, {""label"": ""도움말"", ""x0"": 210, ""y0"": 264, ""x1"": 360, ""y1"": 318, ""rgb"": [179, 179, 179]}, {""label"": ""삭제"", ""x0"": 408, ""y0"": 238, ""x1"": 558, ""y1"": 292, ""rgb"": [179, 179, 179]}]"
d5_L13_login_D65_M.png,13,1,D65,decoy,65,로그인,저장,396,774,251,699,224,849,278,d3_L13_gray_M.png,"[{""label"": ""로그인"", ""x0"": 699, ""y0"": 224, ""x1"": 849, ""y1"": 278, ""rgb"": [179, 179, 179]}, {""label"": ""취소"", ""x0"": 35, ""y0"": 461, ""x1"": 185, ""y1"": 515, ""rgb"": [179, 179, 179]}, {""label"": ""설정"", ""x0"": 111, ""y0"": 308, ""x1"": 261, ""y1"": 362, ""rgb"": [179, 179, 179]}, {""label"": ""검색"", ""x0"": 386, ""y0"": 437, ""x1"": 536, ""y1"": 491, ""rgb"": [179, 179, 179]}, {""label"": ""저장"", ""x0"": 196, ""y0"": 126, ""x1"": 346, ""y1"": 180, ""rgb"": [228, 166, 113]}, {""label"": ""홈"", ""x0"": 529, ""y0"": 66, ""x1"": 679, ""y1"": 120, ""rgb"": [179, 179, 179]}, {""label"": ""도움말"", ""x0"": 520, ""y0"": 264, ""x1"": 670, ""y1"": 318, ""rgb"": [179, 179, 179]}, {""label"": ""삭제"", ""x0"": 322, ""y0"": 238, ""x1"": 472, ""y1"": 292, ""rgb"": [179, 179, 179]}]"
d5_L13_login_D245_M.png,13,1,D245,decoy,245,로그인,저장,276,774,251,699,224,849,278,d3_L13_gray_M.png,"[{""label"": ""로그인"", ""x0"": 699, ""y0"": 224, ""x1"": 849, ""y1"": 278, ""rgb"": [179, 179, 179]}, {""label"": ""취소"", ""x0"": 35, ""y0"": 461, ""x1"": 185, ""y1"": 515, ""rgb"": [179, 179, 179]}, {""label"": ""설정"", ""x0"": 111, ""y0"": 308, ""x1"": 261, ""y1"": 362, ""rgb"": [179, 179, 179]}, {""label"": ""검색"", ""x0"": 386, ""y0"": 437, ""x1"": 536, ""y1"": 491, ""rgb"": [179, 179, 179]}, {""label"": ""저장"", ""x0"": 196, ""y0"": 126, ""x1"": 346, ""y1"": 180, ""rgb"": [67, 191, 244]}, {""label"": ""홈"", ""x0"": 529, ""y0"": 66, ""x1"": 679, ""y1"": 120, ""rgb"": [179, 179, 179]}, {""label"": ""도움말"", ""x0"": 520, ""y0"": 264, ""x1"": 670, ""y1"": 318, ""rgb"": [179, 179, 179]}, {""label"": ""삭제"", ""x0"": 322, ""y0"": 238, ""x1"": 472, ""y1"": 292, ""rgb"": [179, 179, 179]}]"
d5_L13_home_T65_N.png,13,0,T65,target,65,홈,도움말,201,276,93,201,66,351,120,d3_L13_gray_N.png,"[{""label"": ""로그인"", ""x0"": 31, ""y0"": 224, ""x1"": 181, ""y1"": 278, ""rgb"": [179, 179, 179]}, {""label"": ""취소"", ""x0"": 695, ""y0"": 461, ""x1"": 845, ""y1"": 515, ""rgb"": [179, 179, 179]}, {""label"": ""설정"", ""x0"": 619, ""y0"": 308, ""x1"": 769, ""y1"": 362, ""rgb"": [179, 179, 179]}, {""label"": ""검색"", ""x0"": 344, ""y0"": 437, ""x1"": 494, ""y1"": 491, ""rgb"": [179, 179, 179]}, {""label"": ""저장"", ""x0"": 534, ""y0"": 126, ""x1"": 684, ""y1"": 180, ""rgb"": [179, 179, 179]}, {""label"": ""홈"", ""x0"": 201, ""y0"": 66, ""x1"": 351, ""y1"": 120, ""rgb"": [228, 166, 113]}, {""label"": ""도움말"", ""x0"": 210, ""y0"": 264, ""x1"": 360, ""y1"": 318, ""rgb"": [179, 179, 179]}, {""label"": ""삭제"", ""x0"": 408, ""y0"": 238, ""x1"": 558, ""y1"": 292, ""rgb"": [179, 179, 179]}]"
d5_L13_home_D65_N.png,13,0,D65,decoy,65,홈,도움말,326,276,93,201,66,351,120,d3_L13_gray_N.png,"[{""label"": ""로그인"", ""x0"": 31, ""y0"": 224, ""x1"": 181, ""y1"": 278, ""rgb"": [179, 179, 179]}, {""label"": ""취소"", ""x0"": 695, ""y0"": 461, ""x1"": 845, ""y1"": 515, ""rgb"": [179, 179, 179]}, {""label"": ""설정"", ""x0"": 619, ""y0"": 308, ""x1"": 769, ""y1"": 362, ""rgb"": [179, 179, 179]}, {""label"": ""검색"", ""x0"": 344, ""y0"": 437, ""x1"": 494, ""y1"": 491, ""rgb"": [179, 179, 179]}, {""label"": ""저장"", ""x0"": 534, ""y0"": 126, ""x1"": 684, ""y1"": 180, ""rgb"": [179, 179, 179]}, {""label"": ""홈"", ""x0"": 201, ""y0"": 66, ""x1"": 351, ""y1"": 120, ""rgb"": [179, 179, 179]}, {""label"": ""도움말"", ""x0"": 210, ""y0"": 264, ""x1"": 360, ""y1"": 318, ""rgb"": [228, 166, 113]}, {""label"": ""삭제"", ""x0"": 408, ""y0"": 238, ""x1"": 558, ""y1"": 292, ""rgb"": [179, 179, 179]}]"
d5_L13_home_T245_N.png,13,0,T245,target,245,홈,도움말,59,276,93,201,66,351,120,d3_L13_gray_N.png,"[{""label"": ""로그인"", ""x0"": 31, ""y0"": 224, ""x1"": 181, ""y1"": 278, ""rgb"": [179, 179, 179]}, {""label"": ""취소"", ""x0"": 695, ""y0"": 461, ""x1"": 845, ""y1"": 515, ""rgb"": [179, 179, 179]}, {""label"": ""설정"", ""x0"": 619, ""y0"": 308, ""x1"": 769, ""y1"": 362, ""rgb"": [179, 179, 179]}, {""label"": ""검색"", ""x0"": 344, ""y0"": 437, ""x1"": 494, ""y1"": 491, ""rgb"": [179, 179, 179]}, {""label"": ""저장"", ""x0"": 534, ""y0"": 126, ""x1"": 684, ""y1"": 180, ""rgb"": [179, 179, 179]}, {""label"": ""홈"", ""x0"": 201, ""y0"": 66, ""x1"": 351, ""y1"": 120, ""rgb"": [67, 191, 244]}, {""label"": ""도움말"", ""x0"": 210, ""y0"": 264, ""x1"": 360, ""y1"": 318, ""rgb"": [179, 179, 179]}, {""label"": ""삭제"", ""x0"": 408, ""y0"": 238, ""x1"": 558, ""y1"": 292, ""rgb"": [179, 179, 179]}]"
d5_L13_home_D245_N.png,13,0,D245,decoy,245,홈,도움말,320,276,93,201,66,351,120,d3_L13_gray_N.png,"[{""label"": ""로그인"", ""x0"": 31, ""y0"": 224, ""x1"": 181, ""y1"": 278, ""rgb"": [179, 179, 179]}, {""label"": ""취소"", ""x0"": 695, ""y0"": 461, ""x1"": 845, ""y1"": 515, ""rgb"": [179, 179, 179]}, {""label"": ""설정"", ""x0"": 619, ""y0"": 308, ""x1"": 769, ""y1"": 362, ""rgb"": [179, 179, 179]}, {""label"": ""검색"", ""x0"": 344, ""y0"": 437, ""x1"": 494, ""y1"": 491, ""rgb"": [179, 179, 179]}, {""label"": ""저장"", ""x0"": 534, ""y0"": 126, ""x1"": 684, ""y1"": 180, ""rgb"": [179, 179, 179]}, {""label"": ""홈"", ""x0"": 201, ""y0"": 66, ""x1"": 351, ""y1"": 120, ""rgb"": [179, 179, 179]}, {""label"": ""도움말"", ""x0"": 210, ""y0"": 264, ""x1"": 360, ""y1"": 318, ""rgb"": [67, 191, 244]}, {""label"": ""삭제"", ""x0"": 408, ""y0"": 238, ""x1"": 558, ""y1"": 292, ""rgb"": [179, 179, 179]}]"
d5_L13_home_T65_M.png,13,1,T65,target,65,홈,도움말,332,604,93,529,66,679,120,d3_L13_gray_M.png,"[{""label"": ""로그인"", ""x0"": 699, ""y0"": 224, ""x1"": 849, ""y1"": 278, ""rgb"": [179, 179, 179]}, {""label"": ""취소"", ""x0"": 35, ""y0"": 461, ""x1"": 185, ""y1"": 515, ""rgb"": [179, 179, 179]}, {""label"": ""설정"", ""x0"": 111, ""y0"": 308, ""x1"": 261, ""y1"": 362, ""rgb"": [179, 179, 179]}, {""label"": ""검색"", ""x0"": 386, ""y0"": 437, ""x1"": 536, ""y1"": 491, ""rgb"": [179, 179, 179]}, {""label"": ""저장"", ""x0"": 196, ""y0"": 126, ""x1"": 346, ""y1"": 180, ""rgb"": [179, 179, 179]}, {""label"": ""홈"", ""x0"": 529, ""y0"": 66, ""x1"": 679, ""y1"": 120, ""rgb"": [228, 166, 113]}, {""label"": ""도움말"", ""x0"": 520, ""y0"": 264, ""x1"": 670, ""y1"": 318, ""rgb"": [179, 179, 179]}, {""label"": ""삭제"", ""x0"": 322, ""y0"": 238, ""x1"": 472, ""y1"": 292, ""rgb"": [179, 179, 179]}]"
d5_L13_home_D65_M.png,13,1,D65,decoy,65,홈,도움말,146,604,93,529,66,679,120,d3_L13_gray_M.png,"[{""label"": ""로그인"", ""x0"": 699, ""y0"": 224, ""x1"": 849, ""y1"": 278, ""rgb"": [179, 179, 179]}, {""label"": ""취소"", ""x0"": 35, ""y0"": 461, ""x1"": 185, ""y1"": 515, ""rgb"": [179, 179, 179]}, {""label"": ""설정"", ""x0"": 111, ""y0"": 308, ""x1"": 261, ""y1"": 362, ""rgb"": [179, 179, 179]}, {""label"": ""검색"", ""x0"": 386, ""y0"": 437, ""x1"": 536, ""y1"": 491, ""rgb"": [179, 179, 179]}, {""label"": ""저장"", ""x0"": 196, ""y0"": 126, ""x1"": 346, ""y1"": 180, ""rgb"": [179, 179, 179]}, {""label"": ""홈"", ""x0"": 529, ""y0"": 66, ""x1"": 679, ""y1"": 120, ""rgb"": [179, 179, 179]}, {""label"": ""도움말"", ""x0"": 520, ""y0"": 264, ""x1"": 670, ""y1"": 318, ""rgb"": [228, 166, 113]}, {""label"": ""삭제"", ""x0"": 322, ""y0"": 238, ""x1"": 472, ""y1"": 292, ""rgb"": [179, 179, 179]}]"
d5_L13_home_T245_M.png,13,1,T245,target,245,홈,도움말,66,604,93,529,66,679,120,d3_L13_gray_M.png,"[{""label"": ""로그인"", ""x0"": 699, ""y0"": 224, ""x1"": 849, ""y1"": 278, ""rgb"": [179, 179, 179]}, {""label"": ""취소"", ""x0"": 35, ""y0"": 461, ""x1"": 185, ""y1"": 515, ""rgb"": [179, 179, 179]}, {""label"": ""설정"", ""x0"": 111, ""y0"": 308, ""x1"": 261, ""y1"": 362, ""rgb"": [179, 179, 179]}, {""label"": ""검색"", ""x0"": 386, ""y0"": 437, ""x1"": 536, ""y1"": 491, ""rgb"": [179, 179, 179]}, {""label"": ""저장"", ""x0"": 196, ""y0"": 126, ""x1"": 346, ""y1"": 180, ""rgb"": [179, 179, 179]}, {""label"": ""홈"", ""x0"": 529, ""y0"": 66, ""x1"": 679, ""y1"": 120, ""rgb"": [67, 191, 244]}, {""label"": ""도움말"", ""x0"": 520, ""y0"": 264, ""x1"": 670, ""y1"": 318, ""rgb"": [179, 179, 179]}, {""label"": ""삭제"", ""x0"": 322, ""y0"": 238, ""x1"": 472, ""y1"": 292, ""rgb"": [179, 179, 179]}]"
d5_L13_home_D245_M.png,13,1,D245,decoy,245,홈,도움말,37,604,93,529,66,679,120,d3_L13_gray_M.png,"[{""label"": ""로그인"", ""x0"": 699, ""y0"": 224, ""x1"": 849, ""y1"": 278, ""rgb"": [179, 179, 179]}, {""label"": ""취소"", ""x0"": 35, ""y0"": 461, ""x1"": 185, ""y1"": 515, ""rgb"": [179, 179, 179]}, {""label"": ""설정"", ""x0"": 111, ""y0"": 308, ""x1"": 261, ""y1"": 362, ""rgb"": [179, 179, 179]}, {""label"": ""검색"", ""x0"": 386, ""y0"": 437, ""x1"": 536, ""y1"": 491, ""rgb"": [179, 179, 179]}, {""label"": ""저장"", ""x0"": 196, ""y0"": 126, ""x1"": 346, ""y1"": 180, ""rgb"": [179, 179, 179]}, {""label"": ""홈"", ""x0"": 529, ""y0"": 66, ""x1"": 679, ""y1"": 120, ""rgb"": [179, 179, 179]}, {""label"": ""도움말"", ""x0"": 520, ""y0"": 264, ""x1"": 670, ""y1"": 318, ""rgb"": [67, 191, 244]}, {""label"": ""삭제"", ""x0"": 322, ""y0"": 238, ""x1"": 472, ""y1"": 292, ""rgb"": [179, 179, 179]}]"
d5_L13_settings_T65_N.png,13,0,T65,target,65,설정,삭제,88,694,335,619,308,769,362,d3_L13_gray_N.png,"[{""label"": ""로그인"", ""x0"": 31, ""y0"": 224, ""x1"": 181, ""y1"": 278, ""rgb"": [179, 179, 179]}, {""label"": ""취소"", ""x0"": 695, ""y0"": 461, ""x1"": 845, ""y1"": 515, ""rgb"": [179, 179, 179]}, {""label"": ""설정"", ""x0"": 619, ""y0"": 308, ""x1"": 769, ""y1"": 362, ""rgb"": [228, 166, 113]}, {""label"": ""검색"", ""x0"": 344, ""y0"": 437, ""x1"": 494, ""y1"": 491, ""rgb"": [179, 179, 179]}, {""label"": ""저장"", ""x0"": 534, ""y0"": 126, ""x1"": 684, ""y1"": 180, ""rgb"": [179, 179, 179]}, {""label"": ""홈"", ""x0"": 201, ""y0"": 66, ""x1"": 351, ""y1"": 120, ""rgb"": [179, 179, 179]}, {""label"": ""도움말"", ""x0"": 210, ""y0"": 264, ""x1"": 360, ""y1"": 318, ""rgb"": [179, 179, 179]}, {""label"": ""삭제"", ""x0"": 408, ""y0"": 238, ""x1"": 558, ""y1"": 292, ""rgb"": [179, 179, 179]}]"
d5_L13_settings_D65_N.png,13,0,D65,decoy,65,설정,삭제,91,694,335,619,308,769,362,d3_L13_gray_N.png,"[{""label"": ""로그인"", ""x0"": 31, ""y0"": 224, ""x1"": 181, ""y1"": 278, ""rgb"": [179, 179, 179]}, {""label"": ""취소"", ""x0"": 695, ""y0"": 461, ""x1"": 845, ""y1"": 515, ""rgb"": [179, 179, 179]}, {""label"": ""설정"", ""x0"": 619, ""y0"": 308, ""x1"": 769, ""y1"": 362, ""rgb"": [179, 179, 179]}, {""label"": ""검색"", ""x0"": 344, ""y0"": 437, ""x1"": 494, ""y1"": 491, ""rgb"": [179, 179, 179]}, {""label"": ""저장"", ""x0"": 534, ""y0"": 126, ""x1"": 684, ""y1"": 180, ""rgb"": [179, 179, 179]}, {""label"": ""홈"", ""x0"": 201, ""y0"": 66, ""x1"": 351, ""y1"": 120, ""rgb"": [179, 179, 179]}, {""label"": ""도움말"", ""x0"": 210, ""y0"": 264, ""x1"": 360, ""y1"": 318, ""rgb"": [179, 179, 179]}, {""label"": ""삭제"", ""x0"": 408, ""y0"": 238, ""x1"": 558, ""y1"": 292, ""rgb"": [228, 166, 113]}]"
d5_L13_settings_T245_N.png,13,0,T245,target,245,설정,삭제,258,694,335,619,308,769,362,d3_L13_gray_N.png,"[{""label"": ""로그인"", ""x0"": 31, ""y0"": 224, ""x1"": 181, ""y1"": 278, ""rgb"": [179, 179, 179]}, {""label"": ""취소"", ""x0"": 695, ""y0"": 461, ""x1"": 845, ""y1"": 515, ""rgb"": [179, 179, 179]}, {""label"": ""설정"", ""x0"": 619, ""y0"": 308, ""x1"": 769, ""y1"": 362, ""rgb"": [67, 191, 244]}, {""label"": ""검색"", ""x0"": 344, ""y0"": 437, ""x1"": 494, ""y1"": 491, ""rgb"": [179, 179, 179]}, {""label"": ""저장"", ""x0"": 534, ""y0"": 126, ""x1"": 684, ""y1"": 180, ""rgb"": [179, 179, 179]}, {""label"": ""홈"", ""x0"": 201, ""y0"": 66, ""x1"": 351, ""y1"": 120, ""rgb"": [179, 179, 179]}, {""label"": ""도움말"", ""x0"": 210, ""y0"": 264, ""x1"": 360, ""y1"": 318, ""rgb"": [179, 179, 179]}, {""label"": ""삭제"", ""x0"": 408, ""y0"": 238, ""x1"": 558, ""y1"": 292, ""rgb"": [179, 179, 179]}]"
d5_L13_settings_D245_N.png,13,0,D245,decoy,245,설정,삭제,356,694,335,619,308,769,362,d3_L13_gray_N.png,"[{""label"": ""로그인"", ""x0"": 31, ""y0"": 224, ""x1"": 181, ""y1"": 278, ""rgb"": [179, 179, 179]}, {""label"": ""취소"", ""x0"": 695, ""y0"": 461, ""x1"": 845, ""y1"": 515, ""rgb"": [179, 179, 179]}, {""label"": ""설정"", ""x0"": 619, ""y0"": 308, ""x1"": 769, ""y1"": 362, ""rgb"": [179, 179, 179]}, {""label"": ""검색"", ""x0"": 344, ""y0"": 437, ""x1"": 494, ""y1"": 491, ""rgb"": [179, 179, 179]}, {""label"": ""저장"", ""x0"": 534, ""y0"": 126, ""x1"": 684, ""y1"": 180, ""rgb"": [179, 179, 179]}, {""label"": ""홈"", ""x0"": 201, ""y0"": 66, ""x1"": 351, ""y1"": 120, ""rgb"": [179, 179, 179]}, {""label"": ""도움말"", ""x0"": 210, ""y0"": 264, ""x1"": 360, ""y1"": 318, ""rgb"": [179, 179, 179]}, {""label"": ""삭제"", ""x0"": 408, ""y0"": 238, ""x1"": 558, ""y1"": 292, ""rgb"": [67, 191, 244]}]"
d5_L13_settings_T65_M.png,13,1,T65,target,65,설정,삭제,222,186,335,111,308,261,362,d3_L13_gray_M.png,"[{""label"": ""로그인"", ""x0"": 699, ""y0"": 224, ""x1"": 849, ""y1"": 278, ""rgb"": [179, 179, 179]}, {""label"": ""취소"", ""x0"": 35, ""y0"": 461, ""x1"": 185, ""y1"": 515, ""rgb"": [179, 179, 179]}, {""label"": ""설정"", ""x0"": 111, ""y0"": 308, ""x1"": 261, ""y1"": 362, ""rgb"": [228, 166, 113]}, {""label"": ""검색"", ""x0"": 386, ""y0"": 437, ""x1"": 536, ""y1"": 491, ""rgb"": [179, 179, 179]}, {""label"": ""저장"", ""x0"": 196, ""y0"": 126, ""x1"": 346, ""y1"": 180, ""rgb"": [179, 179, 179]}, {""label"": ""홈"", ""x0"": 529, ""y0"": 66, ""x1"": 679, ""y1"": 120, ""rgb"": [179, 179, 179]}, {""label"": ""도움말"", ""x0"": 520, ""y0"": 264, ""x1"": 670, ""y1"": 318, ""rgb"": [179, 179, 179]}, {""label"": ""삭제"", ""x0"": 322, ""y0"": 238, ""x1"": 472, ""y1"": 292, ""rgb"": [179, 179, 179]}]"
d5_L13_settings_D65_M.png,13,1,D65,decoy,65,설정,삭제,225,186,335,111,308,261,362,d3_L13_gray_M.png,"[{""label"": ""로그인"", ""x0"": 699, ""y0"": 224, ""x1"": 849, ""y1"": 278, ""rgb"": [179, 179, 179]}, {""label"": ""취소"", ""x0"": 35, ""y0"": 461, ""x1"": 185, ""y1"": 515, ""rgb"": [179, 179, 179]}, {""label"": ""설정"", ""x0"": 111, ""y0"": 308, ""x1"": 261, ""y1"": 362, ""rgb"": [179, 179, 179]}, {""label"": ""검색"", ""x0"": 386, ""y0"": 437, ""x1"": 536, ""y1"": 491, ""rgb"": [179, 179, 179]}, {""label"": ""저장"", ""x0"": 196, ""y0"": 126, ""x1"": 346, ""y1"": 180, ""rgb"": [179, 179, 179]}, {""label"": ""홈"", ""x0"": 529, ""y0"": 66, ""x1"": 679, ""y1"": 120, ""rgb"": [179, 179, 179]}, {""label"": ""도움말"", ""x0"": 520, ""y0"": 264, ""x1"": 670, ""y1"": 318, ""rgb"": [179, 179, 179]}, {""label"": ""삭제"", ""x0"": 322, ""y0"": 238, ""x1"": 472, ""y1"": 292, ""rgb"": [228, 166, 113]}]"
d5_L13_settings_T245_M.png,13,1,T245,target,245,설정,삭제,205,186,335,111,308,261,362,d3_L13_gray_M.png,"[{""label"": ""로그인"", ""x0"": 699, ""y0"": 224, ""x1"": 849, ""y1"": 278, ""rgb"": [179, 179, 179]}, {""label"": ""취소"", ""x0"": 35, ""y0"": 461, ""x1"": 185, ""y1"": 515, ""rgb"": [179, 179, 179]}, {""label"": ""설정"", ""x0"": 111, ""y0"": 308, ""x1"": 261, ""y1"": 362, ""rgb"": [67, 191, 244]}, {""label"": ""검색"", ""x0"": 386, ""y0"": 437, ""x1"": 536, ""y1"": 491, ""rgb"": [179, 179, 179]}, {""label"": ""저장"", ""x0"": 196, ""y0"": 126, ""x1"": 346, ""y1"": 180, ""rgb"": [179, 179, 179]}, {""label"": ""홈"", ""x0"": 529, ""y0"": 66, ""x1"": 679, ""y1"": 120, ""rgb"": [179, 179, 179]}, {""label"": ""도움말"", ""x0"": 520, ""y0"": 264, ""x1"": 670, ""y1"": 318, ""rgb"": [179, 179, 179]}, {""label"": ""삭제"", ""x0"": 322, ""y0"": 238, ""x1"": 472, ""y1"": 292, ""rgb"": [179, 179, 179]}]"
d5_L13_settings_D245_M.png,13,1,D245,decoy,245,설정,삭제,309,186,335,111,308,261,362,d3_L13_gray_M.png,"[{""label"": ""로그인"", ""x0"": 699, ""y0"": 224, ""x1"": 849, ""y1"": 278, ""rgb"": [179, 179, 179]}, {""label"": ""취소"", ""x0"": 35, ""y0"": 461, ""x1"": 185, ""y1"": 515, ""rgb"": [179, 179, 179]}, {""label"": ""설정"", ""x0"": 111, ""y0"": 308, ""x1"": 261, ""y1"": 362, ""rgb"": [179, 179, 179]}, {""label"": ""검색"", ""x0"": 386, ""y0"": 437, ""x1"": 536, ""y1"": 491, ""rgb"": [179, 179, 179]}, {""label"": ""저장"", ""x0"": 196, ""y0"": 126, ""x1"": 346, ""y1"": 180, ""rgb"": [179, 179, 179]}, {""label"": ""홈"", ""x0"": 529, ""y0"": 66, ""x1"": 679, ""y1"": 120, ""rgb"": [179, 179, 179]}, {""label"": ""도움말"", ""x0"": 520, ""y0"": 264, ""x1"": 670, ""y1"": 318, ""rgb"": [179, 179, 179]}, {""label"": ""삭제"", ""x0"": 322, ""y0"": 238, ""x1"": 472, ""y1"": 292, ""rgb"": [67, 191, 244]}]"
d5_L14_login_D65_N.png,14,0,D65,decoy,65,로그인,취소,387,456,154,381,127,531,181,d3_L14_gray_N.png,"[{""label"": ""로그인"", ""x0"": 381, ""y0"": 127, ""x1"": 531, ""y1"": 181, ""rgb"": [179, 179, 179]}, {""label"": ""취소"", ""x0"": 662, ""y0"": 228, ""x1"": 812, ""y1"": 282, ""rgb"": [228, 166, 113]}, {""label"": ""설정"", ""x0"": 174, ""y0"": 437, ""x1"": 324, ""y1"": 491, ""rgb"": [179, 179, 179]}, {""label"": ""검색"", ""x0"": 439, ""y0"": 389, ""x1"": 589, ""y1"": 443, ""rgb"": [179, 179, 179]}, {""label"": ""저장"", ""x0"": 456, ""y0"": 293, ""x1"": 606, ""y1"": 347, ""rgb"": [179, 179, 179]}, {""label"": ""홈"", ""x0"": 25, ""y0"": 131, ""x1"": 175, ""y1"": 185, ""rgb"": [179, 179, 179]}, {""label"": ""도움말"", ""x0"": 229, ""y0"": 222, ""x1"": 379, ""y1"": 276, ""rgb"": [179, 179, 179]}, {""label"": ""삭제"", ""x0"": 571, ""y0"": 122, ""x1"": 721, ""y1"": 176, ""rgb"": [179, 179, 179]}]"
d5_L14_login_D245_N.png,14,0,D245,decoy,245,로그인,취소,114,456,154,381,127,531,181,d3_L14_gray_N.png,"[{""label"": ""로그인"", ""x0"": 381, ""y0"": 127, ""x1"": 531, ""y1"": 181, ""rgb"": [179, 179, 179]}, {""label"": ""취소"", ""x0"": 662, ""y0"": 228, ""x1"": 812, ""y1"": 282, ""rgb"": [67, 191, 244]}, {""label"": ""설정"", ""x0"": 174, ""y0"": 437, ""x1"": 324, ""y1"": 491, ""rgb"": [179, 179, 179]}, {""label"": ""검색"", ""x0"": 439, ""y0"": 389, ""x1"": 589, ""y1"": 443, ""rgb"": [179, 179, 179]}, {""label"": ""저장"", ""x0"": 456, ""y0"": 293, ""x1"": 606, ""y1"": 347, ""rgb"": [179, 179, 179]}, {""label"": ""홈"", ""x0"": 25, ""y0"": 131, ""x1"": 175, ""y1"": 185, ""rgb"": [179, 179, 179]}, {""label"": ""도움말"", ""x0"": 229, ""y0"": 222, ""x1"": 379, ""y1"": 276, ""rgb"": [179, 179, 179]}, {""label"": ""삭제"", ""x0"": 571, ""y0"": 122, ""x1"": 721, ""y1"": 176, ""rgb"": [179, 179, 179]}]"
d5_L14_login_D65_M.png,14,1,D65,decoy,65,로그인,취소,170,424,154,349,127,499,181,d3_L14_gray_M.png,"[{""label"": ""로그인"", ""x0"": 349, ""y0"": 127, ""x1"": 499, ""y1"": 181, ""rgb"": [179, 179, 179]}, {""label"": ""취소"", ""x0"": 68, ""y0"": 228, ""x1"": 218, ""y1"": 282, ""rgb"": [228, 166, 113]}, {""label"": ""설정"", ""x0"": 556, ""y0"": 437, ""x1"": 706, ""y1"": 491, ""rgb"": [179, 179, 179]}, {""label"": ""검색"", ""x0"": 291, ""y0"": 389, ""x1"": 441, ""y1"": 443, ""rgb"": [179, 179, 179]}, {""label"": ""저장"", ""x0"": 274, ""y0"": 293, ""x1"": 424, ""y1"": 347, ""rgb"": [179, 179, 179]}, {""label"": ""홈"", ""x0"": 705, ""y0"": 131, ""x1"": 855, ""y1"": 185, ""rgb"": [179, 179, 179]}, {""label"": ""도움말"", ""x0"": 501, ""y0"": 222, ""x1"": 651, ""y1"": 276, ""rgb"": [179, 179, 179]}, {""label"": ""삭제"", ""x0"": 159, ""y0"": 122, ""x1"": 309, ""y1"": 176, ""rgb"": [179, 179, 179]}]"
d5_L14_login_D245_M.png,14,1,D245,decoy,245,로그인,취소,340,424,154,349,127,499,181,d3_L14_gray_M.png,"[{""label"": ""로그인"", ""x0"": 349, ""y0"": 127, ""x1"": 499, ""y1"": 181, ""rgb"": [179, 179, 179]}, {""label"": ""취소"", ""x0"": 68, ""y0"": 228, ""x1"": 218, ""y1"": 282, ""rgb"": [67, 191, 244]}, {""label"": ""설정"", ""x0"": 556, ""y0"": 437, ""x1"": 706, ""y1"": 491, ""rgb"": [179, 179, 179]}, {""label"": ""검색"", ""x0"": 291, ""y0"": 389, ""x1"": 441, ""y1"": 443, ""rgb"": [179, 179, 179]}, {""label"": ""저장"", ""x0"": 274, ""y0"": 293, ""x1"": 424, ""y1"": 347, ""rgb"": [179, 179, 179]}, {""label"": ""홈"", ""x0"": 705, ""y0"": 131, ""x1"": 855, ""y1"": 185, ""rgb"": [179, 179, 179]}, {""label"": ""도움말"", ""x0"": 501, ""y0"": 222, ""x1"": 651, ""y1"": 276, ""rgb"": [179, 179, 179]}, {""label"": ""삭제"", ""x0"": 159, ""y0"": 122, ""x1"": 309, ""y1"": 176, ""rgb"": [179, 179, 179]}]"
d5_L14_home_T65_N.png,14,0,T65,target,65,홈,저장,390,100,158,25,131,175,185,d3_L14_gray_N.png,"[{""label"": ""로그인"", ""x0"": 381, ""y0"": 127, ""x1"": 531, ""y1"": 181, ""rgb"": [179, 179, 179]}, {""label"": ""취소"", ""x0"": 662, ""y0"": 228, ""x1"": 812, ""y1"": 282, ""rgb"": [179, 179, 179]}, {""label"": ""설정"", ""x0"": 174, ""y0"": 437, ""x1"": 324, ""y1"": 491, ""rgb"": [179, 179, 179]}, {""label"": ""검색"", ""x0"": 439, ""y0"": 389, ""x1"": 589, ""y1"": 443, ""rgb"": [179, 179, 179]}, {""label"": ""저장"", ""x0"": 456, ""y0"": 293, ""x1"": 606, ""y1"": 347, ""rgb"": [179, 179, 179]}, {""label"": ""홈"", ""x0"": 25, ""y0"": 131, ""x1"": 175, ""y1"": 185, ""rgb"": [228, 166, 113]}, {""label"": ""도움말"", ""x0"": 229, ""y0"": 222, ""x1"": 379, ""y1"": 276, ""rgb"": [179, 179, 179]}, {""label"": ""삭제"", ""x0"": 571, ""y0"": 122, ""x1"": 721, ""y1"": 176, ""rgb"": [179, 179, 179]}]"
d5_L14_home_D65_N.png,14,0,D65,decoy,65,홈,저장,357,100,158,25,131,175,185,d3_L14_gray_N.png,"[{""label"": ""로그인"", ""x0"": 381, ""y0"": 127, ""x1"": 531, ""y1"": 181, ""rgb"": [179, 179, 179]}, {""label"": ""취소"", ""x0"": 662, ""y0"": 228, ""x1"": 812, ""y1"": 282, ""rgb"": [179, 179, 179]}, {""label"": ""설정"", ""x0"": 174, ""y0"": 437, ""x1"": 324, ""y1"": 491, ""rgb"": [179, 179, 179]}, {""label"": ""검색"", ""x0"": 439, ""y0"": 389, ""x1"": 589, ""y1"": 443, ""rgb"": [179, 179, 179]}, {""label"": ""저장"", ""x0"": 456, ""y0"": 293, ""x1"": 606, ""y1"": 347, ""rgb"": [228, 166, 113]}, {""label"": ""홈"", ""x0"": 25, ""y0"": 131, ""x1"": 175, ""y1"": 185, ""rgb"": [179, 179, 179]}, {""label"": ""도움말"", ""x0"": 229, ""y0"": 222, ""x1"": 379, ""y1"": 276, ""rgb"": [179, 179, 179]}, {""label"": ""삭제"", ""x0"": 571, ""y0"": 122, ""x1"": 721, ""y1"": 176, ""rgb"": [179, 179, 179]}]"
d5_L14_home_T245_N.png,14,0,T245,target,245,홈,저장,307,100,158,25,131,175,185,d3_L14_gray_N.png,"[{""label"": ""로그인"", ""x0"": 381, ""y0"": 127, ""x1"": 531, ""y1"": 181, ""rgb"": [179, 179, 179]}, {""label"": ""취소"", ""x0"": 662, ""y0"": 228, ""x1"": 812, ""y1"": 282, ""rgb"": [179, 179, 179]}, {""label"": ""설정"", ""x0"": 174, ""y0"": 437, ""x1"": 324, ""y1"": 491, ""rgb"": [179, 179, 179]}, {""label"": ""검색"", ""x0"": 439, ""y0"": 389, ""x1"": 589, ""y1"": 443, ""rgb"": [179, 179, 179]}, {""label"": ""저장"", ""x0"": 456, ""y0"": 293, ""x1"": 606, ""y1"": 347, ""rgb"": [179, 179, 179]}, {""label"": ""홈"", ""x0"": 25, ""y0"": 131, ""x1"": 175, ""y1"": 185, ""rgb"": [67, 191, 244]}, {""label"": ""도움말"", ""x0"": 229, ""y0"": 222, ""x1"": 379, ""y1"": 276, ""rgb"": [179, 179, 179]}, {""label"": ""삭제"", ""x0"": 571, ""y0"": 122, ""x1"": 721, ""y1"": 176, ""rgb"": [179, 179, 179]}]"
d5_L14_home_D245_N.png,14,0,D245,decoy,245,홈,저장,100,100,158,25,131,175,185,d3_L14_gray_N.png,"[{""label"": ""로그인"", ""x0"": 381, ""y0"": 127, ""x1"": 531, ""y1"": 181, ""rgb"": [179, 179, 179]}, {""label"": ""취소"", ""x0"": 662, ""y0"": 228, ""x1"": 812, ""y1"": 282, ""rgb"": [179, 179, 179]}, {""label"": ""설정"", ""x0"": 174, ""y0"": 437, ""x1"": 324, ""y1"": 491, ""rgb"": [179, 179, 179]}, {""label"": ""검색"", ""x0"": 439, ""y0"": 389, ""x1"": 589, ""y1"": 443, ""rgb"": [179, 179, 179]}, {""label"": ""저장"", ""x0"": 456, ""y0"": 293, ""x1"": 606, ""y1"": 347, ""rgb"": [67, 191, 244]}, {""label"": ""홈"", ""x0"": 25, ""y0"": 131, ""x1"": 175, ""y1"": 185, ""rgb"": [179, 179, 179]}, {""label"": ""도움말"", ""x0"": 229, ""y0"": 222, ""x1"": 379, ""y1"": 276, ""rgb"": [179, 179, 179]}, {""label"": ""삭제"", ""x0"": 571, ""y0"": 122, ""x1"": 721, ""y1"": 176, ""rgb"": [179, 179, 179]}]"
d5_L14_home_T65_M.png,14,1,T65,target,65,홈,저장,329,780,158,705,131,855,185,d3_L14_gray_M.png,"[{""label"": ""로그인"", ""x0"": 349, ""y0"": 127, ""x1"": 499, ""y1"": 181, ""rgb"": [179, 179, 179]}, {""label"": ""취소"", ""x0"": 68, ""y0"": 228, ""x1"": 218, ""y1"": 282, ""rgb"": [179, 179, 179]}, {""label"": ""설정"", ""x0"": 556, ""y0"": 437, ""x1"": 706, ""y1"": 491, ""rgb"": [179, 179, 179]}, {""label"": ""검색"", ""x0"": 291, ""y0"": 389, ""x1"": 441, ""y1"": 443, ""rgb"": [179, 179, 179]}, {""label"": ""저장"", ""x0"": 274, ""y0"": 293, ""x1"": 424, ""y1"": 347, ""rgb"": [179, 179, 179]}, {""label"": ""홈"", ""x0"": 705, ""y0"": 131, ""x1"": 855, ""y1"": 185, ""rgb"": [228, 166, 113]}, {""label"": ""도움말"", ""x0"": 501, ""y0"": 222, ""x1"": 651, ""y1"": 276, ""rgb"": [179, 179, 179]}, {""label"": ""삭제"", ""x0"": 159, ""y0"": 122, ""x1"": 309, ""y1"": 176, ""rgb"": [179, 179, 179]}]"
d5_L14_home_D65_M.png,14,1,D65,decoy,65,홈,저장,168,780,158,705,131,855,185,d3_L14_gray_M.png,"[{""label"": ""로그인"", ""x0"": 349, ""y0"": 127, ""x1"": 499, ""y1"": 181, ""rgb"": [179, 179, 179]}, {""label"": ""취소"", ""x0"": 68, ""y0"": 228, ""x1"": 218, ""y1"": 282, ""rgb"": [179, 179, 179]}, {""label"": ""설정"", ""x0"": 556, ""y0"": 437, ""x1"": 706, ""y1"": 491, ""rgb"": [179, 179, 179]}, {""label"": ""검색"", ""x0"": 291, ""y0"": 389, ""x1"": 441, ""y1"": 443, ""rgb"": [179, 179, 179]}, {""label"": ""저장"", ""x0"": 274, ""y0"": 293, ""x1"": 424, ""y1"": 347, ""rgb"": [228, 166, 113]}, {""label"": ""홈"", ""x0"": 705, ""y0"": 131, ""x1"": 855, ""y1"": 185, ""rgb"": [179, 179, 179]}, {""label"": ""도움말"", ""x0"": 501, ""y0"": 222, ""x1"": 651, ""y1"": 276, ""rgb"": [179, 179, 179]}, {""label"": ""삭제"", ""x0"": 159, ""y0"": 122, ""x1"": 309, ""y1"": 176, ""rgb"": [179, 179, 179]}]"
d5_L14_home_T245_M.png,14,1,T245,target,245,홈,저장,233,780,158,705,131,855,185,d3_L14_gray_M.png,"[{""label"": ""로그인"", ""x0"": 349, ""y0"": 127, ""x1"": 499, ""y1"": 181, ""rgb"": [179, 179, 179]}, {""label"": ""취소"", ""x0"": 68, ""y0"": 228, ""x1"": 218, ""y1"": 282, ""rgb"": [179, 179, 179]}, {""label"": ""설정"", ""x0"": 556, ""y0"": 437, ""x1"": 706, ""y1"": 491, ""rgb"": [179, 179, 179]}, {""label"": ""검색"", ""x0"": 291, ""y0"": 389, ""x1"": 441, ""y1"": 443, ""rgb"": [179, 179, 179]}, {""label"": ""저장"", ""x0"": 274, ""y0"": 293, ""x1"": 424, ""y1"": 347, ""rgb"": [179, 179, 179]}, {""label"": ""홈"", ""x0"": 705, ""y0"": 131, ""x1"": 855, ""y1"": 185, ""rgb"": [67, 191, 244]}, {""label"": ""도움말"", ""x0"": 501, ""y0"": 222, ""x1"": 651, ""y1"": 276, ""rgb"": [179, 179, 179]}, {""label"": ""삭제"", ""x0"": 159, ""y0"": 122, ""x1"": 309, ""y1"": 176, ""rgb"": [179, 179, 179]}]"
d5_L14_home_D245_M.png,14,1,D245,decoy,245,홈,저장,231,780,158,705,131,855,185,d3_L14_gray_M.png,"[{""label"": ""로그인"", ""x0"": 349, ""y0"": 127, ""x1"": 499, ""y1"": 181, ""rgb"": [179, 179, 179]}, {""label"": ""취소"", ""x0"": 68, ""y0"": 228, ""x1"": 218, ""y1"": 282, ""rgb"": [179, 179, 179]}, {""label"": ""설정"", ""x0"": 556, ""y0"": 437, ""x1"": 706, ""y1"": 491, ""rgb"": [179, 179, 179]}, {""label"": ""검색"", ""x0"": 291, ""y0"": 389, ""x1"": 441, ""y1"": 443, ""rgb"": [179, 179, 179]}, {""label"": ""저장"", ""x0"": 274, ""y0"": 293, ""x1"": 424, ""y1"": 347, ""rgb"": [67, 191, 244]}, {""label"": ""홈"", ""x0"": 705, ""y0"": 131, ""x1"": 855, ""y1"": 185, ""rgb"": [179, 179, 179]}, {""label"": ""도움말"", ""x0"": 501, ""y0"": 222, ""x1"": 651, ""y1"": 276, ""rgb"": [179, 179, 179]}, {""label"": ""삭제"", ""x0"": 159, ""y0"": 122, ""x1"": 309, ""y1"": 176, ""rgb"": [179, 179, 179]}]"
d5_L14_settings_T65_N.png,14,0,T65,target,65,설정,로그인,24,249,464,174,437,324,491,d3_L14_gray_N.png,"[{""label"": ""로그인"", ""x0"": 381, ""y0"": 127, ""x1"": 531, ""y1"": 181, ""rgb"": [179, 179, 179]}, {""label"": ""취소"", ""x0"": 662, ""y0"": 228, ""x1"": 812, ""y1"": 282, ""rgb"": [179, 179, 179]}, {""label"": ""설정"", ""x0"": 174, ""y0"": 437, ""x1"": 324, ""y1"": 491, ""rgb"": [228, 166, 113]}, {""label"": ""검색"", ""x0"": 439, ""y0"": 389, ""x1"": 589, ""y1"": 443, ""rgb"": [179, 179, 179]}, {""label"": ""저장"", ""x0"": 456, ""y0"": 293, ""x1"": 606, ""y1"": 347, ""rgb"": [179, 179, 179]}, {""label"": ""홈"", ""x0"": 25, ""y0"": 131, ""x1"": 175, ""y1"": 185, ""rgb"": [179, 179, 179]}, {""label"": ""도움말"", ""x0"": 229, ""y0"": 222, ""x1"": 379, ""y1"": 276, ""rgb"": [179, 179, 179]}, {""label"": ""삭제"", ""x0"": 571, ""y0"": 122, ""x1"": 721, ""y1"": 176, ""rgb"": [179, 179, 179]}]"
d5_L14_settings_D65_N.png,14,0,D65,decoy,65,설정,로그인,388,249,464,174,437,324,491,d3_L14_gray_N.png,"[{""label"": ""로그인"", ""x0"": 381, ""y0"": 127, ""x1"": 531, ""y1"": 181, ""rgb"": [228, 166, 113]}, {""label"": ""취소"", ""x0"": 662, ""y0"": 228, ""x1"": 812, ""y1"": 282, ""rgb"": [179, 179, 179]}, {""label"": ""설정"", ""x0"": 174, ""y0"": 437, ""x1"": 324, ""y1"": 491, ""rgb"": [179, 179, 179]}, {""label"": ""검색"", ""x0"": 439, ""y0"": 389, ""x1"": 589, ""y1"": 443, ""rgb"": [179, 179, 179]}, {""label"": ""저장"", ""x0"": 456, ""y0"": 293, ""x1"": 606, ""y1"": 347, ""rgb"": [179, 179, 179]}, {""label"": ""홈"", ""x0"": 25, ""y0"": 131, ""x1"": 175, ""y1"": 185, ""rgb"": [179, 179, 179]}, {""label"": ""도움말"", ""x0"": 229, ""y0"": 222, ""x1"": 379, ""y1"": 276, ""rgb"": [179, 179, 179]}, {""label"": ""삭제"", ""x0"": 571, ""y0"": 122, ""x1"": 721, ""y1"": 176, ""rgb"": [179, 179, 179]}]"
d5_L14_settings_T245_N.png,14,0,T245,target,245,설정,로그인,324,249,464,174,437,324,491,d3_L14_gray_N.png,"[{""label"": ""로그인"", ""x0"": 381, ""y0"": 127, ""x1"": 531, ""y1"": 181, ""rgb"": [179, 179, 179]}, {""label"": ""취소"", ""x0"": 662, ""y0"": 228, ""x1"": 812, ""y1"": 282, ""rgb"": [179, 179, 179]}, {""label"": ""설정"", ""x0"": 174, ""y0"": 437, ""x1"": 324, ""y1"": 491, ""rgb"": [67, 191, 244]}, {""label"": ""검색"", ""x0"": 439, ""y0"": 389, ""x1"": 589, ""y1"": 443, ""rgb"": [179, 179, 179]}, {""label"": ""저장"", ""x0"": 456, ""y0"": 293, ""x1"": 606, ""y1"": 347, ""rgb"": [179, 179, 179]}, {""label"": ""홈"", ""x0"": 25, ""y0"": 131, ""x1"": 175, ""y1"": 185, ""rgb"": [179, 179, 179]}, {""label"": ""도움말"", ""x0"": 229, ""y0"": 222, ""x1"": 379, ""y1"": 276, ""rgb"": [179, 179, 179]}, {""label"": ""삭제"", ""x0"": 571, ""y0"": 122, ""x1"": 721, ""y1"": 176, ""rgb"": [179, 179, 179]}]"
d5_L14_settings_D245_N.png,14,0,D245,decoy,245,설정,로그인,350,249,464,174,437,324,491,d3_L14_gray_N.png,"[{""label"": ""로그인"", ""x0"": 381, ""y0"": 127, ""x1"": 531, ""y1"": 181, ""rgb"": [67, 191, 244]}, {""label"": ""취소"", ""x0"": 662, ""y0"": 228, ""x1"": 812, ""y1"": 282, ""rgb"": [179, 179, 179]}, {""label"": ""설정"", ""x0"": 174, ""y0"": 437, ""x1"": 324, ""y1"": 491, ""rgb"": [179, 179, 179]}, {""label"": ""검색"", ""x0"": 439, ""y0"": 389, ""x1"": 589, ""y1"": 443, ""rgb"": [179, 179, 179]}, {""label"": ""저장"", ""x0"": 456, ""y0"": 293, ""x1"": 606, ""y1"": 347, ""rgb"": [179, 179, 179]}, {""label"": ""홈"", ""x0"": 25, ""y0"": 131, ""x1"": 175, ""y1"": 185, ""rgb"": [179, 179, 179]}, {""label"": ""도움말"", ""x0"": 229, ""y0"": 222, ""x1"": 379, ""y1"": 276, ""rgb"": [179, 179, 179]}, {""label"": ""삭제"", ""x0"": 571, ""y0"": 122, ""x1"": 721, ""y1"": 176, ""rgb"": [179, 179, 179]}]"
d5_L14_settings_T65_M.png,14,1,T65,target,65,설정,로그인,5,631,464,556,437,706,491,d3_L14_gray_M.png,"[{""label"": ""로그인"", ""x0"": 349, ""y0"": 127, ""x1"": 499, ""y1"": 181, ""rgb"": [179, 179, 179]}, {""label"": ""취소"", ""x0"": 68, ""y0"": 228, ""x1"": 218, ""y1"": 282, ""rgb"": [179, 179, 179]}, {""label"": ""설정"", ""x0"": 556, ""y0"": 437, ""x1"": 706, ""y1"": 491, ""rgb"": [228, 166, 113]}, {""label"": ""검색"", ""x0"": 291, ""y0"": 389, ""x1"": 441, ""y1"": 443, ""rgb"": [179, 179, 179]}, {""label"": ""저장"", ""x0"": 274, ""y0"": 293, ""x1"": 424, ""y1"": 347, ""rgb"": [179, 179, 179]}, {""label"": ""홈"", ""x0"": 705, ""y0"": 131, ""x1"": 855, ""y1"": 185, ""rgb"": [179, 179, 179]}, {""label"": ""도움말"", ""x0"": 501, ""y0"": 222, ""x1"": 651, ""y1"": 276, ""rgb"": [179, 179, 179]}, {""label"": ""삭제"", ""x0"": 159, ""y0"": 122, ""x1"": 309, ""y1"": 176, ""rgb"": [179, 179, 179]}]"
d5_L14_settings_D65_M.png,14,1,D65,decoy,65,설정,로그인,31,631,464,556,437,706,491,d3_L14_gray_M.png,"[{""label"": ""로그인"", ""x0"": 349, ""y0"": 127, ""x1"": 499, ""y1"": 181, ""rgb"": [228, 166, 113]}, {""label"": ""취소"", ""x0"": 68, ""y0"": 228, ""x1"": 218, ""y1"": 282, ""rgb"": [179, 179, 179]}, {""label"": ""설정"", ""x0"": 556, ""y0"": 437, ""x1"": 706, ""y1"": 491, ""rgb"": [179, 179, 179]}, {""label"": ""검색"", ""x0"": 291, ""y0"": 389, ""x1"": 441, ""y1"": 443, ""rgb"": [179, 179, 179]}, {""label"": ""저장"", ""x0"": 274, ""y0"": 293, ""x1"": 424, ""y1"": 347, ""rgb"": [179, 179, 179]}, {""label"": ""홈"", ""x0"": 705, ""y0"": 131, ""x1"": 855, ""y1"": 185, ""rgb"": [179, 179, 179]}, {""label"": ""도움말"", ""x0"": 501, ""y0"": 222, ""x1"": 651, ""y1"": 276, ""rgb"": [179, 179, 179]}, {""label"": ""삭제"", ""x0"": 159, ""y0"": 122, ""x1"": 309, ""y1"": 176, ""rgb"": [179, 179, 179]}]"
d5_L14_settings_T245_M.png,14,1,T245,target,245,설정,로그인,228,631,464,556,437,706,491,d3_L14_gray_M.png,"[{""label"": ""로그인"", ""x0"": 349, ""y0"": 127, ""x1"": 499, ""y1"": 181, ""rgb"": [179, 179, 179]}, {""label"": ""취소"", ""x0"": 68, ""y0"": 228, ""x1"": 218, ""y1"": 282, ""rgb"": [179, 179, 179]}, {""label"": ""설정"", ""x0"": 556, ""y0"": 437, ""x1"": 706, ""y1"": 491, ""rgb"": [67, 191, 244]}, {""label"": ""검색"", ""x0"": 291, ""y0"": 389, ""x1"": 441, ""y1"": 443, ""rgb"": [179, 179, 179]}, {""label"": ""저장"", ""x0"": 274, ""y0"": 293, ""x1"": 424, ""y1"": 347, ""rgb"": [179, 179, 179]}, {""label"": ""홈"", ""x0"": 705, ""y0"": 131, ""x1"": 855, ""y1"": 185, ""rgb"": [179, 179, 179]}, {""label"": ""도움말"", ""x0"": 501, ""y0"": 222, ""x1"": 651, ""y1"": 276, ""rgb"": [179, 179, 179]}, {""label"": ""삭제"", ""x0"": 159, ""y0"": 122, ""x1"": 309, ""y1"": 176, ""rgb"": [179, 179, 179]}]"
d5_L14_settings_D245_M.png,14,1,D245,decoy,245,설정,로그인,341,631,464,556,437,706,491,d3_L14_gray_M.png,"[{""label"": ""로그인"", ""x0"": 349, ""y0"": 127, ""x1"": 499, ""y1"": 181, ""rgb"": [67, 191, 244]}, {""label"": ""취소"", ""x0"": 68, ""y0"": 228, ""x1"": 218, ""y1"": 282, ""rgb"": [179, 179, 179]}, {""label"": ""설정"", ""x0"": 556, ""y0"": 437, ""x1"": 706, ""y1"": 491, ""rgb"": [179, 179, 179]}, {""label"": ""검색"", ""x0"": 291, ""y0"": 389, ""x1"": 441, ""y1"": 443, ""rgb"": [179, 179, 179]}, {""label"": ""저장"", ""x0"": 274, ""y0"": 293, ""x1"": 424, ""y1"": 347, ""rgb"": [179, 179, 179]}, {""label"": ""홈"", ""x0"": 705, ""y0"": 131, ""x1"": 855, ""y1"": 185, ""rgb"": [179, 179, 179]}, {""label"": ""도움말"", ""x0"": 501, ""y0"": 222, ""x1"": 651, ""y1"": 276, ""rgb"": [179, 179, 179]}, {""label"": ""삭제"", ""x0"": 159, ""y0"": 122, ""x1"": 309, ""y1"": 176, ""rgb"": [179, 179, 179]}]"
d5_L15_login_D65_N.png,15,0,D65,decoy,65,로그인,삭제,383,258,322,183,295,333,349,d3_L15_gray_N.png,"[{""label"": ""로그인"", ""x0"": 183, ""y0"": 295, ""x1"": 333, ""y1"": 349, ""rgb"": [179, 179, 179]}, {""label"": ""취소"", ""x0"": 304, ""y0"": 151, ""x1"": 454, ""y1"": 205, ""rgb"": [179, 179, 179]}, {""label"": ""설정"", ""x0"": 112, ""y0"": 25, ""x1"": 262, ""y1"": 79, ""rgb"": [179, 179, 179]}, {""label"": ""검색"", ""x0"": 491, ""y0"": 296, ""x1"": 641, ""y1"": 350, ""rgb"": [179, 179, 179]}, {""label"": ""저장"", ""x0"": 530, ""y0"": 39, ""x1"": 680, ""y1"": 93, ""rgb"": [179, 179, 179]}, {""label"": ""홈"", ""x0"": 61, ""y0"": 186, ""x1"": 211, ""y1"": 240, ""rgb"": [179, 179, 179]}, {""label"": ""도움말"", ""x0"": 665, ""y0"": 494, ""x1"": 815, ""y1"": 548, ""rgb"": [179, 179, 179]}, {""label"": ""삭제"", ""x0"": 50, ""y0"": 442, ""x1"": 200, ""y1"": 496, ""rgb"": [228, 166, 113]}]"
d5_L15_login_D245_N.png,15,0,D245,decoy,245,로그인,삭제,166,258,322,183,295,333,349,d3_L15_gray_N.png,"[{""label"": ""로그인"", ""x0"": 183, ""y0"": 295, ""x1"": 333, ""y1"": 349, ""rgb"": [179, 179, 179]}, {""label"": ""취소"", ""x0"": 304, ""y0"": 151, ""x1"": 454, ""y1"": 205, ""rgb"": [179, 179, 179]}, {""label"": ""설정"", ""x0"": 112, ""y0"": 25, ""x1"": 262, ""y1"": 79, ""rgb"": [179, 179, 179]}, {""label"": ""검색"", ""x0"": 491, ""y0"": 296, ""x1"": 641, ""y1"": 350, ""rgb"": [179, 179, 179]}, {""label"": ""저장"", ""x0"": 530, ""y0"": 39, ""x1"": 680, ""y1"": 93, ""rgb"": [179, 179, 179]}, {""label"": ""홈"", ""x0"": 61, ""y0"": 186, ""x1"": 211, ""y1"": 240, ""rgb"": [179, 179, 179]}, {""label"": ""도움말"", ""x0"": 665, ""y0"": 494, ""x1"": 815, ""y1"": 548, ""rgb"": [179, 179, 179]}, {""label"": ""삭제"", ""x0"": 50, ""y0"": 442, ""x1"": 200, ""y1"": 496, ""rgb"": [67, 191, 244]}]"
d5_L15_login_D65_M.png,15,1,D65,decoy,65,로그인,삭제,271,622,322,547,295,697,349,d3_L15_gray_M.png,"[{""label"": ""로그인"", ""x0"": 547, ""y0"": 295, ""x1"": 697, ""y1"": 349, ""rgb"": [179, 179, 179]}, {""label"": ""취소"", ""x0"": 426, ""y0"": 151, ""x1"": 576, ""y1"": 205, ""rgb"": [179, 179, 179]}, {""label"": ""설정"", ""x0"": 618, ""y0"": 25, ""x1"": 768, ""y1"": 79, ""rgb"": [179, 179, 179]}, {""label"": ""검색"", ""x0"": 239, ""y0"": 296, ""x1"": 389, ""y1"": 350, ""rgb"": [179, 179, 179]}, {""label"": ""저장"", ""x0"": 200, ""y0"": 39, ""x1"": 350, ""y1"": 93, ""rgb"": [179, 179, 179]}, {""label"": ""홈"", ""x0"": 669, ""y0"": 186, ""x1"": 819, ""y1"": 240, ""rgb"": [179, 179, 179]}, {""label"": ""도움말"", ""x0"": 65, ""y0"": 494, ""x1"": 215, ""y1"": 548, ""rgb"": [179, 179, 179]}, {""label"": ""삭제"", ""x0"": 680, ""y0"": 442, ""x1"": 830, ""y1"": 496, ""rgb"": [228, 166, 113]}]"
d5_L15_login_D245_M.png,15,1,D245,decoy,245,로그인,삭제,69,622,322,547,295,697,349,d3_L15_gray_M.png,"[{""label"": ""로그인"", ""x0"": 547, ""y0"": 295, ""x1"": 697, ""y1"": 349, ""rgb"": [179, 179, 179]}, {""label"": ""취소"", ""x0"": 426, ""y0"": 151, ""x1"": 576, ""y1"": 205, ""rgb"": [179, 179, 179]}, {""label"": ""설정"", ""x0"": 618, ""y0"": 25, ""x1"": 768, ""y1"": 79, ""rgb"": [179, 179, 179]}, {""label"": ""검색"", ""x0"": 239, ""y0"": 296, ""x1"": 389, ""y1"": 350, ""rgb"": [179, 179, 179]}, {""label"": ""저장"", ""x0"": 200, ""y0"": 39, ""x1"": 350, ""y1"": 93, ""rgb"": [179, 179, 179]}, {""label"": ""홈"", ""x0"": 669, ""y0"": 186, ""x1"": 819, ""y1"": 240, ""rgb"": [179, 179, 179]}, {""label"": ""도움말"", ""x0"": 65, ""y0"": 494, ""x1"": 215, ""y1"": 548, ""rgb"": [179, 179, 179]}, {""label"": ""삭제"", ""x0"": 680, ""y0"": 442, ""x1"": 830, ""y1"": 496, ""rgb"": [67, 191, 244]}]"
d5_L15_home_T65_N.png,15,0,T65,target,65,홈,설정,245,136,213,61,186,211,240,d3_L15_gray_N.png,"[{""label"": ""로그인"", ""x0"": 183, ""y0"": 295, ""x1"": 333, ""y1"": 349, ""rgb"": [179, 179, 179]}, {""label"": ""취소"", ""x0"": 304, ""y0"": 151, ""x1"": 454, ""y1"": 205, ""rgb"": [179, 179, 179]}, {""label"": ""설정"", ""x0"": 112, ""y0"": 25, ""x1"": 262, ""y1"": 79, ""rgb"": [179, 179, 179]}, {""label"": ""검색"", ""x0"": 491, ""y0"": 296, ""x1"": 641, ""y1"": 350, ""rgb"": [179, 179, 179]}, {""label"": ""저장"", ""x0"": 530, ""y0"": 39, ""x1"": 680, ""y1"": 93, ""rgb"": [179, 179, 179]}, {""label"": ""홈"", ""x0"": 61, ""y0"": 186, ""x1"": 211, ""y1"": 240, ""rgb"": [228, 166, 113]}, {""label"": ""도움말"", ""x0"": 665, ""y0"": 494, ""x1"": 815, ""y1"": 548, ""rgb"": [179, 179, 179]}, {""label"": ""삭제"", ""x0"": 50, ""y0"": 442, ""x1"": 200, ""y1"": 496, ""rgb"": [179, 179, 179]}]"
d5_L15_home_D65_N.png,15,0,D65,decoy,65,홈,설정,11,136,213,61,186,211,240,d3_L15_gray_N.png,"[{""label"": ""로그인"", ""x0"": 183, ""y0"": 295, ""x1"": 333, ""y1"": 349, ""rgb"": [179, 179, 179]}, {""label"": ""취소"", ""x0"": 304, ""y0"": 151, ""x1"": 454, ""y1"": 205, ""rgb"": [179, 179, 179]}, {""label"": ""설정"", ""x0"": 112, ""y0"": 25, ""x1"": 262, ""y1"": 79, ""rgb"": [228, 166, 113]}, {""label"": ""검색"", ""x0"": 491, ""y0"": 296, ""x1"": 641, ""y1"": 350, ""rgb"": [179, 179, 179]}, {""label"": ""저장"", ""x0"": 530, ""y0"": 39, ""x1"": 680, ""y1"": 93, ""rgb"": [179, 179, 179]}, {""label"": ""홈"", ""x0"": 61, ""y0"": 186, ""x1"": 211, ""y1"": 240, ""rgb"": [179, 179, 179]}, {""label"": ""도움말"", ""x0"": 665, ""y0"": 494, ""x1"": 815, ""y1"": 548, ""rgb"": [179, 179, 179]}, {""label"": ""삭제"", ""x0"": 50, ""y0"": 442, ""x1"": 200, ""y1"": 496, ""rgb"": [179, 179, 179]}]"
d5_L15_home_T245_N.png,15,0,T245,target,245,홈,설정,301,136,213,61,186,211,240,d3_L15_gray_N.png,"[{""label"": ""로그인"", ""x0"": 183, ""y0"": 295, ""x1"": 333, ""y1"": 349, ""rgb"": [179, 179, 179]}, {""label"": ""취소"", ""x0"": 304, ""y0"": 151, ""x1"": 454, ""y1"": 205, ""rgb"": [179, 179, 179]}, {""label"": ""설정"", ""x0"": 112, ""y0"": 25, ""x1"": 262, ""y1"": 79, ""rgb"": [179, 179, 179]}, {""label"": ""검색"", ""x0"": 491, ""y0"": 296, ""x1"": 641, ""y1"": 350, ""rgb"": [179, 179, 179]}, {""label"": ""저장"", ""x0"": 530, ""y0"": 39, ""x1"": 680, ""y1"": 93, ""rgb"": [179, 179, 179]}, {""label"": ""홈"", ""x0"": 61, ""y0"": 186, ""x1"": 211, ""y1"": 240, ""rgb"": [67, 191, 244]}, {""label"": ""도움말"", ""x0"": 665, ""y0"": 494, ""x1"": 815, ""y1"": 548, ""rgb"": [179, 179, 179]}, {""label"": ""삭제"", ""x0"": 50, ""y0"": 442, ""x1"": 200, ""y1"": 496, ""rgb"": [179, 179, 179]}]"
d5_L15_home_D245_N.png,15,0,D245,decoy,245,홈,설정,392,136,213,61,186,211,240,d3_L15_gray_N.png,"[{""label"": ""로그인"", ""x0"": 183, ""y0"": 295, ""x1"": 333, ""y1"": 349, ""rgb"": [179, 179, 179]}, {""label"": ""취소"", ""x0"": 304, ""y0"": 151, ""x1"": 454, ""y1"": 205, ""rgb"": [179, 179, 179]}, {""label"": ""설정"", ""x0"": 112, ""y0"": 25, ""x1"": 262, ""y1"": 79, ""rgb"": [67, 191, 244]}, {""label"": ""검색"", ""x0"": 491, ""y0"": 296, ""x1"": 641, ""y1"": 350, ""rgb"": [179, 179, 179]}, {""label"": ""저장"", ""x0"": 530, ""y0"": 39, ""x1"": 680, ""y1"": 93, ""rgb"": [179, 179, 179]}, {""label"": ""홈"", ""x0"": 61, ""y0"": 186, ""x1"": 211, ""y1"": 240, ""rgb"": [179, 179, 179]}, {""label"": ""도움말"", ""x0"": 665, ""y0"": 494, ""x1"": 815, ""y1"": 548, ""rgb"": [179, 179, 179]}, {""label"": ""삭제"", ""x0"": 50, ""y0"": 442, ""x1"": 200, ""y1"": 496, ""rgb"": [179, 179, 179]}]"
d5_L15_home_T65_M.png,15,1,T65,target,65,홈,설정,9,744,213,669,186,819,240,d3_L15_gray_M.png,"[{""label"": ""로그인"", ""x0"": 547, ""y0"": 295, ""x1"": 697, ""y1"": 349, ""rgb"": [179, 179, 179]}, {""label"": ""취소"", ""x0"": 426, ""y0"": 151, ""x1"": 576, ""y1"": 205, ""rgb"": [179, 179, 179]}, {""label"": ""설정"", ""x0"": 618, ""y0"": 25, ""x1"": 768, ""y1"": 79, ""rgb"": [179, 179, 179]}, {""label"": ""검색"", ""x0"": 239, ""y0"": 296, ""x1"": 389, ""y1"": 350, ""rgb"": [179, 179, 179]}, {""label"": ""저장"", ""x0"": 200, ""y0"": 39, ""x1"": 350, ""y1"": 93, ""rgb"": [179, 179, 179]}, {""label"": ""홈"", ""x0"": 669, ""y0"": 186, ""x1"": 819, ""y1"": 240, ""rgb"": [228, 166, 113]}, {""label"": ""도움말"", ""x0"": 65, ""y0"": 494, ""x1"": 215, ""y1"": 548, ""rgb"": [179, 179, 179]}, {""label"": ""삭제"", ""x0"": 680, ""y0"": 442, ""x1"": 830, ""y1"": 496, ""rgb"": [179, 179, 179]}]"
d5_L15_home_D65_M.png,15,1,D65,decoy,65,홈,설정,110,744,213,669,186,819,240,d3_L15_gray_M.png,"[{""label"": ""로그인"", ""x0"": 547, ""y0"": 295, ""x1"": 697, ""y1"": 349, ""rgb"": [179, 179, 179]}, {""label"": ""취소"", ""x0"": 426, ""y0"": 151, ""x1"": 576, ""y1"": 205, ""rgb"": [179, 179, 179]}, {""label"": ""설정"", ""x0"": 618, ""y0"": 25, ""x1"": 768, ""y1"": 79, ""rgb"": [228, 166, 113]}, {""label"": ""검색"", ""x0"": 239, ""y0"": 296, ""x1"": 389, ""y1"": 350, ""rgb"": [179, 179, 179]}, {""label"": ""저장"", ""x0"": 200, ""y0"": 39, ""x1"": 350, ""y1"": 93, ""rgb"": [179, 179, 179]}, {""label"": ""홈"", ""x0"": 669, ""y0"": 186, ""x1"": 819, ""y1"": 240, ""rgb"": [179, 179, 179]}, {""label"": ""도움말"", ""x0"": 65, ""y0"": 494, ""x1"": 215, ""y1"": 548, ""rgb"": [179, 179, 179]}, {""label"": ""삭제"", ""x0"": 680, ""y0"": 442, ""x1"": 830, ""y1"": 496, ""rgb"": [179, 179, 179]}]"
d5_L15_home_T245_M.png,15,1,T245,target,245,홈,설정,14,744,213,669,186,819,240,d3_L15_gray_M.png,"[{""label"": ""로그인"", ""x0"": 547, ""y0"": 295, ""x1"": 697, ""y1"": 349, ""rgb"": [179, 179, 179]}, {""label"": ""취소"", ""x0"": 426, ""y0"": 151, ""x1"": 576, ""y1"": 205, ""rgb"": [179, 179, 179]}, {""label"": ""설정"", ""x0"": 618, ""y0"": 25, ""x1"": 768, ""y1"": 79, ""rgb"": [179, 179, 179]}, {""label"": ""검색"", ""x0"": 239, ""y0"": 296, ""x1"": 389, ""y1"": 350, ""rgb"": [179, 179, 179]}, {""label"": ""저장"", ""x0"": 200, ""y0"": 39, ""x1"": 350, ""y1"": 93, ""rgb"": [179, 179, 179]}, {""label"": ""홈"", ""x0"": 669, ""y0"": 186, ""x1"": 819, ""y1"": 240, ""rgb"": [67, 191, 244]}, {""label"": ""도움말"", ""x0"": 65, ""y0"": 494, ""x1"": 215, ""y1"": 548, ""rgb"": [179, 179, 179]}, {""label"": ""삭제"", ""x0"": 680, ""y0"": 442, ""x1"": 830, ""y1"": 496, ""rgb"": [179, 179, 179]}]"
d5_L15_home_D245_M.png,15,1,D245,decoy,245,홈,설정,133,744,213,669,186,819,240,d3_L15_gray_M.png,"[{""label"": ""로그인"", ""x0"": 547, ""y0"": 295, ""x1"": 697, ""y1"": 349, ""rgb"": [179, 179, 179]}, {""label"": ""취소"", ""x0"": 426, ""y0"": 151, ""x1"": 576, ""y1"": 205, ""rgb"": [179, 179, 179]}, {""label"": ""설정"", ""x0"": 618, ""y0"": 25, ""x1"": 768, ""y1"": 79, ""rgb"": [67, 191, 244]}, {""label"": ""검색"", ""x0"": 239, ""y0"": 296, ""x1"": 389, ""y1"": 350, ""rgb"": [179, 179, 179]}, {""label"": ""저장"", ""x0"": 200, ""y0"": 39, ""x1"": 350, ""y1"": 93, ""rgb"": [179, 179, 179]}, {""label"": ""홈"", ""x0"": 669, ""y0"": 186, ""x1"": 819, ""y1"": 240, ""rgb"": [179, 179, 179]}, {""label"": ""도움말"", ""x0"": 65, ""y0"": 494, ""x1"": 215, ""y1"": 548, ""rgb"": [179, 179, 179]}, {""label"": ""삭제"", ""x0"": 680, ""y0"": 442, ""x1"": 830, ""y1"": 496, ""rgb"": [179, 179, 179]}]"
d5_L15_settings_T65_N.png,15,0,T65,target,65,설정,삭제,18,187,52,112,25,262,79,d3_L15_gray_N.png,"[{""label"": ""로그인"", ""x0"": 183, ""y0"": 295, ""x1"": 333, ""y1"": 349, ""rgb"": [179, 179, 179]}, {""label"": ""취소"", ""x0"": 304, ""y0"": 151, ""x1"": 454, ""y1"": 205, ""rgb"": [179, 179, 179]}, {""label"": ""설정"", ""x0"": 112, ""y0"": 25, ""x1"": 262, ""y1"": 79, ""rgb"": [228, 166, 113]}, {""label"": ""검색"", ""x0"": 491, ""y0"": 296, ""x1"": 641, ""y1"": 350, ""rgb"": [179, 179, 179]}, {""label"": ""저장"", ""x0"": 530, ""y0"": 39, ""x1"": 680, ""y1"": 93, ""rgb"": [179, 179, 179]}, {""label"": ""홈"", ""x0"": 61, ""y0"": 186, ""x1"": 211, ""y1"": 240, ""rgb"": [179, 179, 179]}, {""label"": ""도움말"", ""x0"": 665, ""y0"": 494, ""x1"": 815, ""y1"": 548, ""rgb"": [179, 179, 179]}, {""label"": ""삭제"", ""x0"": 50, ""y0"": 442, ""x1"": 200, ""y1"": 496, ""rgb"": [179, 179, 179]}]"
d5_L15_settings_D65_N.png,15,0,D65,decoy,65,설정,삭제,173,187,52,112,25,262,79,d3_L15_gray_N.png,"[{""label"": ""로그인"", ""x0"": 183, ""y0"": 295, ""x1"": 333, ""y1"": 349, ""rgb"": [179, 179, 179]}, {""label"": ""취소"", ""x0"": 304, ""y0"": 151, ""x1"": 454, ""y1"": 205, ""rgb"": [179, 179, 179]}, {""label"": ""설정"", ""x0"": 112, ""y0"": 25, ""x1"": 262, ""y1"": 79, ""rgb"": [179, 179, 179]}, {""label"": ""검색"", ""x0"": 491, ""y0"": 296, ""x1"": 641, ""y1"": 350, ""rgb"": [179, 179, 179]}, {""label"": ""저장"", ""x0"": 530, ""y0"": 39, ""x1"": 680, ""y1"": 93, ""rgb"": [179, 179, 179]}, {""label"": ""홈"", ""x0"": 61, ""y0"": 186, ""x1"": 211, ""y1"": 240, ""rgb"": [179, 179, 179]}, {""label"": ""도움말"", ""x0"": 665, ""y0"": 494, ""x1"": 815, ""y1"": 548, ""rgb"": [179, 179, 179]}, {""label"": ""삭제"", ""x0"": 50, ""y0"": 442, ""x1"": 200, ""y1"": 496, ""rgb"": [228, 166, 113]}]"
d5_L15_settings_T245_N.png,15,0,T245,target,245,설정,삭제,379,187,52,112,25,262,79,d3_L15_gray_N.png,"[{""label"": ""로그인"", ""x0"": 183, ""y0"": 295, ""x1"": 333, ""y1"": 349, ""rgb"": [179, 179, 179]}, {""label"": ""취소"", ""x0"": 304, ""y0"": 151, ""x1"": 454, ""y1"": 205, ""rgb"": [179, 179, 179]}, {""label"": ""설정"", ""x0"": 112, ""y0"": 25, ""x1"": 262, ""y1"": 79, ""rgb"": [67, 191, 244]}, {""label"": ""검색"", ""x0"": 491, ""y0"": 296, ""x1"": 641, ""y1"": 350, ""rgb"": [179, 179, 179]}, {""label"": ""저장"", ""x0"": 530, ""y0"": 39, ""x1"": 680, ""y1"": 93, ""rgb"": [179, 179, 179]}, {""label"": ""홈"", ""x0"": 61, ""y0"": 186, ""x1"": 211, ""y1"": 240, ""rgb"": [179, 179, 179]}, {""label"": ""도움말"", ""x0"": 665, ""y0"": 494, ""x1"": 815, ""y1"": 548, ""rgb"": [179, 179, 179]}, {""label"": ""삭제"", ""x0"": 50, ""y0"": 442, ""x1"": 200, ""y1"": 496, ""rgb"": [179, 179, 179]}]"
d5_L15_settings_D245_N.png,15,0,D245,decoy,245,설정,삭제,93,187,52,112,25,262,79,d3_L15_gray_N.png,"[{""label"": ""로그인"", ""x0"": 183, ""y0"": 295, ""x1"": 333, ""y1"": 349, ""rgb"": [179, 179, 179]}, {""label"": ""취소"", ""x0"": 304, ""y0"": 151, ""x1"": 454, ""y1"": 205, ""rgb"": [179, 179, 179]}, {""label"": ""설정"", ""x0"": 112, ""y0"": 25, ""x1"": 262, ""y1"": 79, ""rgb"": [179, 179, 179]}, {""label"": ""검색"", ""x0"": 491, ""y0"": 296, ""x1"": 641, ""y1"": 350, ""rgb"": [179, 179, 179]}, {""label"": ""저장"", ""x0"": 530, ""y0"": 39, ""x1"": 680, ""y1"": 93, ""rgb"": [179, 179, 179]}, {""label"": ""홈"", ""x0"": 61, ""y0"": 186, ""x1"": 211, ""y1"": 240, ""rgb"": [179, 179, 179]}, {""label"": ""도움말"", ""x0"": 665, ""y0"": 494, ""x1"": 815, ""y1"": 548, ""rgb"": [179, 179, 179]}, {""label"": ""삭제"", ""x0"": 50, ""y0"": 442, ""x1"": 200, ""y1"": 496, ""rgb"": [67, 191, 244]}]"
d5_L15_settings_T65_M.png,15,1,T65,target,65,설정,삭제,310,693,52,618,25,768,79,d3_L15_gray_M.png,"[{""label"": ""로그인"", ""x0"": 547, ""y0"": 295, ""x1"": 697, ""y1"": 349, ""rgb"": [179, 179, 179]}, {""label"": ""취소"", ""x0"": 426, ""y0"": 151, ""x1"": 576, ""y1"": 205, ""rgb"": [179, 179, 179]}, {""label"": ""설정"", ""x0"": 618, ""y0"": 25, ""x1"": 768, ""y1"": 79, ""rgb"": [228, 166, 113]}, {""label"": ""검색"", ""x0"": 239, ""y0"": 296, ""x1"": 389, ""y1"": 350, ""rgb"": [179, 179, 179]}, {""label"": ""저장"", ""x0"": 200, ""y0"": 39, ""x1"": 350, ""y1"": 93, ""rgb"": [179, 179, 179]}, {""label"": ""홈"", ""x0"": 669, ""y0"": 186, ""x1"": 819, ""y1"": 240, ""rgb"": [179, 179, 179]}, {""label"": ""도움말"", ""x0"": 65, ""y0"": 494, ""x1"": 215, ""y1"": 548, ""rgb"": [179, 179, 179]}, {""label"": ""삭제"", ""x0"": 680, ""y0"": 442, ""x1"": 830, ""y1"": 496, ""rgb"": [179, 179, 179]}]"
d5_L15_settings_D65_M.png,15,1,D65,decoy,65,설정,삭제,0,693,52,618,25,768,79,d3_L15_gray_M.png,"[{""label"": ""로그인"", ""x0"": 547, ""y0"": 295, ""x1"": 697, ""y1"": 349, ""rgb"": [179, 179, 179]}, {""label"": ""취소"", ""x0"": 426, ""y0"": 151, ""x1"": 576, ""y1"": 205, ""rgb"": [179, 179, 179]}, {""label"": ""설정"", ""x0"": 618, ""y0"": 25, ""x1"": 768, ""y1"": 79, ""rgb"": [179, 179, 179]}, {""label"": ""검색"", ""x0"": 239, ""y0"": 296, ""x1"": 389, ""y1"": 350, ""rgb"": [179, 179, 179]}, {""label"": ""저장"", ""x0"": 200, ""y0"": 39, ""x1"": 350, ""y1"": 93, ""rgb"": [179, 179, 179]}, {""label"": ""홈"", ""x0"": 669, ""y0"": 186, ""x1"": 819, ""y1"": 240, ""rgb"": [179, 179, 179]}, {""label"": ""도움말"", ""x0"": 65, ""y0"": 494, ""x1"": 215, ""y1"": 548, ""rgb"": [179, 179, 179]}, {""label"": ""삭제"", ""x0"": 680, ""y0"": 442, ""x1"": 830, ""y1"": 496, ""rgb"": [228, 166, 113]}]"
d5_L15_settings_T245_M.png,15,1,T245,target,245,설정,삭제,391,693,52,618,25,768,79,d3_L15_gray_M.png,"[{""label"": ""로그인"", ""x0"": 547, ""y0"": 295, ""x1"": 697, ""y1"": 349, ""rgb"": [179, 179, 179]}, {""label"": ""취소"", ""x0"": 426, ""y0"": 151, ""x1"": 576, ""y1"": 205, ""rgb"": [179, 179, 179]}, {""label"": ""설정"", ""x0"": 618, ""y0"": 25, ""x1"": 768, ""y1"": 79, ""rgb"": [67, 191, 244]}, {""label"": ""검색"", ""x0"": 239, ""y0"": 296, ""x1"": 389, ""y1"": 350, ""rgb"": [179, 179, 179]}, {""label"": ""저장"", ""x0"": 200, ""y0"": 39, ""x1"": 350, ""y1"": 93, ""rgb"": [179, 179, 179]}, {""label"": ""홈"", ""x0"": 669, ""y0"": 186, ""x1"": 819, ""y1"": 240, ""rgb"": [179, 179, 179]}, {""label"": ""도움말"", ""x0"": 65, ""y0"": 494, ""x1"": 215, ""y1"": 548, ""rgb"": [179, 179, 179]}, {""label"": ""삭제"", ""x0"": 680, ""y0"": 442, ""x1"": 830, ""y1"": 496, ""rgb"": [179, 179, 179]}]"
d5_L15_settings_D245_M.png,15,1,D245,decoy,245,설정,삭제,177,693,52,618,25,768,79,d3_L15_gray_M.png,"[{""label"": ""로그인"", ""x0"": 547, ""y0"": 295, ""x1"": 697, ""y1"": 349, ""rgb"": [179, 179, 179]}, {""label"": ""취소"", ""x0"": 426, ""y0"": 151, ""x1"": 576, ""y1"": 205, ""rgb"": [179, 179, 179]}, {""label"": ""설정"", ""x0"": 618, ""y0"": 25, ""x1"": 768, ""y1"": 79, ""rgb"": [179, 179, 179]}, {""label"": ""검색"", ""x0"": 239, ""y0"": 296, ""x1"": 389, ""y1"": 350, ""rgb"": [179, 179, 179]}, {""label"": ""저장"", ""x0"": 200, ""y0"": 39, ""x1"": 350, ""y1"": 93, ""rgb"": [179, 179, 179]}, {""label"": ""홈"", ""x0"": 669, ""y0"": 186, ""x1"": 819, ""y1"": 240, ""rgb"": [179, 179, 179]}, {""label"": ""도움말"", ""x0"": 65, ""y0"": 494, ""x1"": 215, ""y1"": 548, ""rgb"": [179, 179, 179]}, {""label"": ""삭제"", ""x0"": 680, ""y0"": 442, ""x1"": 830, ""y1"": 496, ""rgb"": [67, 191, 244]}]"
d5_L16_login_D65_N.png,16,0,D65,decoy,65,로그인,취소,292,333,58,258,31,408,85,d3_L16_gray_N.png,"[{""label"": ""로그인"", ""x0"": 258, ""y0"": 31, ""x1"": 408, ""y1"": 85, ""rgb"": [179, 179, 179]}, {""label"": ""취소"", ""x0"": 189, ""y0"": 382, ""x1"": 339, ""y1"": 436, ""rgb"": [228, 166, 113]}, {""label"": ""설정"", ""x0"": 74, ""y0"": 297, ""x1"": 224, ""y1"": 351, ""rgb"": [179, 179, 179]}, {""label"": ""검색"", ""x0"": 38, ""y0"": 167, ""x1"": 188, ""y1"": 221, ""rgb"": [179, 179, 179]}, {""label"": ""저장"", ""x0"": 533, ""y0"": 388, ""x1"": 683, ""y1"": 442, ""rgb"": [179, 179, 179]}, {""label"": ""홈"", ""x0"": 464, ""y0"": 157, ""x1"": 614, ""y1"": 211, ""rgb"": [179, 179, 179]}, {""label"": ""도움말"", ""x0"": 633, ""y0"": 75, ""x1"": 783, ""y1"": 129, ""rgb"": [179, 179, 179]}, {""label"": ""삭제"", ""x0"": 478, ""y0"": 513, ""x1"": 628, ""y1"": 567, ""rgb"": [179, 179, 179]}]"
d5_L16_login_D245_N.png,16,0,D245,decoy,245,로그인,취소,38,333,58,258,31,408,85,d3_L16_gray_N.png,"[{""label"": ""로그인"", ""x0"": 258, ""y0"": 31, ""x1"": 408, ""y1"": 85, ""rgb"": [179, 179, 179]}, {""label"": ""취소"", ""x0"": 189, ""y0"": 382, ""x1"": 339, ""y1"": 436, ""rgb"": [67, 191, 244]}, {""label"": ""설정"", ""x0"": 74, ""y0"": 297, ""x1"": 224, ""y1"": 351, ""rgb"": [179, 179, 179]}, {""label"": ""검색"", ""x0"": 38, ""y0"": 167, ""x1"": 188, ""y1"": 221, ""rgb"": [179, 179, 179]}, {""label"": ""저장"", ""x0"": 533, ""y0"": 388, ""x1"": 683, ""y1"": 442, ""rgb"": [179, 179, 179]}, {""label"": ""홈"", ""x0"": 464, ""y0"": 157, ""x1"": 614, ""y1"": 211, ""rgb"": [179, 179, 179]}, {""label"": ""도움말"", ""x0"": 633, ""y0"": 75, ""x1"": 783, ""y1"": 129, ""rgb"": [179, 179, 179]}, {""label"": ""삭제"", ""x0"": 478, ""y0"": 513, ""x1"": 628, ""y1"": 567, ""rgb"": [179, 179, 179]}]"
d5_L16_login_D65_M.png,16,1,D65,decoy,65,로그인,취소,25,547,58,472,31,622,85,d3_L16_gray_M.png,"[{""label"": ""로그인"", ""x0"": 472, ""y0"": 31, ""x1"": 622, ""y1"": 85, ""rgb"": [179, 179, 179]}, {""label"": ""취소"", ""x0"": 541, ""y0"": 382, ""x1"": 691, ""y1"": 436, ""rgb"": [228, 166, 113]}, {""label"": ""설정"", ""x0"": 656, ""y0"": 297, ""x1"": 806, ""y1"": 351, ""rgb"": [179, 179, 179]}, {""label"": ""검색"", ""x0"": 692, ""y0"": 167, ""x1"": 842, ""y1"": 221, ""rgb"": [179, 179, 179]}, {""label"": ""저장"", ""x0"": 197, ""y0"": 388, ""x1"": 347, ""y1"": 442, ""rgb"": [179, 179, 179]}, {""label"": ""홈"", ""x0"": 266, ""y0"": 157, ""x1"": 416, ""y1"": 211, ""rgb"": [179, 179, 179]}, {""label"": ""도움말"", ""x0"": 97, ""y0"": 75, ""x1"": 247, ""y1"": 129, ""rgb"": [179, 179, 179]}, {""label"": ""삭제"", ""x0"": 252, ""y0"": 513, ""x1"": 402, ""y1"": 567, ""rgb"": [179, 179, 179]}]"
d5_L16_login_D245_M.png,16,1,D245,decoy,245,로그인,취소,41,547,58,472,31,622,85,d3_L16_gray_M.png,"[{""label"": ""로그인"", ""x0"": 472, ""y0"": 31, ""x1"": 622, ""y1"": 85, ""rgb"": [179, 179, 179]}, {""label"": ""취소"", ""x0"": 541, ""y0"": 382, ""x1"": 691, ""y1"": 436, ""rgb"": [67, 191, 244]}, {""label"": ""설정"", ""x0"": 656, ""y0"": 297, ""x1"": 806, ""y1"": 351, ""rgb"": [179, 179, 179]}, {""label"": ""검색"", ""x0"": 692, ""y0"": 167, ""x1"": 842, ""y1"": 221, ""rgb"": [179, 179, 179]}, {""label"": ""저장"", ""x0"": 197, ""y0"": 388, ""x1"": 347, ""y1"": 442, ""rgb"": [179, 179, 179]}, {""label"": ""홈"", ""x0"": 266, ""y0"": 157, ""x1"": 416, ""y1"": 211, ""rgb"": [179, 179, 179]}, {""label"": ""도움말"", ""x0"": 97, ""y0"": 75, ""x1"": 247, ""y1"": 129, ""rgb"": [179, 179, 179]}, {""label"": ""삭제"", ""x0"": 252, ""y0"": 513, ""x1"": 402, ""y1"": 567, ""rgb"": [179, 179, 179]}]"
d5_L16_home_T65_N.png,16,0,T65,target,65,홈,취소,32,539,184,464,157,614,211,d3_L16_gray_N.png,"[{""label"": ""로그인"", ""x0"": 258, ""y0"": 31, ""x1"": 408, ""y1"": 85, ""rgb"": [179, 179, 179]}, {""label"": ""취소"", ""x0"": 189, ""y0"": 382, ""x1"": 339, ""y1"": 436, ""rgb"": [179, 179, 179]}, {""label"": ""설정"", ""x0"": 74, ""y0"": 297, ""x1"": 224, ""y1"": 351, ""rgb"": [179, 179, 179]}, {""label"": ""검색"", ""x0"": 38, ""y0"": 167, ""x1"": 188, ""y1"": 221, ""rgb"": [179, 179, 179]}, {""label"": ""저장"", ""x0"": 533, ""y0"": 388, ""x1"": 683, ""y1"": 442, ""rgb"": [179, 179, 179]}, {""label"": ""홈"", ""x0"": 464, ""y0"": 157, ""x1"": 614, ""y1"": 211, ""rgb"": [228, 166, 113]}, {""label"": ""도움말"", ""x0"": 633, ""y0"": 75, ""x1"": 783, ""y1"": 129, ""rgb"": [179, 179, 179]}, {""label"": ""삭제"", ""x0"": 478, ""y0"": 513, ""x1"": 628, ""y1"": 567, ""rgb"": [179, 179, 179]}]"
d5_L16_home_D65_N.png,16,0,D65,decoy,65,홈,취소,161,539,184,464,157,614,211,d3_L16_gray_N.png,"[{""label"": ""로그인"", ""x0"": 258, ""y0"": 31, ""x1"": 408, ""y1"": 85, ""rgb"": [179, 179, 179]}, {""label"": ""취소"", ""x0"": 189, ""y0"": 382, ""x1"": 339, ""y1"": 436, ""rgb"": [228, 166, 113]}, {""label"": ""설정"", ""x0"": 74, ""y0"": 297, ""x1"": 224, ""y1"": 351, ""rgb"": [179, 179, 179]}, {""label"": ""검색"", ""x0"": 38, ""y0"": 167, ""x1"": 188, ""y1"": 221, ""rgb"": [179, 179, 179]}, {""label"": ""저장"", ""x0"": 533, ""y0"": 388, ""x1"": 683, ""y1"": 442, ""rgb"": [179, 179, 179]}, {""label"": ""홈"", ""x0"": 464, ""y0"": 157, ""x1"": 614, ""y1"": 211, ""rgb"": [179, 179, 179]}, {""label"": ""도움말"", ""x0"": 633, ""y0"": 75, ""x1"": 783, ""y1"": 129, ""rgb"": [179, 179, 179]}, {""label"": ""삭제"", ""x0"": 478, ""y0"": 513, ""x1"": 628, ""y1"": 567, ""rgb"": [179, 179, 179]}]"
d5_L16_home_T245_N.png,16,0,T245,target,245,홈,취소,361,539,184,464,157,614,211,d3_L16_gray_N.png,"[{""label"": ""로그인"", ""x0"": 258, ""y0"": 31, ""x1"": 408, ""y1"": 85, ""rgb"": [179, 179, 179]}, {""label"": ""취소"", ""x0"": 189, ""y0"": 382, ""x1"": 339, ""y1"": 436, ""rgb"": [179, 179, 179]}, {""label"": ""설정"", ""x0"": 74, ""y0"": 297, ""x1"": 224, ""y1"": 351, ""rgb"": [179, 179, 179]}, {""label"": ""검색"", ""x0"": 38, ""y0"": 167, ""x1"": 188, ""y1"": 221, ""rgb"": [179, 179, 179]}, {""label"": ""저장"", ""x0"": 533, ""y0"": 388, ""x1"": 683, ""y1"": 442, ""rgb"": [179, 179, 179]}, {""label"": ""홈"", ""x0"": 464, ""y0"": 157, ""x1"": 614, ""y1"": 211, ""rgb"": [67, 191, 244]}, {""label"": ""도움말"", ""x0"": 633, ""y0"": 75, ""x1"": 783, ""y1"": 129, ""rgb"": [179, 179, 179]}, {""label"": ""삭제"", ""x0"": 478, ""y0"": 513, ""x1"": 628, ""y1"": 567, ""rgb"": [179, 179, 179]}]"
d5_L16_home_D245_N.png,16,0,D245,decoy,245,홈,취소,61,539,184,464,157,614,211,d3_L16_gray_N.png,"[{""label"": ""로그인"", ""x0"": 258, ""y0"": 31, ""x1"": 408, ""y1"": 85, ""rgb"": [179, 179, 179]}, {""label"": ""취소"", ""x0"": 189, ""y0"": 382, ""x1"": 339, ""y1"": 436, ""rgb"": [67, 191, 244]}, {""label"": ""설정"", ""x0"": 74, ""y0"": 297, ""x1"": 224, ""y1"": 351, ""rgb"": [179, 179, 179]}, {""label"": ""검색"", ""x0"": 38, ""y0"": 167, ""x1"": 188, ""y1"": 221, ""rgb"": [179, 179, 179]}, {""label"": ""저장"", ""x0"": 533, ""y0"": 388, ""x1"": 683, ""y1"": 442, ""rgb"": [179, 179, 179]}, {""label"": ""홈"", ""x0"": 464, ""y0"": 157, ""x1"": 614, ""y1"": 211, ""rgb"": [179, 179, 179]}, {""label"": ""도움말"", ""x0"": 633, ""y0"": 75, ""x1"": 783, ""y1"": 129, ""rgb"": [179, 179, 179]}, {""label"": ""삭제"", ""x0"": 478, ""y0"": 513, ""x1"": 628, ""y1"": 567, ""rgb"": [179, 179, 179]}]"
d5_L16_home_T65_M.png,16,1,T65,target,65,홈,취소,302,341,184,266,157,416,211,d3_L16_gray_M.png,"[{""label"": ""로그인"", ""x0"": 472, ""y0"": 31, ""x1"": 622, ""y1"": 85, ""rgb"": [179, 179, 179]}, {""label"": ""취소"", ""x0"": 541, ""y0"": 382, ""x1"": 691, ""y1"": 436, ""rgb"": [179, 179, 179]}, {""label"": ""설정"", ""x0"": 656, ""y0"": 297, ""x1"": 806, ""y1"": 351, ""rgb"": [179, 179, 179]}, {""label"": ""검색"", ""x0"": 692, ""y0"": 167, ""x1"": 842, ""y1"": 221, ""rgb"": [179, 179, 179]}, {""label"": ""저장"", ""x0"": 197, ""y0"": 388, ""x1"": 347, ""y1"": 442, ""rgb"": [179, 179, 179]}, {""label"": ""홈"", ""x0"": 266, ""y0"": 157, ""x1"": 416, ""y1"": 211, ""rgb"": [228, 166, 113]}, {""label"": ""도움말"", ""x0"": 97, ""y0"": 75, ""x1"": 247, ""y1"": 129, ""rgb"": [179, 179, 179]}, {""label"": ""삭제"", ""x0"": 252, ""y0"": 513, ""x1"": 402, ""y1"": 567, ""rgb"": [179, 179, 179]}]"
d5_L16_home_D65_M.png,16,1,D65,decoy,65,홈,취소,207,341,184,266,157,416,211,d3_L16_gray_M.png,"[{""label"": ""로그인"", ""x0"": 472, ""y0"": 31, ""x1"": 622, ""y1"": 85, ""rgb"": [179, 179, 179]}, {""label"": ""취소"", ""x0"": 541, ""y0"": 382, ""x1"": 691, ""y1"": 436, ""rgb"": [228, 166, 113]}, {""label"": ""설정"", ""x0"": 656, ""y0"": 297, ""x1"": 806, ""y1"": 351, ""rgb"": [179, 179, 179]}, {""label"": ""검색"", ""x0"": 692, ""y0"": 167, ""x1"": 842, ""y1"": 221, ""rgb"": [179, 179, 179]}, {""label"": ""저장"", ""x0"": 197, ""y0"": 388, ""x1"": 347, ""y1"": 442, ""rgb"": [179, 179, 179]}, {""label"": ""홈"", ""x0"": 266, ""y0"": 157, ""x1"": 416, ""y1"": 211, ""rgb"": [179, 179, 179]}, {""label"": ""도움말"", ""x0"": 97, ""y0"": 75, ""x1"": 247, ""y1"": 129, ""rgb"": [179, 179, 179]}, {""label"": ""삭제"", ""x0"": 252, ""y0"": 513, ""x1"": 402, ""y1"": 567, ""rgb"": [179, 179, 179]}]"
d5_L16_home_T245_M.png,16,1,T245,target,245,홈,취소,351,341,184,266,157,416,211,d3_L16_gray_M.png,"[{""label"": ""로그인"", ""x0"": 472, ""y0"": 31, ""x1"": 622, ""y1"": 85, ""rgb"": [179, 179, 179]}, {""label"": ""취소"", ""x0"": 541, ""y0"": 382, ""x1"": 691, ""y1"": 436, ""rgb"": [179, 179, 179]}, {""label"": ""설정"", ""x0"": 656, ""y0"": 297, ""x1"": 806, ""y1"": 351, ""rgb"": [179, 179, 179]}, {""label"": ""검색"", ""x0"": 692, ""y0"": 167, ""x1"": 842, ""y1"": 221, ""rgb"": [179, 179, 179]}, {""label"": ""저장"", ""x0"": 197, ""y0"": 388, ""x1"": 347, ""y1"": 442, ""rgb"": [179, 179, 179]}, {""label"": ""홈"", ""x0"": 266, ""y0"": 157, ""x1"": 416, ""y1"": 211, ""rgb"": [67, 191, 244]}, {""label"": ""도움말"", ""x0"": 97, ""y0"": 75, ""x1"": 247, ""y1"": 129, ""rgb"": [179, 179, 179]}, {""label"": ""삭제"", ""x0"": 252, ""y0"": 513, ""x1"": 402, ""y1"": 567, ""rgb"": [179, 179, 179]}]"
d5_L16_home_D245_M.png,16,1,D245,decoy,245,홈,취소,395,341,184,266,157,416,211,d3_L16_gray_M.png,"[{""label"": ""로그인"", ""x0"": 472, ""y0"": 31, ""x1"": 622, ""y1"": 85, ""rgb"": [179, 179, 179]}, {""label"": ""취소"", ""x0"": 541, ""y0"": 382, ""x1"": 691, ""y1"": 436, ""rgb"": [67, 191, 244]}, {""label"": ""설정"", ""x0"": 656, ""y0"": 297, ""x1"": 806, ""y1"": 351, ""rgb"": [179, 179, 179]}, {""label"": ""검색"", ""x0"": 692, ""y0"": 167, ""x1"": 842, ""y1"": 221, ""rgb"": [179, 179, 179]}, {""label"": ""저장"", ""x0"": 197, ""y0"": 388, ""x1"": 347, ""y1"": 442, ""rgb"": [179, 179, 179]}, {""label"": ""홈"", ""x0"": 266, ""y0"": 157, ""x1"": 416, ""y1"": 211, ""rgb"": [179, 179, 179]}, {""label"": ""도움말"", ""x0"": 97, ""y0"": 75, ""x1"": 247, ""y1"": 129, ""rgb"": [179, 179, 179]}, {""label"": ""삭제"", ""x0"": 252, ""y0"": 513, ""x1"": 402, ""y1"": 567, ""rgb"": [179, 179, 179]}]"
d5_L16_settings_T65_N.png,16,0,T65,target,65,설정,도움말,77,149,324,74,297,224,351,d3_L16_gray_N.png,"[{""label"": ""로그인"", ""x0"": 258, ""y0"": 31, ""x1"": 408, ""y1"": 85, ""rgb"": [179, 179, 179]}, {""label"": ""취소"", ""x0"": 189, ""y0"": 382, ""x1"": 339, ""y1"": 436, ""rgb"": [179, 179, 179]}, {""label"": ""설정"", ""x0"": 74, ""y0"": 297, ""x1"": 224, ""y1"": 351, ""rgb"": [228, 166, 113]}, {""label"": ""검색"", ""x0"": 38, ""y0"": 167, ""x1"": 188, ""y1"": 221, ""rgb"": [179, 179, 179]}, {""label"": ""저장"", ""x0"": 533, ""y0"": 388, ""x1"": 683, ""y1"": 442, ""rgb"": [179, 179, 179]}, {""label"": ""홈"", ""x0"": 464, ""y0"": 157, ""x1"": 614, ""y1"": 211, ""rgb"": [179, 179, 179]}, {""label"": ""도움말"", ""x0"": 633, ""y0"": 75, ""x1"": 783, ""y1"": 129, ""rgb"": [179, 179, 179]}, {""label"": ""삭제"", ""x0"": 478, ""y0"": 513, ""x1"": 628, ""y1"": 567, ""rgb"": [179, 179, 179]}]"
d5_L16_settings_D65_N.png,16,0,D65,decoy,65,설정,도움말,107,149,324,74,297,224,351,d3_L16_gray_N.png,"[{""label"": ""로그인"", ""x0"": 258, ""y0"": 31, ""x1"": 408, ""y1"": 85, ""rgb"": [179, 179, 179]}, {""label"": ""취소"", ""x0"": 189, ""y0"": 382, ""x1"": 339, ""y1"": 436, ""rgb"": [179, 179, 179]}, {""label"": ""설정"", ""x0"": 74, ""y0"": 297, ""x1"": 224, ""y1"": 351, ""rgb"": [179, 179, 179]}, {""label"": ""검색"", ""x0"": 38, ""y0"": 167, ""x1"": 188, ""y1"": 221, ""rgb"": [179, 179, 179]}, {""label"": ""저장"", ""x0"": 533, ""y0"": 388, ""x1"": 683, ""y1"": 442, ""rgb"": [179, 179, 179]}, {""label"": ""홈"", ""x0"": 464, ""y0"": 157, ""x1"": 614, ""y1"": 211, ""rgb"": [179, 179, 179]}, {""label"": ""도움말"", ""x0"": 633, ""y0"": 75, ""x1"": 783, ""y1"": 129, ""rgb"": [228, 166, 113]}, {""label"": ""삭제"", ""x0"": 478, ""y0"": 513, ""x1"": 628, ""y1"": 567, ""rgb"": [179, 179, 179]}]"
d5_L16_settings_T245_N.png,16,0,T245,target,245,설정,도움말,56,149,324,74,297,224,351,d3_L16_gray_N.png,"[{""label"": ""로그인"", ""x0"": 258, ""y0"": 31, ""x1"": 408, ""y1"": 85, ""rgb"": [179, 179, 179]}, {""label"": ""취소"", ""x0"": 189, ""y0"": 382, ""x1"": 339, ""y1"": 436, ""rgb"": [179, 179, 179]}, {""label"": ""설정"", ""x0"": 74, ""y0"": 297, ""x1"": 224, ""y1"": 351, ""rgb"": [67, 191, 244]}, {""label"": ""검색"", ""x0"": 38, ""y0"": 167, ""x1"": 188, ""y1"": 221, ""rgb"": [179, 179, 179]}, {""label"": ""저장"", ""x0"": 533, ""y0"": 388, ""x1"": 683, ""y1"": 442, ""rgb"": [179, 179, 179]}, {""label"": ""홈"", ""x0"": 464, ""y0"": 157, ""x1"": 614, ""y1"": 211, ""rgb"": [179, 179, 179]}, {""label"": ""도움말"", ""x0"": 633, ""y0"": 75, ""x1"": 783, ""y1"": 129, ""rgb"": [179, 179, 179]}, {""label"": ""삭제"", ""x0"": 478, ""y0"": 513, ""x1"": 628, ""y1"": 567, ""rgb"": [179, 179, 179]}]"
d5_L16_settings_D245_N.png,16,0,D245,decoy,245,설정,도움말,124,149,324,74,297,224,351,d3_L16_gray_N.png,"[{""label"": ""로그인"", ""x0"": 258, ""y0"": 31, ""x1"": 408, ""y1"": 85, ""rgb"": [179, 179, 179]}, {""label"": ""취소"", ""x0"": 189, ""y0"": 382, ""x1"": 339, ""y1"": 436, ""rgb"": [179, 179, 179]}, {""label"": ""설정"", ""x0"": 74, ""y0"": 297, ""x1"": 224, ""y1"": 351, ""rgb"": [179, 179, 179]}, {""label"": ""검색"", ""x0"": 38, ""y0"": 167, ""x1"": 188, ""y1"": 221, ""rgb"": [179, 179, 179]}, {""label"": ""저장"", ""x0"": 533, ""y0"": 388, ""x1"": 683, ""y1"": 442, ""rgb"": [179, 179, 179]}, {""label"": ""홈"", ""x0"": 464, ""y0"": 157, ""x1"": 614, ""y1"": 211, ""rgb"": [179, 179, 179]}, {""label"": ""도움말"", ""x0"": 633, ""y0"": 75, ""x1"": 783, ""y1"": 129, ""rgb"": [67, 191, 244]}, {""label"": ""삭제"", ""x0"": 478, ""y0"": 513, ""x1"": 628, ""y1"": 567, ""rgb"": [179, 179, 179]}]"
d5_L16_settings_T65_M.png,16,1,T65,target,65,설정,도움말,121,731,324,656,297,806,351,d3_L16_gray_M.png,"[{""label"": ""로그인"", ""x0"": 472, ""y0"": 31, ""x1"": 622, ""y1"": 85, ""rgb"": [179, 179, 179]}, {""label"": ""취소"", ""x0"": 541, ""y0"": 382, ""x1"": 691, ""y1"": 436, ""rgb"": [179, 179, 179]}, {""label"": ""설정"", ""x0"": 656, ""y0"": 297, ""x1"": 806, ""y1"": 351, ""rgb"": [228, 166, 113]}, {""label"": ""검색"", ""x0"": 692, ""y0"": 167, ""x1"": 842, ""y1"": 221, ""rgb"": [179, 179, 179]}, {""label"": ""저장"", ""x0"": 197, ""y0"": 388, ""x1"": 347, ""y1"": 442, ""rgb"": [179, 179, 179]}, {""label"": ""홈"", ""x0"": 266, ""y0"": 157, ""x1"": 416, ""y1"": 211, ""rgb"": [179, 179, 179]}, {""label"": ""도움말"", ""x0"": 97, ""y0"": 75, ""x1"": 247, ""y1"": 129, ""rgb"": [179, 179, 179]}, {""label"": ""삭제"", ""x0"": 252, ""y0"": 513, ""x1"": 402, ""y1"": 567, ""rgb"": [179, 179, 179]}]"
d5_L16_settings_D65_M.png,16,1,D65,decoy,65,설정,도움말,272,731,324,656,297,806,351,d3_L16_gray_M.png,"[{""label"": ""로그인"", ""x0"": 472, ""y0"": 31, ""x1"": 622, ""y1"": 85, ""rgb"": [179, 179, 179]}, {""label"": ""취소"", ""x0"": 541, ""y0"": 382, ""x1"": 691, ""y1"": 436, ""rgb"": [179, 179, 179]}, {""label"": ""설정"", ""x0"": 656, ""y0"": 297, ""x1"": 806, ""y1"": 351, ""rgb"": [179, 179, 179]}, {""label"": ""검색"", ""x0"": 692, ""y0"": 167, ""x1"": 842, ""y1"": 221, ""rgb"": [179, 179, 179]}, {""label"": ""저장"", ""x0"": 197, ""y0"": 388, ""x1"": 347, ""y1"": 442, ""rgb"": [179, 179, 179]}, {""label"": ""홈"", ""x0"": 266, ""y0"": 157, ""x1"": 416, ""y1"": 211, ""rgb"": [179, 179, 179]}, {""label"": ""도움말"", ""x0"": 97, ""y0"": 75, ""x1"": 247, ""y1"": 129, ""rgb"": [228, 166, 113]}, {""label"": ""삭제"", ""x0"": 252, ""y0"": 513, ""x1"": 402, ""y1"": 567, ""rgb"": [179, 179, 179]}]"
d5_L16_settings_T245_M.png,16,1,T245,target,245,설정,도움말,171,731,324,656,297,806,351,d3_L16_gray_M.png,"[{""label"": ""로그인"", ""x0"": 472, ""y0"": 31, ""x1"": 622, ""y1"": 85, ""rgb"": [179, 179, 179]}, {""label"": ""취소"", ""x0"": 541, ""y0"": 382, ""x1"": 691, ""y1"": 436, ""rgb"": [179, 179, 179]}, {""label"": ""설정"", ""x0"": 656, ""y0"": 297, ""x1"": 806, ""y1"": 351, ""rgb"": [67, 191, 244]}, {""label"": ""검색"", ""x0"": 692, ""y0"": 167, ""x1"": 842, ""y1"": 221, ""rgb"": [179, 179, 179]}, {""label"": ""저장"", ""x0"": 197, ""y0"": 388, ""x1"": 347, ""y1"": 442, ""rgb"": [179, 179, 179]}, {""label"": ""홈"", ""x0"": 266, ""y0"": 157, ""x1"": 416, ""y1"": 211, ""rgb"": [179, 179, 179]}, {""label"": ""도움말"", ""x0"": 97, ""y0"": 75, ""x1"": 247, ""y1"": 129, ""rgb"": [179, 179, 179]}, {""label"": ""삭제"", ""x0"": 252, ""y0"": 513, ""x1"": 402, ""y1"": 567, ""rgb"": [179, 179, 179]}]"
d5_L16_settings_D245_M.png,16,1,D245,decoy,245,설정,도움말,268,731,324,656,297,806,351,d3_L16_gray_M.png,"[{""label"": ""로그인"", ""x0"": 472, ""y0"": 31, ""x1"": 622, ""y1"": 85, ""rgb"": [179, 179, 179]}, {""label"": ""취소"", ""x0"": 541, ""y0"": 382, ""x1"": 691, ""y1"": 436, ""rgb"": [179, 179, 179]}, {""label"": ""설정"", ""x0"": 656, ""y0"": 297, ""x1"": 806, ""y1"": 351, ""rgb"": [179, 179, 179]}, {""label"": ""검색"", ""x0"": 692, ""y0"": 167, ""x1"": 842, ""y1"": 221, ""rgb"": [179, 179, 179]}, {""label"": ""저장"", ""x0"": 197, ""y0"": 388, ""x1"": 347, ""y1"": 442, ""rgb"": [179, 179, 179]}, {""label"": ""홈"", ""x0"": 266, ""y0"": 157, ""x1"": 416, ""y1"": 211, ""rgb"": [179, 179, 179]}, {""label"": ""도움말"", ""x0"": 97, ""y0"": 75, ""x1"": 247, ""y1"": 129, ""rgb"": [67, 191, 244]}, {""label"": ""삭제"", ""x0"": 252, ""y0"": 513, ""x1"": 402, ""y1"": 567, ""rgb"": [179, 179, 179]}]"
d5_L17_login_D65_N.png,17,0,D65,decoy,65,로그인,도움말,52,532,454,457,427,607,481,d3_L17_gray_N.png,"[{""label"": ""로그인"", ""x0"": 457, ""y0"": 427, ""x1"": 607, ""y1"": 481, ""rgb"": [179, 179, 179]}, {""label"": ""취소"", ""x0"": 218, ""y0"": 457, ""x1"": 368, ""y1"": 511, ""rgb"": [179, 179, 179]}, {""label"": ""설정"", ""x0"": 327, ""y0"": 144, ""x1"": 477, ""y1"": 198, ""rgb"": [179, 179, 179]}, {""label"": ""검색"", ""x0"": 597, ""y0"": 168, ""x1"": 747, ""y1"": 222, ""rgb"": [179, 179, 179]}, {""label"": ""저장"", ""x0"": 75, ""y0"": 102, ""x1"": 225, ""y1"": 156, ""rgb"": [179, 179, 179]}, {""label"": ""홈"", ""x0"": 336, ""y0"": 23, ""x1"": 486, ""y1"": 77, ""rgb"": [179, 179, 179]}, {""label"": ""도움말"", ""x0"": 534, ""y0"": 281, ""x1"": 684, ""y1"": 335, ""rgb"": [228, 166, 113]}, {""label"": ""삭제"", ""x0"": 665, ""y0"": 30, ""x1"": 815, ""y1"": 84, ""rgb"": [179, 179, 179]}]"
d5_L17_login_D245_N.png,17,0,D245,decoy,245,로그인,도움말,94,532,454,457,427,607,481,d3_L17_gray_N.png,"[{""label"": ""로그인"", ""x0"": 457, ""y0"": 427, ""x1"": 607, ""y1"": 481, ""rgb"": [179, 179, 179]}, {""label"": ""취소"", ""x0"": 218, ""y0"": 457, ""x1"": 368, ""y1"": 511, ""rgb"": [179, 179, 179]}, {""label"": ""설정"", ""x0"": 327, ""y0"": 144, ""x1"": 477, ""y1"": 198, ""rgb"": [179, 179, 179]}, {""label"": ""검색"", ""x0"": 597, ""y0"": 168, ""x1"": 747, ""y1"": 222, ""rgb"": [179, 179, 179]}, {""label"": ""저장"", ""x0"": 75, ""y0"": 102, ""x1"": 225, ""y1"": 156, ""rgb"": [179, 179, 179]}, {""label"": ""홈"", ""x0"": 336, ""y0"": 23, ""x1"": 486, ""y1"": 77, ""rgb"": [179, 179, 179]}, {""label"": ""도움말"", ""x0"": 534, ""y0"": 281, ""x1"": 684, ""y1"": 335, ""rgb"": [67, 191, 244]}, {""label"": ""삭제"", ""x0"": 665, ""y0"": 30, ""x1"": 815, ""y1"": 84, ""rgb"": [179, 179, 179]}]"
d5_L17_login_D65_M.png,17,1,D65,decoy,65,로그인,도움말,89,348,454,273,427,423,481,d3_L17_gray_M.png,"[{""label"": ""로그인"", ""x0"": 273, ""y0"": 427, ""x1"": 423, ""y1"": 481, ""rgb"": [179, 179, 179]}, {""label"": ""취소"", ""x0"": 512, ""y0"": 457, ""x1"": 662, ""y1"": 511, ""rgb"": [179, 179, 179]}, {""label"": ""설정"", ""x0"": 403, ""y0"": 144, ""x1"": 553, ""y1"": 198, ""rgb"": [179, 179, 179]}, {""label"": ""검색"", ""x0"": 133, ""y0"": 168, ""x1"": 283, ""y1"": 222, ""rgb"": [179, 179, 179]}, {""label"": ""저장"", ""x0"": 655, ""y0"": 102, ""x1"": 805, ""y1"": 156, ""rgb"": [179, 179, 179]}, {""label"": ""홈"", ""x0"": 394, ""y0"": 23, ""x1"": 544, ""y1"": 77, ""rgb"": [179, 179, 179]}, {""label"": ""도움말"", ""x0"": 196, ""y0"": 281, ""x1"": 346, ""y1"": 335, ""rgb"": [228, 166, 113]}, {""label"": ""삭제"", ""x0"": 65, ""y0"": 30, ""x1"": 215, ""y1"": 84, ""rgb"": [179, 179, 179]}]"
d5_L17_login_D245_M.png,17,1,D245,decoy,245,로그인,도움말,23,348,454,273,427,423,481,d3_L17_gray_M.png,"[{""label"": ""로그인"", ""x0"": 273, ""y0"": 427, ""x1"": 423, ""y1"": 481, ""rgb"": [179, 179, 179]}, {""label"": ""취소"", ""x0"": 512, ""y0"": 457, ""x1"": 662, ""y1"": 511, ""rgb"": [179, 179, 179]}, {""label"": ""설정"", ""x0"": 403, ""y0"": 144, ""x1"": 553, ""y1"": 198, ""rgb"": [179, 179, 179]}, {""label"": ""검색"", ""x0"": 133, ""y0"": 168, ""x1"": 283, ""y1"": 222, ""rgb"": [179, 179, 179]}, {""label"": ""저장"", ""x0"": 655, ""y0"": 102, ""x1"": 805, ""y1"": 156, ""rgb"": [179, 179, 179]}, {""label"": ""홈"", ""x0"": 394, ""y0"": 23, ""x1"": 544, ""y1"": 77, ""rgb"": [179, 179, 179]}, {""label"": ""도움말"", ""x0"": 196, ""y0"": 281, ""x1"": 346, ""y1"": 335, ""rgb"": [67, 191, 244]}, {""label"": ""삭제"", ""x0"": 65, ""y0"": 30, ""x1"": 215, ""y1"": 84, ""rgb"": [179, 179, 179]}]"
d5_L17_home_T65_N.png,17,0,T65,target,65,홈,저장,215,411,50,336,23,486,77,d3_L17_gray_N.png,"[{""label"": ""로그인"", ""x0"": 457, ""y0"": 427, ""x1"": 607, ""y1"": 481, ""rgb"": [179, 179, 179]}, {""label"": ""취소"", ""x0"": 218, ""y0"": 457, ""x1"": 368, ""y1"": 511, ""rgb"": [179, 179, 179]}, {""label"": ""설정"", ""x0"": 327, ""y0"": 144, ""x1"": 477, ""y1"": 198, ""rgb"": [179, 179, 179]}, {""label"": ""검색"", ""x0"": 597, ""y0"": 168, ""x1"": 747, ""y1"": 222, ""rgb"": [179, 179, 179]}, {""label"": ""저장"", ""x0"": 75, ""y0"": 102, ""x1"": 225, ""y1"": 156, ""rgb"": [179, 179, 179]}, {""label"": ""홈"", ""x0"": 336, ""y0"": 23, ""x1"": 486, ""y1"": 77, ""rgb"": [228, 166, 113]}, {""label"": ""도움말"", ""x0"": 534, ""y0"": 281, ""x1"": 684, ""y1"": 335, ""rgb"": [179, 179, 179]}, {""label"": ""삭제"", ""x0"": 665, ""y0"": 30, ""x1"": 815, ""y1"": 84, ""rgb"": [179, 179, 179]}]"
d5_L17_home_D65_N.png,17,0,D65,decoy,65,홈,저장,145,411,50,336,23,486,77,d3_L17_gray_N.png,"[{""label"": ""로그인"", ""x0"": 457, ""y0"": 427, ""x1"": 607, ""y1"": 481, ""rgb"": [179, 179, 179]}, {""label"": ""취소"", ""x0"": 218, ""y0"": 457, ""x1"": 368, ""y1"": 511, ""rgb"": [179, 179, 179]}, {""label"": ""설정"", ""x0"": 327, ""y0"": 144, ""x1"": 477, ""y1"": 198, ""rgb"": [179, 179, 179]}, {""label"": ""검색"", ""x0"": 597, ""y0"": 168, ""x1"": 747, ""y1"": 222, ""rgb"": [179, 179, 179]}, {""label"": ""저장"", ""x0"": 75, ""y0"": 102, ""x1"": 225, ""y1"": 156, ""rgb"": [228, 166, 113]}, {""label"": ""홈"", ""x0"": 336, ""y0"": 23, ""x1"": 486, ""y1"": 77, ""rgb"": [179, 179, 179]}, {""label"": ""도움말"", ""x0"": 534, ""y0"": 281, ""x1"": 684, ""y1"": 335, ""rgb"": [179, 179, 179]}, {""label"": ""삭제"", ""x0"": 665, ""y0"": 30, ""x1"": 815, ""y1"": 84, ""rgb"": [179, 179, 179]}]"
d5_L17_home_T245_N.png,17,0,T245,target,245,홈,저장,8,411,50,336,23,486,77,d3_L17_gray_N.png,"[{""label"": ""로그인"", ""x0"": 457, ""y0"": 427, ""x1"": 607, ""y1"": 481, ""rgb"": [179, 179, 179]}, {""label"": ""취소"", ""x0"": 218, ""y0"": 457, ""x1"": 368, ""y1"": 511, ""rgb"": [179, 179, 179]}, {""label"": ""설정"", ""x0"": 327, ""y0"": 144, ""x1"": 477, ""y1"": 198, ""rgb"": [179, 179, 179]}, {""label"": ""검색"", ""x0"": 597, ""y0"": 168, ""x1"": 747, ""y1"": 222, ""rgb"": [179, 179, 179]}, {""label"": ""저장"", ""x0"": 75, ""y0"": 102, ""x1"": 225, ""y1"": 156, ""rgb"": [179, 179, 179]}, {""label"": ""홈"", ""x0"": 336, ""y0"": 23, ""x1"": 486, ""y1"": 77, ""rgb"": [67, 191, 244]}, {""label"": ""도움말"", ""x0"": 534, ""y0"": 281, ""x1"": 684, ""y1"": 335, ""rgb"": [179, 179, 179]}, {""label"": ""삭제"", ""x0"": 665, ""y0"": 30, ""x1"": 815, ""y1"": 84, ""rgb"": [179, 179, 179]}]"
d5_L17_home_D245_N.png,17,0,D245,decoy,245,홈,저장,370,411,50,336,23,486,77,d3_L17_gray_N.png,"[{""label"": ""로그인"", ""x0"": 457, ""y0"": 427, ""x1"": 607, ""y1"": 481, ""rgb"": [179, 179, 179]}, {""label"": ""취소"", ""x0"": 218, ""y0"": 457, ""x1"": 368, ""y1"": 511, ""rgb"": [179, 179, 179]}, {""label"": ""설정"", ""x0"": 327, ""y0"": 144, ""x1"": 477, ""y1"": 198, ""rgb"": [179, 179, 179]}, {""label"": ""검색"", ""x0"": 597, ""y0"": 168, ""x1"": 747, ""y1"": 222, ""rgb"": [179, 179, 179]}, {""label"": ""저장"", ""x0"": 75, ""y0"": 102, ""x1"": 225, ""y1"": 156, ""rgb"": [67, 191, 244]}, {""label"": ""홈"", ""x0"": 336, ""y0"": 23, ""x1"": 486, ""y1"": 77, ""rgb"": [179, 179, 179]}, {""label"": ""도움말"", ""x0"": 534, ""y0"": 281, ""x1"": 684, ""y1"": 335, ""rgb"": [179, 179, 179]}, {""label"": ""삭제"", ""x0"": 665, ""y0"": 30, ""x1"": 815, ""y1"": 84, ""rgb"": [179, 179, 179]}]"
d5_L17_home_T65_M.png,17,1,T65,target,65,홈,저장,325,469,50,394,23,544,77,d3_L17_gray_M.png,"[{""label"": ""로그인"", ""x0"": 273, ""y0"": 427, ""x1"": 423, ""y1"": 481, ""rgb"": [179, 179, 179]}, {""label"": ""취소"", ""x0"": 512, ""y0"": 457, ""x1"": 662, ""y1"": 511, ""rgb"": [179, 179, 179]}, {""label"": ""설정"", ""x0"": 403, ""y0"": 144, ""x1"": 553, ""y1"": 198, ""rgb"": [179, 179, 179]}, {""label"": ""검색"", ""x0"": 133, ""y0"": 168, ""x1"": 283, ""y1"": 222, ""rgb"": [179, 179, 179]}, {""label"": ""저장"", ""x0"": 655, ""y0"": 102, ""x1"": 805, ""y1"": 156, ""rgb"": [179, 179, 179]}, {""label"": ""홈"", ""x0"": 394, ""y0"": 23, ""x1"": 544, ""y1"": 77, ""rgb"": [228, 166, 113]}, {""label"": ""도움말"", ""x0"": 196, ""y0"": 281, ""x1"": 346, ""y1"": 335, ""rgb"": [179, 179, 179]}, {""label"": ""삭제"", ""x0"": 65, ""y0"": 30, ""x1"": 215, ""y1"": 84, ""rgb"": [179, 179, 179]}]"
d5_L17_home_D65_M.png,17,1,D65,decoy,65,홈,저장,253,469,50,394,23,544,77,d3_L17_gray_M.png,"[{""label"": ""로그인"", ""x0"": 273, ""y0"": 427, ""x1"": 423, ""y1"": 481, ""rgb"": [179, 179, 179]}, {""label"": ""취소"", ""x0"": 512, ""y0"": 457, ""x1"": 662, ""y1"": 511, ""rgb"": [179, 179, 179]}, {""label"": ""설정"", ""x0"": 403, ""y0"": 144, ""x1"": 553, ""y1"": 198, ""rgb"": [179, 179, 179]}, {""label"": ""검색"", ""x0"": 133, ""y0"": 168, ""x1"": 283, ""y1"": 222, ""rgb"": [179, 179, 179]}, {""label"": ""저장"", ""x0"": 655, ""y0"": 102, ""x1"": 805, ""y1"": 156, ""rgb"": [228, 166, 113]}, {""label"": ""홈"", ""x0"": 394, ""y0"": 23, ""x1"": 544, ""y1"": 77, ""rgb"": [179, 179, 179]}, {""label"": ""도움말"", ""x0"": 196, ""y0"": 281, ""x1"": 346, ""y1"": 335, ""rgb"": [179, 179, 179]}, {""label"": ""삭제"", ""x0"": 65, ""y0"": 30, ""x1"": 215, ""y1"": 84, ""rgb"": [179, 179, 179]}]"
d5_L17_home_T245_M.png,17,1,T245,target,245,홈,저장,372,469,50,394,23,544,77,d3_L17_gray_M.png,"[{""label"": ""로그인"", ""x0"": 273, ""y0"": 427, ""x1"": 423, ""y1"": 481, ""rgb"": [179, 179, 179]}, {""label"": ""취소"", ""x0"": 512, ""y0"": 457, ""x1"": 662, ""y1"": 511, ""rgb"": [179, 179, 179]}, {""label"": ""설정"", ""x0"": 403, ""y0"": 144, ""x1"": 553, ""y1"": 198, ""rgb"": [179, 179, 179]}, {""label"": ""검색"", ""x0"": 133, ""y0"": 168, ""x1"": 283, ""y1"": 222, ""rgb"": [179, 179, 179]}, {""label"": ""저장"", ""x0"": 655, ""y0"": 102, ""x1"": 805, ""y1"": 156, ""rgb"": [179, 179, 179]}, {""label"": ""홈"", ""x0"": 394, ""y0"": 23, ""x1"": 544, ""y1"": 77, ""rgb"": [67, 191, 244]}, {""label"": ""도움말"", ""x0"": 196, ""y0"": 281, ""x1"": 346, ""y1"": 335, ""rgb"": [179, 179, 179]}, {""label"": ""삭제"", ""x0"": 65, ""y0"": 30, ""x1"": 215, ""y1"": 84, ""rgb"": [179, 179, 179]}]"
d5_L17_home_D245_M.png,17,1,D245,decoy,245,홈,저장,10,469,50,394,23,544,77,d3_L17_gray_M.png,"[{""label"": ""로그인"", ""x0"": 273, ""y0"": 427, ""x1"": 423, ""y1"": 481, ""rgb"": [179, 179, 179]}, {""label"": ""취소"", ""x0"": 512, ""y0"": 457, ""x1"": 662, ""y1"": 511, ""rgb"": [179, 179, 179]}, {""label"": ""설정"", ""x0"": 403, ""y0"": 144, ""x1"": 553, ""y1"": 198, ""rgb"": [179, 179, 179]}, {""label"": ""검색"", ""x0"": 133, ""y0"": 168, ""x1"": 283, ""y1"": 222, ""rgb"": [179, 179, 179]}, {""label"": ""저장"", ""x0"": 655, ""y0"": 102, ""x1"": 805, ""y1"": 156, ""rgb"": [67, 191, 244]}, {""label"": ""홈"", ""x0"": 394, ""y0"": 23, ""x1"": 544, ""y1"": 77, ""rgb"": [179, 179, 179]}, {""label"": ""도움말"", ""x0"": 196, ""y0"": 281, ""x1"": 346, ""y1"": 335, ""rgb"": [179, 179, 179]}, {""label"": ""삭제"", ""x0"": 65, ""y0"": 30, ""x1"": 215, ""y1"": 84, ""rgb"": [179, 179, 179]}]"
d5_L17_settings_T65_N.png,17,0,T65,target,65,설정,도움말,315,402,171,327,144,477,198,d3_L17_gray_N.png,"[{""label"": ""로그인"", ""x0"": 457, ""y0"": 427, ""x1"": 607, ""y1"": 481, ""rgb"": [179, 179, 179]}, {""label"": ""취소"", ""x0"": 218, ""y0"": 457, ""x1"": 368, ""y1"": 511, ""rgb"": [179, 179, 179]}, {""label"": ""설정"", ""x0"": 327, ""y0"": 144, ""x1"": 477, ""y1"": 198, ""rgb"": [228, 166, 113]}, {""label"": ""검색"", ""x0"": 597, ""y0"": 168, ""x1"": 747, ""y1"": 222, ""rgb"": [179, 179, 179]}, {""label"": ""저장"", ""x0"": 75, ""y0"": 102, ""x1"": 225, ""y1"": 156, ""rgb"": [179, 179, 179]}, {""label"": ""홈"", ""x0"": 336, ""y0"": 23, ""x1"": 486, ""y1"": 77, ""rgb"": [179, 179, 179]}, {""label"": ""도움말"", ""x0"": 534, ""y0"": 281, ""x1"": 684, ""y1"": 335, ""rgb"": [179, 179, 179]}, {""label"": ""삭제"", ""x0"": 665, ""y0"": 30, ""x1"": 815, ""y1"": 84, ""rgb"": [179, 179, 179]}]"
d5_L17_settings_D65_N.png,17,0,D65,decoy,65,설정,도움말,293,402,171,327,144,477,198,d3_L17_gray_N.png,"[{""label"": ""로그인"", ""x0"": 457, ""y0"": 427, ""x1"": 607, ""y1"": 481, ""rgb"": [179, 179, 179]}, {""label"": ""취소"", ""x0"": 218, ""y0"": 457, ""x1"": 368, ""y1"": 511, ""rgb"": [179, 179, 179]}, {""label"": ""설정"", ""x0"": 327, ""y0"": 144, ""x1"": 477, ""y1"": 198, ""rgb"": [179, 179, 179]}, {""label"": ""검색"", ""x0"": 597, ""y0"": 168, ""x1"": 747, ""y1"": 222, ""rgb"": [179, 179, 179]}, {""label"": ""저장"", ""x0"": 75, ""y0"": 102, ""x1"": 225, ""y1"": 156, ""rgb"": [179, 179, 179]}, {""label"": ""홈"", ""x0"": 336, ""y0"": 23, ""x1"": 486, ""y1"": 77, ""rgb"": [179, 179, 179]}, {""label"": ""도움말"", ""x0"": 534, ""y0"": 281, ""x1"": 684, ""y1"": 335, ""rgb"": [228, 166, 113]}, {""label"": ""삭제"", ""x0"": 665, ""y0"": 30, ""x1"": 815, ""y1"": 84, ""rgb"": [179, 179, 179]}]"
d5_L17_settings_T245_N.png,17,0,T245,target,245,설정,도움말,238,402,171,327,144,477,198,d3_L17_gray_N.png,"[{""label"": ""로그인"", ""x0"": 457, ""y0"": 427, ""x1"": 607, ""y1"": 481, ""rgb"": [179, 179, 179]}, {""label"": ""취소"", ""x0"": 218, ""y0"": 457, ""x1"": 368, ""y1"": 511, ""rgb"": [179, 179, 179]}, {""label"": ""설정"", ""x0"": 327, ""y0"": 144, ""x1"": 477, ""y1"": 198, ""rgb"": [67, 191, 244]}, {""label"": ""검색"", ""x0"": 597, ""y0"": 168, ""x1"": 747, ""y1"": 222, ""rgb"": [179, 179, 179]}, {""label"": ""저장"", ""x0"": 75, ""y0"": 102, ""x1"": 225, ""y1"": 156, ""rgb"": [179, 179, 179]}, {""label"": ""홈"", ""x0"": 336, ""y0"": 23, ""x1"": 486, ""y1"": 77, ""rgb"": [179, 179, 179]}, {""label"": ""도움말"", ""x0"": 534, ""y0"": 281, ""x1"": 684, ""y1"": 335, ""rgb"": [179, 179, 179]}, {""label"": ""삭제"", ""x0"": 665, ""y0"": 30, ""x1"": 815, ""y1"": 84, ""rgb"": [179, 179, 179]}]"
d5_L17_settings_D245_N.png,17,0,D245,decoy,245,설정,도움말,239,402,171,327,144,477,198,d3_L17_gray_N.png,"[{""label"": ""로그인"", ""x0"": 457, ""y0"": 427, ""x1"": 607, ""y1"": 481, ""rgb"": [179, 179, 179]}, {""label"": ""취소"", ""x0"": 218, ""y0"": 457, ""x1"": 368, ""y1"": 511, ""rgb"": [179, 179, 179]}, {""label"": ""설정"", ""x0"": 327, ""y0"": 144, ""x1"": 477, ""y1"": 198, ""rgb"": [179, 179, 179]}, {""label"": ""검색"", ""x0"": 597, ""y0"": 168, ""x1"": 747, ""y1"": 222, ""rgb"": [179, 179, 179]}, {""label"": ""저장"", ""x0"": 75, ""y0"": 102, ""x1"": 225, ""y1"": 156, ""rgb"": [179, 179, 179]}, {""label"": ""홈"", ""x0"": 336, ""y0"": 23, ""x1"": 486, ""y1"": 77, ""rgb"": [179, 179, 179]}, {""label"": ""도움말"", ""x0"": 534, ""y0"": 281, ""x1"": 684, ""y1"": 335, ""rgb"": [67, 191, 244]}, {""label"": ""삭제"", ""x0"": 665, ""y0"": 30, ""x1"": 815, ""y1"": 84, ""rgb"": [179, 179, 179]}]"
d5_L17_settings_T65_M.png,17,1,T65,target,65,설정,도움말,153,478,171,403,144,553,198,d3_L17_gray_M.png,"[{""label"": ""로그인"", ""x0"": 273, ""y0"": 427, ""x1"": 423, ""y1"": 481, ""rgb"": [179, 179, 179]}, {""label"": ""취소"", ""x0"": 512, ""y0"": 457, ""x1"": 662, ""y1"": 511, ""rgb"": [179, 179, 179]}, {""label"": ""설정"", ""x0"": 403, ""y0"": 144, ""x1"": 553, ""y1"": 198, ""rgb"": [228, 166, 113]}, {""label"": ""검색"", ""x0"": 133, ""y0"": 168, ""x1"": 283, ""y1"": 222, ""rgb"": [179, 179, 179]}, {""label"": ""저장"", ""x0"": 655, ""y0"": 102, ""x1"": 805, ""y1"": 156, ""rgb"": [179, 179, 179]}, {""label"": ""홈"", ""x0"": 394, ""y0"": 23, ""x1"": 544, ""y1"": 77, ""rgb"": [179, 179, 179]}, {""label"": ""도움말"", ""x0"": 196, ""y0"": 281, ""x1"": 346, ""y1"": 335, ""rgb"": [179, 179, 179]}, {""label"": ""삭제"", ""x0"": 65, ""y0"": 30, ""x1"": 215, ""y1"": 84, ""rgb"": [179, 179, 179]}]"
d5_L17_settings_D65_M.png,17,1,D65,decoy,65,설정,도움말,78,478,171,403,144,553,198,d3_L17_gray_M.png,"[{""label"": ""로그인"", ""x0"": 273, ""y0"": 427, ""x1"": 423, ""y1"": 481, ""rgb"": [179, 179, 179]}, {""label"": ""취소"", ""x0"": 512, ""y0"": 457, ""x1"": 662, ""y1"": 511, ""rgb"": [179, 179, 179]}, {""label"": ""설정"", ""x0"": 403, ""y0"": 144, ""x1"": 553, ""y1"": 198, ""rgb"": [179, 179, 179]}, {""label"": ""검색"", ""x0"": 133, ""y0"": 168, ""x1"": 283, ""y1"": 222, ""rgb"": [179, 179, 179]}, {""label"": ""저장"", ""x0"": 655, ""y0"": 102, ""x1"": 805, ""y1"": 156, ""rgb"": [179, 179, 179]}, {""label"": ""홈"", ""x0"": 394, ""y0"": 23, ""x1"": 544, ""y1"": 77, ""rgb"": [179, 179, 179]}, {""label"": ""도움말"", ""x0"": 196, ""y0"": 281, ""x1"": 346, ""y1"": 335, ""rgb"": [228, 166, 113]}, {""label"": ""삭제"", ""x0"": 65, ""y0"": 30, ""x1"": 215, ""y1"": 84, ""rgb"": [179, 179, 179]}]"
d5_L17_settings_T245_M.png,17,1,T245,target,245,설정,도움말,132,478,171,403,144,553,198,d3_L17_gray_M.png,"[{""label"": ""로그인"", ""x0"": 273, ""y0"": 427, ""x1"": 423, ""y1"": 481, ""rgb"": [179, 179, 179]}, {""label"": ""취소"", ""x0"": 512, ""y0"": 457, ""x1"": 662, ""y1"": 511, ""rgb"": [179, 179, 179]}, {""label"": ""설정"", ""x0"": 403, ""y0"": 144, ""x1"": 553, ""y1"": 198, ""rgb"": [67, 191, 244]}, {""label"": ""검색"", ""x0"": 133, ""y0"": 168, ""x1"": 283, ""y1"": 222, ""rgb"": [179, 179, 179]}, {""label"": ""저장"", ""x0"": 655, ""y0"": 102, ""x1"": 805, ""y1"": 156, ""rgb"": [179, 179, 179]}, {""label"": ""홈"", ""x0"": 394, ""y0"": 23, ""x1"": 544, ""y1"": 77, ""rgb"": [179, 179, 179]}, {""label"": ""도움말"", ""x0"": 196, ""y0"": 281, ""x1"": 346, ""y1"": 335, ""rgb"": [179, 179, 179]}, {""label"": ""삭제"", ""x0"": 65, ""y0"": 30, ""x1"": 215, ""y1"": 84, ""rgb"": [179, 179, 179]}]"
d5_L17_settings_D245_M.png,17,1,D245,decoy,245,설정,도움말,190,478,171,403,144,553,198,d3_L17_gray_M.png,"[{""label"": ""로그인"", ""x0"": 273, ""y0"": 427, ""x1"": 423, ""y1"": 481, ""rgb"": [179, 179, 179]}, {""label"": ""취소"", ""x0"": 512, ""y0"": 457, ""x1"": 662, ""y1"": 511, ""rgb"": [179, 179, 179]}, {""label"": ""설정"", ""x0"": 403, ""y0"": 144, ""x1"": 553, ""y1"": 198, ""rgb"": [179, 179, 179]}, {""label"": ""검색"", ""x0"": 133, ""y0"": 168, ""x1"": 283, ""y1"": 222, ""rgb"": [179, 179, 179]}, {""label"": ""저장"", ""x0"": 655, ""y0"": 102, ""x1"": 805, ""y1"": 156, ""rgb"": [179, 179, 179]}, {""label"": ""홈"", ""x0"": 394, ""y0"": 23, ""x1"": 544, ""y1"": 77, ""rgb"": [179, 179, 179]}, {""label"": ""도움말"", ""x0"": 196, ""y0"": 281, ""x1"": 346, ""y1"": 335, ""rgb"": [67, 191, 244]}, {""label"": ""삭제"", ""x0"": 65, ""y0"": 30, ""x1"": 215, ""y1"": 84, ""rgb"": [179, 179, 179]}]"
d5_L18_login_D65_N.png,18,0,D65,decoy,65,로그인,삭제,243,470,405,395,378,545,432,d3_L18_gray_N.png,"[{""label"": ""로그인"", ""x0"": 395, ""y0"": 378, ""x1"": 545, ""y1"": 432, ""rgb"": [179, 179, 179]}, {""label"": ""취소"", ""x0"": 276, ""y0"": 277, ""x1"": 426, ""y1"": 331, ""rgb"": [179, 179, 179]}, {""label"": ""설정"", ""x0"": 541, ""y0"": 526, ""x1"": 691, ""y1"": 580, ""rgb"": [179, 179, 179]}, {""label"": ""검색"", ""x0"": 262, ""y0"": 483, ""x1"": 412, ""y1"": 537, ""rgb"": [179, 179, 179]}, {""label"": ""저장"", ""x0"": 32, ""y0"": 470, ""x1"": 182, ""y1"": 524, ""rgb"": [179, 179, 179]}, {""label"": ""홈"", ""x0"": 601, ""y0"": 119, ""x1"": 751, ""y1"": 173, ""rgb"": [179, 179, 179]}, {""label"": ""도움말"", ""x0"": 155, ""y0"": 376, ""x1"": 305, ""y1"": 430, ""rgb"": [179, 179, 179]}, {""label"": ""삭제"", ""x0"": 594, ""y0"": 369, ""x1"": 744, ""y1"": 423, ""rgb"": [228, 166, 113]}]"
d5_L18_login_D245_N.png,18,0,D245,decoy,245,로그인,삭제,210,470,405,395,378,545,432,d3_L18_gray_N.png,"[{""label"": ""로그인"", ""x0"": 395, ""y0"": 378, ""x1"": 545, ""y1"": 432, ""rgb"": [179, 179, 179]}, {""label"": ""취소"", ""x0"": 276, ""y0"": 277, ""x1"": 426, ""y1"": 331, ""rgb"": [179, 179, 179]}, {""label"": ""설정"", ""x0"": 541, ""y0"": 526, ""x1"": 691, ""y1"": 580, ""rgb"": [179, 179, 179]}, {""label"": ""검색"", ""x0"": 262, ""y0"": 483, ""x1"": 412, ""y1"": 537, ""rgb"": [179, 179, 179]}, {""label"": ""저장"", ""x0"": 32, ""y0"": 470, ""x1"": 182, ""y1"": 524, ""rgb"": [179, 179, 179]}, {""label"": ""홈"", ""x0"": 601, ""y0"": 119, ""x1"": 751, ""y1"": 173, ""rgb"": [179, 179, 179]}, {""label"": ""도움말"", ""x0"": 155, ""y0"": 376, ""x1"": 305, ""y1"": 430, ""rgb"": [179, 179, 179]}, {""label"": ""삭제"", ""x0"": 594, ""y0"": 369, ""x1"": 744, ""y1"": 423, ""rgb"": [67, 191, 244]}]"
d5_L18_login_D65_M.png,18,1,D65,decoy,65,로그인,삭제,327,410,405,335,378,485,432,d3_L18_gray_M.png,"[{""label"": ""로그인"", ""x0"": 335, ""y0"": 378, ""x1"": 485, ""y1"": 432, ""rgb"": [179, 179, 179]}, {""label"": ""취소"", ""x0"": 454, ""y0"": 277, ""x1"": 604, ""y1"": 331, ""rgb"": [179, 179, 179]}, {""label"": ""설정"", ""x0"": 189, ""y0"": 526, ""x1"": 339, ""y1"": 580, ""rgb"": [179, 179, 179]}, {""label"": ""검색"", ""x0"": 468, ""y0"": 483, ""x1"": 618, ""y1"": 537, ""rgb"": [179, 179, 179]}, {""label"": ""저장"", ""x0"": 698, ""y0"": 470, ""x1"": 848, ""y1"": 524, ""rgb"": [179, 179, 179]}, {""label"": ""홈"", ""x0"": 129, ""y0"": 119, ""x1"": 279, ""y1"": 173, ""rgb"": [179, 179, 179]}, {""label"": ""도움말"", ""x0"": 575, ""y0"": 376, ""x1"": 725, ""y1"": 430, ""rgb"": [179, 179, 179]}, {""label"": ""삭제"", ""x0"": 136, ""y0"": 369, ""x1"": 286, ""y1"": 423, ""rgb"": [228, 166, 113]}]"
d5_L18_login_D245_M.png,18,1,D245,decoy,245,로그인,삭제,251,410,405,335,378,485,432,d3_L18_gray_M.png,"[{""label"": ""로그인"", ""x0"": 335, ""y0"": 378, ""x1"": 485, ""y1"": 432, ""rgb"": [179, 179, 179]}, {""label"": ""취소"", ""x0"": 454, ""y0"": 277, ""x1"": 604, ""y1"": 331, ""rgb"": [179, 179, 179]}, {""label"": ""설정"", ""x0"": 189, ""y0"": 526, ""x1"": 339, ""y1"": 580, ""rgb"": [179, 179, 179]}, {""label"": ""검색"", ""x0"": 468, ""y0"": 483, ""x1"": 618, ""y1"": 537, ""rgb"": [179, 179, 179]}, {""label"": ""저장"", ""x0"": 698, ""y0"": 470, ""x1"": 848, ""y1"": 524, ""rgb"": [179, 179, 179]}, {""label"": ""홈"", ""x0"": 129, ""y0"": 119, ""x1"": 279, ""y1"": 173, ""rgb"": [179, 179, 179]}, {""label"": ""도움말"", ""x0"": 575, ""y0"": 376, ""x1"": 725, ""y1"": 430, ""rgb"": [179, 179, 179]}, {""label"": ""삭제"", ""x0"": 136, ""y0"": 369, ""x1"": 286, ""y1"": 423, ""rgb"": [67, 191, 244]}]"
d5_L18_home_T65_N.png,18,0,T65,target,65,홈,취소,130,676,146,601,119,751,173,d3_L18_gray_N.png,"[{""label"": ""로그인"", ""x0"": 395, ""y0"": 378, ""x1"": 545, ""y1"": 432, ""rgb"": [179, 179, 179]}, {""label"": ""취소"", ""x0"": 276, ""y0"": 277, ""x1"": 426, ""y1"": 331, ""rgb"": [179, 179, 179]}, {""label"": ""설정"", ""x0"": 541, ""y0"": 526, ""x1"": 691, ""y1"": 580, ""rgb"": [179, 179, 179]}, {""label"": ""검색"", ""x0"": 262, ""y0"": 483, ""x1"": 412, ""y1"": 537, ""rgb"": [179, 179, 179]}, {""label"": ""저장"", ""x0"": 32, ""y0"": 470, ""x1"": 182, ""y1"": 524, ""rgb"": [179, 179, 179]}, {""label"": ""홈"", ""x0"": 601, ""y0"": 119, ""x1"": 751, ""y1"": 173, ""rgb"": [228, 166, 113]}, {""label"": ""도움말"", ""x0"": 155, ""y0"": 376, ""x1"": 305, ""y1"": 430, ""rgb"": [179, 179, 179]}, {""label"": ""삭제"", ""x0"": 594, ""y0"": 369, ""x1"": 744, ""y1"": 423, ""rgb"": [179, 179, 179]}]"
d5_L18_home_D65_N.png,18,0,D65,decoy,65,홈,취소,104,676,146,601,119,751,173,d3_L18_gray_N.png,"[{""label"": ""로그인"", ""x0"": 395, ""y0"": 378, ""x1"": 545, ""y1"": 432, ""rgb"": [179, 179, 179]}, {""label"": ""취소"", ""x0"": 276, ""y0"": 277, ""x1"": 426, ""y1"": 331, ""rgb"": [228, 166, 113]}, {""label"": ""설정"", ""x0"": 541, ""y0"": 526, ""x1"": 691, ""y1"": 580, ""rgb"": [179, 179, 179]}, {""label"": ""검색"", ""x0"": 262, ""y0"": 483, ""x1"": 412, ""y1"": 537, ""rgb"": [179, 179, 179]}, {""label"": ""저장"", ""x0"": 32, ""y0"": 470, ""x1"": 182, ""y1"": 524, ""rgb"": [179, 179, 179]}, {""label"": ""홈"", ""x0"": 601, ""y0"": 119, ""x1"": 751, ""y1"": 173, ""rgb"": [179, 179, 179]}, {""label"": ""도움말"", ""x0"": 155, ""y0"": 376, ""x1"": 305, ""y1"": 430, ""rgb"": [179, 179, 179]}, {""label"": ""삭제"", ""x0"": 594, ""y0"": 369, ""x1"": 744, ""y1"": 423, ""rgb"": [179, 179, 179]}]"
d5_L18_home_T245_N.png,18,0,T245,target,245,홈,취소,308,676,146,601,119,751,173,d3_L18_gray_N.png,"[{""label"": ""로그인"", ""x0"": 395, ""y0"": 378, ""x1"": 545, ""y1"": 432, ""rgb"": [179, 179, 179]}, {""label"": ""취소"", ""x0"": 276, ""y0"": 277, ""x1"": 426, ""y1"": 331, ""rgb"": [179, 179, 179]}, {""label"": ""설정"", ""x0"": 541, ""y0"": 526, ""x1"": 691, ""y1"": 580, ""rgb"": [179, 179, 179]}, {""label"": ""검색"", ""x0"": 262, ""y0"": 483, ""x1"": 412, ""y1"": 537, ""rgb"": [179, 179, 179]}, {""label"": ""저장"", ""x0"": 32, ""y0"": 470, ""x1"": 182, ""y1"": 524, ""rgb"": [179, 179, 179]}, {""label"": ""홈"", ""x0"": 601, ""y0"": 119, ""x1"": 751, ""y1"": 173, ""rgb"": [67, 191, 244]}, {""label"": ""도움말"", ""x0"": 155, ""y0"": 376, ""x1"": 305, ""y1"": 430, ""rgb"": [179, 179, 179]}, {""label"": ""삭제"", ""x0"": 594, ""y0"": 369, ""x1"": 744, ""y1"": 423, ""rgb"": [179, 179, 179]}]"
d5_L18_home_D245_N.png,18,0,D245,decoy,245,홈,취소,333,676,146,601,119,751,173,d3_L18_gray_N.png,"[{""label"": ""로그인"", ""x0"": 395, ""y0"": 378, ""x1"": 545, ""y1"": 432, ""rgb"": [179, 179, 179]}, {""label"": ""취소"", ""x0"": 276, ""y0"": 277, ""x1"": 426, ""y1"": 331, ""rgb"": [67, 191, 244]}, {""label"": ""설정"", ""x0"": 541, ""y0"": 526, ""x1"": 691, ""y1"": 580, ""rgb"": [179, 179, 179]}, {""label"": ""검색"", ""x0"": 262, ""y0"": 483, ""x1"": 412, ""y1"": 537, ""rgb"": [179, 179, 179]}, {""label"": ""저장"", ""x0"": 32, ""y0"": 470, ""x1"": 182, ""y1"": 524, ""rgb"": [179, 179, 179]}, {""label"": ""홈"", ""x0"": 601, ""y0"": 119, ""x1"": 751, ""y1"": 173, ""rgb"": [179, 179, 179]}, {""label"": ""도움말"", ""x0"": 155, ""y0"": 376, ""x1"": 305, ""y1"": 430, ""rgb"": [179, 179, 179]}, {""label"": ""삭제"", ""x0"": 594, ""y0"": 369, ""x1"": 744, ""y1"": 423, ""rgb"": [179, 179, 179]}]"
d5_L18_home_T65_M.png,18,1,T65,target,65,홈,취소,55,204,146,129,119,279,173,d3_L18_gray_M.png,"[{""label"": ""로그인"", ""x0"": 335, ""y0"": 378, ""x1"": 485, ""y1"": 432, ""rgb"": [179, 179, 179]}, {""label"": ""취소"", ""x0"": 454, ""y0"": 277, ""x1"": 604, ""y1"": 331, ""rgb"": [179, 179, 179]}, {""label"": ""설정"", ""x0"": 189, ""y0"": 526, ""x1"": 339, ""y1"": 580, ""rgb"": [179, 179, 179]}, {""label"": ""검색"", ""x0"": 468, ""y0"": 483, ""x1"": 618, ""y1"": 537, ""rgb"": [179, 179, 179]}, {""label"": ""저장"", ""x0"": 698, ""y0"": 470, ""x1"": 848, ""y1"": 524, ""rgb"": [179, 179, 179]}, {""label"": ""홈"", ""x0"": 129, ""y0"": 119, ""x1"": 279, ""y1"": 173, ""rgb"": [228, 166, 113]}, {""label"": ""도움말"", ""x0"": 575, ""y0"": 376, ""x1"": 725, ""y1"": 430, ""rgb"": [179, 179, 179]}, {""label"": ""삭제"", ""x0"": 136, ""y0"": 369, ""x1"": 286, ""y1"": 423, ""rgb"": [179, 179, 179]}]"
d5_L18_home_D65_M.png,18,1,D65,decoy,65,홈,취소,63,204,146,129,119,279,173,d3_L18_gray_M.png,"[{""label"": ""로그인"", ""x0"": 335, ""y0"": 378, ""x1"": 485, ""y1"": 432, ""rgb"": [179, 179, 179]}, {""label"": ""취소"", ""x0"": 454, ""y0"": 277, ""x1"": 604, ""y1"": 331, ""rgb"": [228, 166, 113]}, {""label"": ""설정"", ""x0"": 189, ""y0"": 526, ""x1"": 339, ""y1"": 580, ""rgb"": [179, 179, 179]}, {""label"": ""검색"", ""x0"": 468, ""y0"": 483, ""x1"": 618, ""y1"": 537, ""rgb"": [179, 179, 179]}, {""label"": ""저장"", ""x0"": 698, ""y0"": 470, ""x1"": 848, ""y1"": 524, ""rgb"": [179, 179, 179]}, {""label"": ""홈"", ""x0"": 129, ""y0"": 119, ""x1"": 279, ""y1"": 173, ""rgb"": [179, 179, 179]}, {""label"": ""도움말"", ""x0"": 575, ""y0"": 376, ""x1"": 725, ""y1"": 430, ""rgb"": [179, 179, 179]}, {""label"": ""삭제"", ""x0"": 136, ""y0"": 369, ""x1"": 286, ""y1"": 423, ""rgb"": [179, 179, 179]}]"
d5_L18_home_T245_M.png,18,1,T245,target,245,홈,취소,160,204,146,129,119,279,173,d3_L18_gray_M.png,"[{""label"": ""로그인"", ""x0"": 335, ""y0"": 378, ""x1"": 485, ""y1"": 432, ""rgb"": [179, 179, 179]}, {""label"": ""취소"", ""x0"": 454, ""y0"": 277, ""x1"": 604, ""y1"": 331, ""rgb"": [179, 179, 179]}, {""label"": ""설정"", ""x0"": 189, ""y0"": 526, ""x1"": 339, ""y1"": 580, ""rgb"": [179, 179, 179]}, {""label"": ""검색"", ""x0"": 468, ""y0"": 483, ""x1"": 618, ""y1"": 537, ""rgb"": [179, 179, 179]}, {""label"": ""저장"", ""x0"": 698, ""y0"": 470, ""x1"": 848, ""y1"": 524, ""rgb"": [179, 179, 179]}, {""label"": ""홈"", ""x0"": 129, ""y0"": 119, ""x1"": 279, ""y1"": 173, ""rgb"": [67, 191, 244]}, {""label"": ""도움말"", ""x0"": 575, ""y0"": 376, ""x1"": 725, ""y1"": 430, ""rgb"": [179, 179, 179]}, {""label"": ""삭제"", ""x0"": 136, ""y0"": 369, ""x1"": 286, ""y1"": 423, ""rgb"": [179, 179, 179]}]"
d5_L18_home_D245_M.png,18,1,D245,decoy,245,홈,취소,334,204,146,129,119,279,173,d3_L18_gray_M.png,"[{""label"": ""로그인"", ""x0"": 335, ""y0"": 378, ""x1"": 485, ""y1"": 432, ""rgb"": [179, 179, 179]}, {""label"": ""취소"", ""x0"": 454, ""y0"": 277, ""x1"": 604, ""y1"": 331, ""rgb"": [67, 191, 244]}, {""label"": ""설정"", ""x0"": 189, ""y0"": 526, ""x1"": 339, ""y1"": 580, ""rgb"": [179, 179, 179]}, {""label"": ""검색"", ""x0"": 468, ""y0"": 483, ""x1"": 618, ""y1"": 537, ""rgb"": [179, 179, 179]}, {""label"": ""저장"", ""x0"": 698, ""y0"": 470, ""x1"": 848, ""y1"": 524, ""rgb"": [179, 179, 179]}, {""label"": ""홈"", ""x0"": 129, ""y0"": 119, ""x1"": 279, ""y1"": 173, ""rgb"": [179, 179, 179]}, {""label"": ""도움말"", ""x0"": 575, ""y0"": 376, ""x1"": 725, ""y1"": 430, ""rgb"": [179, 179, 179]}, {""label"": ""삭제"", ""x0"": 136, ""y0"": 369, ""x1"": 286, ""y1"": 423, ""rgb"": [179, 179, 179]}]"
d5_L18_settings_T65_N.png,18,0,T65,target,65,설정,검색,85,616,553,541,526,691,580,d3_L18_gray_N.png,"[{""label"": ""로그인"", ""x0"": 395, ""y0"": 378, ""x1"": 545, ""y1"": 432, ""rgb"": [179, 179, 179]}, {""label"": ""취소"", ""x0"": 276, ""y0"": 277, ""x1"": 426, ""y1"": 331, ""rgb"": [179, 179, 179]}, {""label"": ""설정"", ""x0"": 541, ""y0"": 526, ""x1"": 691, ""y1"": 580, ""rgb"": [228, 166, 113]}, {""label"": ""검색"", ""x0"": 262, ""y0"": 483, ""x1"": 412, ""y1"": 537, ""rgb"": [179, 179, 179]}, {""label"": ""저장"", ""x0"": 32, ""y0"": 470, ""x1"": 182, ""y1"": 524, ""rgb"": [179, 179, 179]}, {""label"": ""홈"", ""x0"": 601, ""y0"": 119, ""x1"": 751, ""y1"": 173, ""rgb"": [179, 179, 179]}, {""label"": ""도움말"", ""x0"": 155, ""y0"": 376, ""x1"": 305, ""y1"": 430, ""rgb"": [179, 179, 179]}, {""label"": ""삭제"", ""x0"": 594, ""y0"": 369, ""x1"": 744, ""y1"": 423, ""rgb"": [179, 179, 179]}]"
d5_L18_settings_D65_N.png,18,0,D65,decoy,65,설정,검색,157,616,553,541,526,691,580,d3_L18_gray_N.png,"[{""label"": ""로그인"", ""x0"": 395, ""y0"": 378, ""x1"": 545, ""y1"": 432, ""rgb"": [179, 179, 179]}, {""label"": ""취소"", ""x0"": 276, ""y0"": 277, ""x1"": 426, ""y1"": 331, ""rgb"": [179, 179, 179]}, {""label"": ""설정"", ""x0"": 541, ""y0"": 526, ""x1"": 691, ""y1"": 580, ""rgb"": [179, 179, 179]}, {""label"": ""검색"", ""x0"": 262, ""y0"": 483, ""x1"": 412, ""y1"": 537, ""rgb"": [228, 166, 113]}, {""label"": ""저장"", ""x0"": 32, ""y0"": 470, ""x1"": 182, ""y1"": 524, ""rgb"": [179, 179, 179]}, {""label"": ""홈"", ""x0"": 601, ""y0"": 119, ""x1"": 751, ""y1"": 173, ""rgb"": [179, 179, 179]}, {""label"": ""도움말"", ""x0"": 155, ""y0"": 376, ""x1"": 305, ""y1"": 430, ""rgb"": [179, 179, 179]}, {""label"": ""삭제"", ""x0"": 594, ""y0"": 369, ""x1"": 744, ""y1"": 423, ""rgb"": [179, 179, 179]}]"
d5_L18_settings_T245_N.png,18,0,T245,target,245,설정,검색,386,616,553,541,526,691,580,d3_L18_gray_N.png,"[{""label"": ""로그인"", ""x0"": 395, ""y0"": 378, ""x1"": 545, ""y1"": 432, ""rgb"": [179, 179, 179]}, {""label"": ""취소"", ""x0"": 276, ""y0"": 277, ""x1"": 426, ""y1"": 331, ""rgb"": [179, 179, 179]}, {""label"": ""설정"", ""x0"": 541, ""y0"": 526, ""x1"": 691, ""y1"": 580, ""rgb"": [67, 191, 244]}, {""label"": ""검색"", ""x0"": 262, ""y0"": 483, ""x1"": 412, ""y1"": 537, ""rgb"": [179, 179, 179]}, {""label"": ""저장"", ""x0"": 32, ""y0"": 470, ""x1"": 182, ""y1"": 524, ""rgb"": [179, 179, 179]}, {""label"": ""홈"", ""x0"": 601, ""y0"": 119, ""x1"": 751, ""y1"": 173, ""rgb"": [179, 179, 179]}, {""label"": ""도움말"", ""x0"": 155, ""y0"": 376, ""x1"": 305, ""y1"": 430, ""rgb"": [179, 179, 179]}, {""label"": ""삭제"", ""x0"": 594, ""y0"": 369, ""x1"": 744, ""y1"": 423, ""rgb"": [179, 179, 179]}]"
d5_L18_settings_D245_N.png,18,0,D245,decoy,245,설정,검색,278,616,553,541,526,691,580,d3_L18_gray_N.png,"[{""label"": ""로그인"", ""x0"": 395, ""y0"": 378, ""x1"": 545, ""y1"": 432, ""rgb"": [179, 179, 179]}, {""label"": ""취소"", ""x0"": 276, ""y0"": 277, ""x1"": 426, ""y1"": 331, ""rgb"": [179, 179, 179]}, {""label"": ""설정"", ""x0"": 541, ""y0"": 526, ""x1"": 691, ""y1"": 580, ""rgb"": [179, 179, 179]}, {""label"": ""검색"", ""x0"": 262, ""y0"": 483, ""x1"": 412, ""y1"": 537, ""rgb"": [67, 191, 244]}, {""label"": ""저장"", ""x0"": 32, ""y0"": 470, ""x1"": 182, ""y1"": 524, ""rgb"": [179, 179, 179]}, {""label"": ""홈"", ""x0"": 601, ""y0"": 119, ""x1"": 751, ""y1"": 173, ""rgb"": [179, 179, 179]}, {""label"": ""도움말"", ""x0"": 155, ""y0"": 376, ""x1"": 305, ""y1"": 430, ""rgb"": [179, 179, 179]}, {""label"": ""삭제"", ""x0"": 594, ""y0"": 369, ""x1"": 744, ""y1"": 423, ""rgb"": [179, 179, 179]}]"
d5_L18_settings_T65_M.png,18,1,T65,target,65,설정,검색,354,264,553,189,526,339,580,d3_L18_gray_M.png,"[{""label"": ""로그인"", ""x0"": 335, ""y0"": 378, ""x1"": 485, ""y1"": 432, ""rgb"": [179, 179, 179]}, {""label"": ""취소"", ""x0"": 454, ""y0"": 277, ""x1"": 604, ""y1"": 331, ""rgb"": [179, 179, 179]}, {""label"": ""설정"", ""x0"": 189, ""y0"": 526, ""x1"": 339, ""y1"": 580, ""rgb"": [228, 166, 113]}, {""label"": ""검색"", ""x0"": 468, ""y0"": 483, ""x1"": 618, ""y1"": 537, ""rgb"": [179, 179, 179]}, {""label"": ""저장"", ""x0"": 698, ""y0"": 470, ""x1"": 848, ""y1"": 524, ""rgb"": [179, 179, 179]}, {""label"": ""홈"", ""x0"": 129, ""y0"": 119, ""x1"": 279, ""y1"": 173, ""rgb"": [179, 179, 179]}, {""label"": ""도움말"", ""x0"": 575, ""y0"": 376, ""x1"": 725, ""y1"": 430, ""rgb"": [179, 179, 179]}, {""label"": ""삭제"", ""x0"": 136, ""y0"": 369, ""x1"": 286, ""y1"": 423, ""rgb"": [179, 179, 179]}]"
d5_L18_settings_D65_M.png,18,1,D65,decoy,65,설정,검색,22,264,553,189,526,339,580,d3_L18_gray_M.png,"[{""label"": ""로그인"", ""x0"": 335, ""y0"": 378, ""x1"": 485, ""y1"": 432, ""rgb"": [179, 179, 179]}, {""label"": ""취소"", ""x0"": 454, ""y0"": 277, ""x1"": 604, ""y1"": 331, ""rgb"": [179, 179, 179]}, {""label"": ""설정"", ""x0"": 189, ""y0"": 526, ""x1"": 339, ""y1"": 580, ""rgb"": [179, 179, 179]}, {""label"": ""검색"", ""x0"": 468, ""y0"": 483, ""x1"": 618, ""y1"": 537, ""rgb"": [228, 166, 113]}, {""label"": ""저장"", ""x0"": 698, ""y0"": 470, ""x1"": 848, ""y1"": 524, ""rgb"": [179, 179, 179]}, {""label"": ""홈"", ""x0"": 129, ""y0"": 119, ""x1"": 279, ""y1"": 173, ""rgb"": [179, 179, 179]}, {""label"": ""도움말"", ""x0"": 575, ""y0"": 376, ""x1"": 725, ""y1"": 430, ""rgb"": [179, 179, 179]}, {""label"": ""삭제"", ""x0"": 136, ""y0"": 369, ""x1"": 286, ""y1"": 423, ""rgb"": [179, 179, 179]}]"
d5_L18_settings_T245_M.png,18,1,T245,target,245,설정,검색,151,264,553,189,526,339,580,d3_L18_gray_M.png,"[{""label"": ""로그인"", ""x0"": 335, ""y0"": 378, ""x1"": 485, ""y1"": 432, ""rgb"": [179, 179, 179]}, {""label"": ""취소"", ""x0"": 454, ""y0"": 277, ""x1"": 604, ""y1"": 331, ""rgb"": [179, 179, 179]}, {""label"": ""설정"", ""x0"": 189, ""y0"": 526, ""x1"": 339, ""y1"": 580, ""rgb"": [67, 191, 244]}, {""label"": ""검색"", ""x0"": 468, ""y0"": 483, ""x1"": 618, ""y1"": 537, ""rgb"": [179, 179, 179]}, {""label"": ""저장"", ""x0"": 698, ""y0"": 470, ""x1"": 848, ""y1"": 524, ""rgb"": [179, 179, 179]}, {""label"": ""홈"", ""x0"": 129, ""y0"": 119, ""x1"": 279, ""y1"": 173, ""rgb"": [179, 179, 179]}, {""label"": ""도움말"", ""x0"": 575, ""y0"": 376, ""x1"": 725, ""y1"": 430, ""rgb"": [179, 179, 179]}, {""label"": ""삭제"", ""x0"": 136, ""y0"": 369, ""x1"": 286, ""y1"": 423, ""rgb"": [179, 179, 179]}]"
d5_L18_settings_D245_M.png,18,1,D245,decoy,245,설정,검색,99,264,553,189,526,339,580,d3_L18_gray_M.png,"[{""label"": ""로그인"", ""x0"": 335, ""y0"": 378, ""x1"": 485, ""y1"": 432, ""rgb"": [179, 179, 179]}, {""label"": ""취소"", ""x0"": 454, ""y0"": 277, ""x1"": 604, ""y1"": 331, ""rgb"": [179, 179, 179]}, {""label"": ""설정"", ""x0"": 189, ""y0"": 526, ""x1"": 339, ""y1"": 580, ""rgb"": [179, 179, 179]}, {""label"": ""검색"", ""x0"": 468, ""y0"": 483, ""x1"": 618, ""y1"": 537, ""rgb"": [67, 191, 244]}, {""label"": ""저장"", ""x0"": 698, ""y0"": 470, ""x1"": 848, ""y1"": 524, ""rgb"": [179, 179, 179]}, {""label"": ""홈"", ""x0"": 129, ""y0"": 119, ""x1"": 279, ""y1"": 173, ""rgb"": [179, 179, 179]}, {""label"": ""도움말"", ""x0"": 575, ""y0"": 376, ""x1"": 725, ""y1"": 430, ""rgb"": [179, 179, 179]}, {""label"": ""삭제"", ""x0"": 136, ""y0"": 369, ""x1"": 286, ""y1"": 423, ""rgb"": [179, 179, 179]}]"
d5_L19_login_D65_N.png,19,0,D65,decoy,65,로그인,설정,242,707,494,632,467,782,521,d3_L19_gray_N.png,"[{""label"": ""로그인"", ""x0"": 632, ""y0"": 467, ""x1"": 782, ""y1"": 521, ""rgb"": [179, 179, 179]}, {""label"": ""취소"", ""x0"": 43, ""y0"": 353, ""x1"": 193, ""y1"": 407, ""rgb"": [179, 179, 179]}, {""label"": ""설정"", ""x0"": 257, ""y0"": 147, ""x1"": 407, ""y1"": 201, ""rgb"": [228, 166, 113]}, {""label"": ""검색"", ""x0"": 317, ""y0"": 243, ""x1"": 467, ""y1"": 297, ""rgb"": [179, 179, 179]}, {""label"": ""저장"", ""x0"": 634, ""y0"": 74, ""x1"": 784, ""y1"": 128, ""rgb"": [179, 179, 179]}, {""label"": ""홈"", ""x0"": 681, ""y0"": 232, ""x1"": 831, ""y1"": 286, ""rgb"": [179, 179, 179]}, {""label"": ""도움말"", ""x0"": 34, ""y0"": 463, ""x1"": 184, ""y1"": 517, ""rgb"": [179, 179, 179]}, {""label"": ""삭제"", ""x0"": 494, ""y0"": 324, ""x1"": 644, ""y1"": 378, ""rgb"": [179, 179, 179]}]"
d5_L19_login_D245_N.png,19,0,D245,decoy,245,로그인,설정,43,707,494,632,467,782,521,d3_L19_gray_N.png,"[{""label"": ""로그인"", ""x0"": 632, ""y0"": 467, ""x1"": 782, ""y1"": 521, ""rgb"": [179, 179, 179]}, {""label"": ""취소"", ""x0"": 43, ""y0"": 353, ""x1"": 193, ""y1"": 407, ""rgb"": [179, 179, 179]}, {""label"": ""설정"", ""x0"": 257, ""y0"": 147, ""x1"": 407, ""y1"": 201, ""rgb"": [67, 191, 244]}, {""label"": ""검색"", ""x0"": 317, ""y0"": 243, ""x1"": 467, ""y1"": 297, ""rgb"": [179, 179, 179]}, {""label"": ""저장"", ""x0"": 634, ""y0"": 74, ""x1"": 784, ""y1"": 128, ""rgb"": [179, 179, 179]}, {""label"": ""홈"", ""x0"": 681, ""y0"": 232, ""x1"": 831, ""y1"": 286, ""rgb"": [179, 179, 179]}, {""label"": ""도움말"", ""x0"": 34, ""y0"": 463, ""x1"": 184, ""y1"": 517, ""rgb"": [179, 179, 179]}, {""label"": ""삭제"", ""x0"": 494, ""y0"": 324, ""x1"": 644, ""y1"": 378, ""rgb"": [179, 179, 179]}]"
d5_L19_login_D65_M.png,19,1,D65,decoy,65,로그인,설정,115,173,494,98,467,248,521,d3_L19_gray_M.png,"[{""label"": ""로그인"", ""x0"": 98, ""y0"": 467, ""x1"": 248, ""y1"": 521, ""rgb"": [179, 179, 179]}, {""label"": ""취소"", ""x0"": 687, ""y0"": 353, ""x1"": 837, ""y1"": 407, ""rgb"": [179, 179, 179]}, {""label"": ""설정"", ""x0"": 473, ""y0"": 147, ""x1"": 623, ""y1"": 201, ""rgb"": [228, 166, 113]}, {""label"": ""검색"", ""x0"": 413, ""y0"": 243, ""x1"": 563, ""y1"": 297, ""rgb"": [179, 179, 179]}, {""label"": ""저장"", ""x0"": 96, ""y0"": 74, ""x1"": 246, ""y1"": 128, ""rgb"": [179, 179, 179]}, {""label"": ""홈"", ""x0"": 49, ""y0"": 232, ""x1"": 199, ""y1"": 286, ""rgb"": [179, 179, 179]}, {""label"": ""도움말"", ""x0"": 696, ""y0"": 463, ""x1"": 846, ""y1"": 517, ""rgb"": [179, 179, 179]}, {""label"": ""삭제"", ""x0"": 236, ""y0"": 324, ""x1"": 386, ""y1"": 378, ""rgb"": [179, 179, 179]}]"
d5_L19_login_D245_M.png,19,1,D245,decoy,245,로그인,설정,80,173,494,98,467,248,521,d3_L19_gray_M.png,"[{""label"": ""로그인"", ""x0"": 98, ""y0"": 467, ""x1"": 248, ""y1"": 521, ""rgb"": [179, 179, 179]}, {""label"": ""취소"", ""x0"": 687, ""y0"": 353, ""x1"": 837, ""y1"": 407, ""rgb"": [179, 179, 179]}, {""label"": ""설정"", ""x0"": 473, ""y0"": 147, ""x1"": 623, ""y1"": 201, ""rgb"": [67, 191, 244]}, {""label"": ""검색"", ""x0"": 413, ""y0"": 243, ""x1"": 563, ""y1"": 297, ""rgb"": [179, 179, 179]}, {""label"": ""저장"", ""x0"": 96, ""y0"": 74, ""x1"": 246, ""y1"": 128, ""rgb"": [179, 179, 179]}, {""label"": ""홈"", ""x0"": 49, ""y0"": 232, ""x1"": 199, ""y1"": 286, ""rgb"": [179, 179, 179]}, {""label"": ""도움말"", ""x0"": 696, ""y0"": 463, ""x1"": 846, ""y1"": 517, ""rgb"": [179, 179, 179]}, {""label"": ""삭제"", ""x0"": 236, ""y0"": 324, ""x1"": 386, ""y1"": 378, ""rgb"": [179, 179, 179]}]"
d5_L19_home_T65_N.png,19,0,T65,target,65,홈,저장,384,756,259,681,232,831,286,d3_L19_gray_N.png,"[{""label"": ""로그인"", ""x0"": 632, ""y0"": 467, ""x1"": 782, ""y1"": 521, ""rgb"": [179, 179, 179]}, {""label"": ""취소"", ""x0"": 43, ""y0"": 353, ""x1"": 193, ""y1"": 407, ""rgb"": [179, 179, 179]}, {""label"": ""설정"", ""x0"": 257, ""y0"": 147, ""x1"": 407, ""y1"": 201, ""rgb"": [179, 179, 179]}, {""label"": ""검색"", ""x0"": 317, ""y0"": 243, ""x1"": 467, ""y1"": 297, ""rgb"": [179, 179, 179]}, {""label"": ""저장"", ""x0"": 634, ""y0"": 74, ""x1"": 784, ""y1"": 128, ""rgb"": [179, 179, 179]}, {""label"": ""홈"", ""x0"": 681, ""y0"": 232, ""x1"": 831, ""y1"": 286, ""rgb"": [228, 166, 113]}, {""label"": ""도움말"", ""x0"": 34, ""y0"": 463, ""x1"": 184, ""y1"": 517, ""rgb"": [179, 179, 179]}, {""label"": ""삭제"", ""x0"": 494, ""y0"": 324, ""x1"": 644, ""y1"": 378, ""rgb"": [179, 179, 179]}]"
d5_L19_home_D65_N.png,19,0,D65,decoy,65,홈,저장,371,756,259,681,232,831,286,d3_L19_gray_N.png,"[{""label"": ""로그인"", ""x0"": 632, ""y0"": 467, ""x1"": 782, ""y1"": 521, ""rgb"": [179, 179, 179]}, {""label"": ""취소"", ""x0"": 43, ""y0"": 353, ""x1"": 193, ""y1"": 407, ""rgb"": [179, 179, 179]}, {""label"": ""설정"", ""x0"": 257, ""y0"": 147, ""x1"": 407, ""y1"": 201, ""rgb"": [179, 179, 179]}, {""label"": ""검색"", ""x0"": 317, ""y0"": 243, ""x1"": 467, ""y1"": 297, ""rgb"": [179, 179, 179]}, {""label"": ""저장"", ""x0"": 634, ""y0"": 74, ""x1"": 784, ""y1"": 128, ""rgb"": [228, 166, 113]}, {""label"": ""홈"", ""x0"": 681, ""y0"": 232, ""x1"": 831, ""y1"": 286, ""rgb"": [179, 179, 179]}, {""label"": ""도움말"", ""x0"": 34, ""y0"": 463, ""x1"": 184, ""y1"": 517, ""rgb"": [179, 179, 179]}, {""label"": ""삭제"", ""x0"": 494, ""y0"": 324, ""x1"": 644, ""y1"": 378, ""rgb"": [179, 179, 179]}]"
d5_L19_home_T245_N.png,19,0,T245,target,245,홈,저장,262,756,259,681,232,831,286,d3_L19_gray_N.png,"[{""label"": ""로그인"", ""x0"": 632, ""y0"": 467, ""x1"": 782, ""y1"": 521, ""rgb"": [179, 179, 179]}, {""label"": ""취소"", ""x0"": 43, ""y0"": 353, ""x1"": 193, ""y1"": 407, ""rgb"": [179, 179, 179]}, {""label"": ""설정"", ""x0"": 257, ""y0"": 147, ""x1"": 407, ""y1"": 201, ""rgb"": [179, 179, 179]}, {""label"": ""검색"", ""x0"": 317, ""y0"": 243, ""x1"": 467, ""y1"": 297, ""rgb"": [179, 179, 179]}, {""label"": ""저장"", ""x0"": 634, ""y0"": 74, ""x1"": 784, ""y1"": 128, ""rgb"": [179, 179, 179]}, {""label"": ""홈"", ""x0"": 681, ""y0"": 232, ""x1"": 831, ""y1"": 286, ""rgb"": [67, 191, 244]}, {""label"": ""도움말"", ""x0"": 34, ""y0"": 463, ""x1"": 184, ""y1"": 517, ""rgb"": [179, 179, 179]}, {""label"": ""삭제"", ""x0"": 494, ""y0"": 324, ""x1"": 644, ""y1"": 378, ""rgb"": [179, 179, 179]}]"
d5_L19_home_D245_N.png,19,0,D245,decoy,245,홈,저장,304,756,259,681,232,831,286,d3_L19_gray_N.png,"[{""label"": ""로그인"", ""x0"": 632, ""y0"": 467, ""x1"": 782, ""y1"": 521, ""rgb"": [179, 179, 179]}, {""label"": ""취소"", ""x0"": 43, ""y0"": 353, ""x1"": 193, ""y1"": 407, ""rgb"": [179, 179, 179]}, {""label"": ""설정"", ""x0"": 257, ""y0"": 147, ""x1"": 407, ""y1"": 201, ""rgb"": [179, 179, 179]}, {""label"": ""검색"", ""x0"": 317, ""y0"": 243, ""x1"": 467, ""y1"": 297, ""rgb"": [179, 179, 179]}, {""label"": ""저장"", ""x0"": 634, ""y0"": 74, ""x1"": 784, ""y1"": 128, ""rgb"": [67, 191, 244]}, {""label"": ""홈"", ""x0"": 681, ""y0"": 232, ""x1"": 831, ""y1"": 286, ""rgb"": [179, 179, 179]}, {""label"": ""도움말"", ""x0"": 34, ""y0"": 463, ""x1"": 184, ""y1"": 517, ""rgb"": [179, 179, 179]}, {""label"": ""삭제"", ""x0"": 494, ""y0"": 324, ""x1"": 644, ""y1"": 378, ""rgb"": [179, 179, 179]}]"
d5_L19_home_T65_M.png,19,1,T65,target,65,홈,저장,279,124,259,49,232,199,286,d3_L19_gray_M.png,"[{""label"": ""로그인"", ""x0"": 98, ""y0"": 467, ""x1"": 248, ""y1"": 521, ""rgb"": [179, 179, 179]}, {""label"": ""취소"", ""x0"": 687, ""y0"": 353, ""x1"": 837, ""y1"": 407, ""rgb"": [179, 179, 179]}, {""label"": ""설정"", ""x0"": 473, ""y0"": 147, ""x1"": 623, ""y1"": 201, ""rgb"": [179, 179, 179]}, {""label"": ""검색"", ""x0"": 413, ""y0"": 243, ""x1"": 563, ""y1"": 297, ""rgb"": [179, 179, 179]}, {""label"": ""저장"", ""x0"": 96, ""y0"": 74, ""x1"": 246, ""y1"": 128, ""rgb"": [179, 179, 179]}, {""label"": ""홈"", ""x0"": 49, ""y0"": 232, ""x1"": 199, ""y1"": 286, ""rgb"": [228, 166, 113]}, {""label"": ""도움말"", ""x0"": 696, ""y0"": 463, ""x1"": 846, ""y1"": 517, ""rgb"": [179, 179, 179]}, {""label"": ""삭제"", ""x0"": 236, ""y0"": 324, ""x1"": 386, ""y1"": 378, ""rgb"": [179, 179, 179]}]"
d5_L19_home_D65_M.png,19,1,D65,decoy,65,홈,저장,330,124,259,49,232,199,286,d3_L19_gray_M.png,"[{""label"": ""로그인"", ""x0"": 98, ""y0"": 467, ""x1"": 248, ""y1"": 521, ""rgb"": [179, 179, 179]}, {""label"": ""취소"", ""x0"": 687, ""y0"": 353, ""x1"": 837, ""y1"": 407, ""rgb"": [179, 179, 179]}, {""label"": ""설정"", ""x0"": 473, ""y0"": 147, ""x1"": 623, ""y1"": 201, ""rgb"": [179, 179, 179]}, {""label"": ""검색"", ""x0"": 413, ""y0"": 243, ""x1"": 563, ""y1"": 297, ""rgb"": [179, 179, 179]}, {""label"": ""저장"", ""x0"": 96, ""y0"": 74, ""x1"": 246, ""y1"": 128, ""rgb"": [228, 166, 113]}, {""label"": ""홈"", ""x0"": 49, ""y0"": 232, ""x1"": 199, ""y1"": 286, ""rgb"": [179, 179, 179]}, {""label"": ""도움말"", ""x0"": 696, ""y0"": 463, ""x1"": 846, ""y1"": 517, ""rgb"": [179, 179, 179]}, {""label"": ""삭제"", ""x0"": 236, ""y0"": 324, ""x1"": 386, ""y1"": 378, ""rgb"": [179, 179, 179]}]"
d5_L19_home_T245_M.png,19,1,T245,target,245,홈,저장,128,124,259,49,232,199,286,d3_L19_gray_M.png,"[{""label"": ""로그인"", ""x0"": 98, ""y0"": 467, ""x1"": 248, ""y1"": 521, ""rgb"": [179, 179, 179]}, {""label"": ""취소"", ""x0"": 687, ""y0"": 353, ""x1"": 837, ""y1"": 407, ""rgb"": [179, 179, 179]}, {""label"": ""설정"", ""x0"": 473, ""y0"": 147, ""x1"": 623, ""y1"": 201, ""rgb"": [179, 179, 179]}, {""label"": ""검색"", ""x0"": 413, ""y0"": 243, ""x1"": 563, ""y1"": 297, ""rgb"": [179, 179, 179]}, {""label"": ""저장"", ""x0"": 96, ""y0"": 74, ""x1"": 246, ""y1"": 128, ""rgb"": [179, 179, 179]}, {""label"": ""홈"", ""x0"": 49, ""y0"": 232, ""x1"": 199, ""y1"": 286, ""rgb"": [67, 191, 244]}, {""label"": ""도움말"", ""x0"": 696, ""y0"": 463, ""x1"": 846, ""y1"": 517, ""rgb"": [179, 179, 179]}, {""label"": ""삭제"", ""x0"": 236, ""y0"": 324, ""x1"": 386, ""y1"": 378, ""rgb"": [179, 179, 179]}]"
d5_L19_home_D245_M.png,19,1,D245,decoy,245,홈,저장,318,124,259,49,232,199,286,d3_L19_gray_M.png,"[{""label"": ""로그인"", ""x0"": 98, ""y0"": 467, ""x1"": 248, ""y1"": 521, ""rgb"": [179, 179, 179]}, {""label"": ""취소"", ""x0"": 687, ""y0"": 353, ""x1"": 837, ""y1"": 407, ""rgb"": [179, 179, 179]}, {""label"": ""설정"", ""x0"": 473, ""y0"": 147, ""x1"": 623, ""y1"": 201, ""rgb"": [179, 179, 179]}, {""label"": ""검색"", ""x0"": 413, ""y0"": 243, ""x1"": 563, ""y1"": 297, ""rgb"": [179, 179, 179]}, {""label"": ""저장"", ""x0"": 96, ""y0"": 74, ""x1"": 246, ""y1"": 128, ""rgb"": [67, 191, 244]}, {""label"": ""홈"", ""x0"": 49, ""y0"": 232, ""x1"": 199, ""y1"": 286, ""rgb"": [179, 179, 179]}, {""label"": ""도움말"", ""x0"": 696, ""y0"": 463, ""x1"": 846, ""y1"": 517, ""rgb"": [179, 179, 179]}, {""label"": ""삭제"", ""x0"": 236, ""y0"": 324, ""x1"": 386, ""y1"": 378, ""rgb"": [179, 179, 179]}]"
d5_L19_settings_T65_N.png,19,0,T65,target,65,설정,삭제,335,332,174,257,147,407,201,d3_L19_gray_N.png,"[{""label"": ""로그인"", ""x0"": 632, ""y0"": 467, ""x1"": 782, ""y1"": 521, ""rgb"": [179, 179, 179]}, {""label"": ""취소"", ""x0"": 43, ""y0"": 353, ""x1"": 193, ""y1"": 407, ""rgb"": [179, 179, 179]}, {""label"": ""설정"", ""x0"": 257, ""y0"": 147, ""x1"": 407, ""y1"": 201, ""rgb"": [228, 166, 113]}, {""label"": ""검색"", ""x0"": 317, ""y0"": 243, ""x1"": 467, ""y1"": 297, ""rgb"": [179, 179, 179]}, {""label"": ""저장"", ""x0"": 634, ""y0"": 74, ""x1"": 784, ""y1"": 128, ""rgb"": [179, 179, 179]}, {""label"": ""홈"", ""x0"": 681, ""y0"": 232, ""x1"": 831, ""y1"": 286, ""rgb"": [179, 179, 179]}, {""label"": ""도움말"", ""x0"": 34, ""y0"": 463, ""x1"": 184, ""y1"": 517, ""rgb"": [179, 179, 179]}, {""label"": ""삭제"", ""x0"": 494, ""y0"": 324, ""x1"": 644, ""y1"": 378, ""rgb"": [179, 179, 179]}]"
d5_L19_settings_D65_N.png,19,0,D65,decoy,65,설정,삭제,323,332,174,257,147,407,201,d3_L19_gray_N.png,"[{""label"": ""로그인"", ""x0"": 632, ""y0"": 467, ""x1"": 782, ""y1"": 521, ""rgb"": [179, 179, 179]}, {""label"": ""취소"", ""x0"": 43, ""y0"": 353, ""x1"": 193, ""y1"": 407, ""rgb"": [179, 179, 179]}, {""label"": ""설정"", ""x0"": 257, ""y0"": 147, ""x1"": 407, ""y1"": 201, ""rgb"": [179, 179, 179]}, {""label"": ""검색"", ""x0"": 317, ""y0"": 243, ""x1"": 467, ""y1"": 297, ""rgb"": [179, 179, 179]}, {""label"": ""저장"", ""x0"": 634, ""y0"": 74, ""x1"": 784, ""y1"": 128, ""rgb"": [179, 179, 179]}, {""label"": ""홈"", ""x0"": 681, ""y0"": 232, ""x1"": 831, ""y1"": 286, ""rgb"": [179, 179, 179]}, {""label"": ""도움말"", ""x0"": 34, ""y0"": 463, ""x1"": 184, ""y1"": 517, ""rgb"": [179, 179, 179]}, {""label"": ""삭제"", ""x0"": 494, ""y0"": 324, ""x1"": 644, ""y1"": 378, ""rgb"": [228, 166, 113]}]"
d5_L19_settings_T245_N.png,19,0,T245,target,245,설정,삭제,319,332,174,257,147,407,201,d3_L19_gray_N.png,"[{""label"": ""로그인"", ""x0"": 632, ""y0"": 467, ""x1"": 782, ""y1"": 521, ""rgb"": [179, 179, 179]}, {""label"": ""취소"", ""x0"": 43, ""y0"": 353, ""x1"": 193, ""y1"": 407, ""rgb"": [179, 179, 179]}, {""label"": ""설정"", ""x0"": 257, ""y0"": 147, ""x1"": 407, ""y1"": 201, ""rgb"": [67, 191, 244]}, {""label"": ""검색"", ""x0"": 317, ""y0"": 243, ""x1"": 467, ""y1"": 297, ""rgb"": [179, 179, 179]}, {""label"": ""저장"", ""x0"": 634, ""y0"": 74, ""x1"": 784, ""y1"": 128, ""rgb"": [179, 179, 179]}, {""label"": ""홈"", ""x0"": 681, ""y0"": 232, ""x1"": 831, ""y1"": 286, ""rgb"": [179, 179, 179]}, {""label"": ""도움말"", ""x0"": 34, ""y0"": 463, ""x1"": 184, ""y1"": 517, ""rgb"": [179, 179, 179]}, {""label"": ""삭제"", ""x0"": 494, ""y0"": 324, ""x1"": 644, ""y1"": 378, ""rgb"": [179, 179, 179]}]"
d5_L19_settings_D245_N.png,19,0,D245,decoy,245,설정,삭제,275,332,174,257,147,407,201,d3_L19_gray_N.png,"[{""label"": ""로그인"", ""x0"": 632, ""y0"": 467, ""x1"": 782, ""y1"": 521, ""rgb"": [179, 179, 179]}, {""label"": ""취소"", ""x0"": 43, ""y0"": 353, ""x1"": 193, ""y1"": 407, ""rgb"": [179, 179, 179]}, {""label"": ""설정"", ""x0"": 257, ""y0"": 147, ""x1"": 407, ""y1"": 201, ""rgb"": [179, 179, 179]}, {""label"": ""검색"", ""x0"": 317, ""y0"": 243, ""x1"": 467, ""y1"": 297, ""rgb"": [179, 179, 179]}, {""label"": ""저장"", ""x0"": 634, ""y0"": 74, ""x1"": 784, ""y1"": 128, ""rgb"": [179, 179, 179]}, {""label"": ""홈"", ""x0"": 681, ""y0"": 232, ""x1"": 831, ""y1"": 286, ""rgb"": [179, 179, 179]}, {""label"": ""도움말"", ""x0"": 34, ""y0"": 463, ""x1"": 184, ""y1"": 517, ""rgb"": [179, 179, 179]}, {""label"": ""삭제"", ""x0"": 494, ""y0"": 324, ""x1"": 644, ""y1"": 378, ""rgb"": [67, 191, 244]}]"
d5_L19_settings_T65_M.png,19,1,T65,target,65,설정,삭제,362,548,174,473,147,623,201,d3_L19_gray_M.png,"[{""label"": ""로그인"", ""x0"": 98, ""y0"": 467, ""x1"": 248, ""y1"": 521, ""rgb"": [179, 179, 179]}, {""label"": ""취소"", ""x0"": 687, ""y0"": 353, ""x1"": 837, ""y1"": 407, ""rgb"": [179, 179, 179]}, {""label"": ""설정"", ""x0"": 473, ""y0"": 147, ""x1"": 623, ""y1"": 201, ""rgb"": [228, 166, 113]}, {""label"": ""검색"", ""x0"": 413, ""y0"": 243, ""x1"": 563, ""y1"": 297, ""rgb"": [179, 179, 179]}, {""label"": ""저장"", ""x0"": 96, ""y0"": 74, ""x1"": 246, ""y1"": 128, ""rgb"": [179, 179, 179]}, {""label"": ""홈"", ""x0"": 49, ""y0"": 232, ""x1"": 199, ""y1"": 286, ""rgb"": [179, 179, 179]}, {""label"": ""도움말"", ""x0"": 696, ""y0"": 463, ""x1"": 846, ""y1"": 517, ""rgb"": [179, 179, 179]}, {""label"": ""삭제"", ""x0"": 236, ""y0"": 324, ""x1"": 386, ""y1"": 378, ""rgb"": [179, 179, 179]}]"
d5_L19_settings_D65_M.png,19,1,D65,decoy,65,설정,삭제,116,548,174,473,147,623,201,d3_L19_gray_M.png,"[{""label"": ""로그인"", ""x0"": 98, ""y0"": 467, ""x1"": 248, ""y1"": 521, ""rgb"": [179, 179, 179]}, {""label"": ""취소"", ""x0"": 687, ""y0"": 353, ""x1"": 837, ""y1"": 407, ""rgb"": [179, 179, 179]}, {""label"": ""설정"", ""x0"": 473, ""y0"": 147, ""x1"": 623, ""y1"": 201, ""rgb"": [179, 179, 179]}, {""label"": ""검색"", ""x0"": 413, ""y0"": 243, ""x1"": 563, ""y1"": 297, ""rgb"": [179, 179, 179]}, {""label"": ""저장"", ""x0"": 96, ""y0"": 74, ""x1"": 246, ""y1"": 128, ""rgb"": [179, 179, 179]}, {""label"": ""홈"", ""x0"": 49, ""y0"": 232, ""x1"": 199, ""y1"": 286, ""rgb"": [179, 179, 179]}, {""label"": ""도움말"", ""x0"": 696, ""y0"": 463, ""x1"": 846, ""y1"": 517, ""rgb"": [179, 179, 179]}, {""label"": ""삭제"", ""x0"": 236, ""y0"": 324, ""x1"": 386, ""y1"": 378, ""rgb"": [228, 166, 113]}]"
d5_L19_settings_T245_M.png,19,1,T245,target,245,설정,삭제,120,548,174,473,147,623,201,d3_L19_gray_M.png,"[{""label"": ""로그인"", ""x0"": 98, ""y0"": 467, ""x1"": 248, ""y1"": 521, ""rgb"": [179, 179, 179]}, {""label"": ""취소"", ""x0"": 687, ""y0"": 353, ""x1"": 837, ""y1"": 407, ""rgb"": [179, 179, 179]}, {""label"": ""설정"", ""x0"": 473, ""y0"": 147, ""x1"": 623, ""y1"": 201, ""rgb"": [67, 191, 244]}, {""label"": ""검색"", ""x0"": 413, ""y0"": 243, ""x1"": 563, ""y1"": 297, ""rgb"": [179, 179, 179]}, {""label"": ""저장"", ""x0"": 96, ""y0"": 74, ""x1"": 246, ""y1"": 128, ""rgb"": [179, 179, 179]}, {""label"": ""홈"", ""x0"": 49, ""y0"": 232, ""x1"": 199, ""y1"": 286, ""rgb"": [179, 179, 179]}, {""label"": ""도움말"", ""x0"": 696, ""y0"": 463, ""x1"": 846, ""y1"": 517, ""rgb"": [179, 179, 179]}, {""label"": ""삭제"", ""x0"": 236, ""y0"": 324, ""x1"": 386, ""y1"": 378, ""rgb"": [179, 179, 179]}]"
d5_L19_settings_D245_M.png,19,1,D245,decoy,245,설정,삭제,28,548,174,473,147,623,201,d3_L19_gray_M.png,"[{""label"": ""로그인"", ""x0"": 98, ""y0"": 467, ""x1"": 248, ""y1"": 521, ""rgb"": [179, 179, 179]}, {""label"": ""취소"", ""x0"": 687, ""y0"": 353, ""x1"": 837, ""y1"": 407, ""rgb"": [179, 179, 179]}, {""label"": ""설정"", ""x0"": 473, ""y0"": 147, ""x1"": 623, ""y1"": 201, ""rgb"": [179, 179, 179]}, {""label"": ""검색"", ""x0"": 413, ""y0"": 243, ""x1"": 563, ""y1"": 297, ""rgb"": [179, 179, 179]}, {""label"": ""저장"", ""x0"": 96, ""y0"": 74, ""x1"": 246, ""y1"": 128, ""rgb"": [179, 179, 179]}, {""label"": ""홈"", ""x0"": 49, ""y0"": 232, ""x1"": 199, ""y1"": 286, ""rgb"": [179, 179, 179]}, {""label"": ""도움말"", ""x0"": 696, ""y0"": 463, ""x1"": 846, ""y1"": 517, ""rgb"": [179, 179, 179]}, {""label"": ""삭제"", ""x0"": 236, ""y0"": 324, ""x1"": 386, ""y1"": 378, ""rgb"": [67, 191, 244]}]"
d5_L00_login_gray_N.png,0,0,gray,gray,,로그인,,436,562,521,487,494,637,548,d3_L00_gray_N.png,"[{""label"": ""로그인"", ""x0"": 487, ""y0"": 494, ""x1"": 637, ""y1"": 548, ""rgb"": [179, 179, 179]}, {""label"": ""취소"", ""x0"": 276, ""y0"": 399, ""x1"": 426, ""y1"": 453, ""rgb"": [179, 179, 179]}, {""label"": ""설정"", ""x0"": 232, ""y0"": 125, ""x1"": 382, ""y1"": 179, ""rgb"": [179, 179, 179]}, {""label"": ""검색"", ""x0"": 33, ""y0"": 222, ""x1"": 183, ""y1"": 276, ""rgb"": [179, 179, 179]}, {""label"": ""저장"", ""x0"": 353, ""y0"": 252, ""x1"": 503, ""y1"": 306, ""rgb"": [179, 179, 179]}, {""label"": ""홈"", ""x0"": 653, ""y0"": 329, ""x1"": 803, ""y1"": 383, ""rgb"": [179, 179, 179]}, {""label"": ""도움말"", ""x0"": 514, ""y0"": 134, ""x1"": 664, ""y1"": 188, ""rgb"": [179, 179, 179]}, {""label"": ""삭제"", ""x0"": 635, ""y0"": 22, ""x1"": 785, ""y1"": 76, ""rgb"": [179, 179, 179]}]"
d5_L00_login_gray_M.png,0,1,gray,gray,,로그인,,404,318,521,243,494,393,548,d3_L00_gray_M.png,"[{""label"": ""로그인"", ""x0"": 243, ""y0"": 494, ""x1"": 393, ""y1"": 548, ""rgb"": [179, 179, 179]}, {""label"": ""취소"", ""x0"": 454, ""y0"": 399, ""x1"": 604, ""y1"": 453, ""rgb"": [179, 179, 179]}, {""label"": ""설정"", ""x0"": 498, ""y0"": 125, ""x1"": 648, ""y1"": 179, ""rgb"": [179, 179, 179]}, {""label"": ""검색"", ""x0"": 697, ""y0"": 222, ""x1"": 847, ""y1"": 276, ""rgb"": [179, 179, 179]}, {""label"": ""저장"", ""x0"": 377, ""y0"": 252, ""x1"": 527, ""y1"": 306, ""rgb"": [179, 179, 179]}, {""label"": ""홈"", ""x0"": 77, ""y0"": 329, ""x1"": 227, ""y1"": 383, ""rgb"": [179, 179, 179]}, {""label"": ""도움말"", ""x0"": 216, ""y0"": 134, ""x1"": 366, ""y1"": 188, ""rgb"": [179, 179, 179]}, {""label"": ""삭제"", ""x0"": 95, ""y0"": 22, ""x1"": 245, ""y1"": 76, ""rgb"": [179, 179, 179]}]"
d5_L01_login_gray_N.png,1,0,gray,gray,,로그인,,423,744,331,669,304,819,358,d3_L01_gray_N.png,"[{""label"": ""로그인"", ""x0"": 669, ""y0"": 304, ""x1"": 819, ""y1"": 358, ""rgb"": [179, 179, 179]}, {""label"": ""취소"", ""x0"": 261, ""y0"": 350, ""x1"": 411, ""y1"": 404, ""rgb"": [179, 179, 179]}, {""label"": ""설정"", ""x0"": 375, ""y0"": 476, ""x1"": 525, ""y1"": 530, ""rgb"": [179, 179, 179]}, {""label"": ""검색"", ""x0"": 485, ""y0"": 25, ""x1"": 635, ""y1"": 79, ""rgb"": [179, 179, 179]}, {""label"": ""저장"", ""x0"": 35, ""y0"": 393, ""x1"": 185, ""y1"": 447, ""rgb"": [179, 179, 179]}, {""label"": ""홈"", ""x0"": 233, ""y0"": 153, ""x1"": 383, ""y1"": 207, ""rgb"": [179, 179, 179]}, {""label"": ""도움말"", ""x0"": 492, ""y0"": 152, ""x1"": 642, ""y1"": 206, ""rgb"": [179, 179, 179]}, {""label"": ""삭제"", ""x0"": 120, ""y0"": 44, ""x1"": 270, ""y1"": 98, ""rgb"": [179, 179, 179]}]"
d5_L01_login_gray_M.png,1,1,gray,gray,,로그인,,413,136,331,61,304,211,358,d3_L01_gray_M.png,"[{""label"": ""로그인"", ""x0"": 61, ""y0"": 304, ""x1"": 211, ""y1"": 358, ""rgb"": [179, 179, 179]}, {""label"": ""취소"", ""x0"": 469, ""y0"": 350, ""x1"": 619, ""y1"": 404, ""rgb"": [179, 179, 179]}, {""label"": ""설정"", ""x0"": 355, ""y0"": 476, ""x1"": 505, ""y1"": 530, ""rgb"": [179, 179, 179]}, {""label"": ""검색"", ""x0"": 245, ""y0"": 25, ""x1"": 395, ""y1"": 79, ""rgb"": [179, 179, 179]}, {""label"": ""저장"", ""x0"": 695, ""y0"": 393, ""x1"": 845, ""y1"": 447, ""rgb"": [179, 179, 179]}, {""label"": ""홈"", ""x0"": 497, ""y0"": 153, ""x1"": 647, ""y1"": 207, ""rgb"": [179, 179, 179]}, {""label"": ""도움말"", ""x0"": 238, ""y0"": 152, ""x1"": 388, ""y1"": 206, ""rgb"": [179, 179, 179]}, {""label"": ""삭제"", ""x0"": 610, ""y0"": 44, ""x1"": 760, ""y1"": 98, ""rgb"": [179, 179, 179]}]"
d5_L02_login_gray_N.png,2,0,gray,gray,,로그인,,402,607,414,532,387,682,441,d3_L02_gray_N.png,"[{""label"": ""로그인"", ""x0"": 532, ""y0"": 387, ""x1"": 682, ""y1"": 441, ""rgb"": [179, 179, 179]}, {""label"": ""취소"", ""x0"": 187, ""y0"": 375, ""x1"": 337, ""y1"": 429, ""rgb"": [179, 179, 179]}, {""label"": ""설정"", ""x0"": 188, ""y0"": 451, ""x1"": 338, ""y1"": 505, ""rgb"": [179, 179, 179]}, {""label"": ""검색"", ""x0"": 533, ""y0"": 94, ""x1"": 683, ""y1"": 148, ""rgb"": [179, 179, 179]}, {""label"": ""저장"", ""x0"": 216, ""y0"": 125, ""x1"": 366, ""y1"": 179, ""rgb"": [179, 179, 179]}, {""label"": ""홈"", ""x0"": 566, ""y0"": 254, ""x1"": 716, ""y1"": 308, ""rgb"": [179, 179, 179]}, {""label"": ""도움말"", ""x0"": 216, ""y0"": 47, ""x1"": 366, ""y1"": 101, ""rgb"": [179, 179, 179]}, {""label"": ""삭제"", ""x0"": 31, ""y0"": 188, ""x1"": 181, ""y1"": 242, ""rgb"": [179, 179, 179]}]"
d5_L02_login_gray_M.png,2,1,gray,gray,,로그인,,437,273,414,198,387,348,441,d3_L02_gray_M.png,"[{""label"": ""로그인"", ""x0"": 198, ""y0"": 387, ""x1"": 348, ""y1"": 441, ""rgb"": [179, 179, 179]}, {""label"": ""취소"", ""x0"": 543, ""y0"": 375, ""x1"": 693, ""y1"": 429, ""rgb"": [179, 179, 179]}, {""label"": ""설정"", ""x0"": 542, ""y0"": 451, ""x1"": 692, ""y1"": 505, ""rgb"": [179, 179, 179]}, {""label"": ""검색"", ""x0"": 197, ""y0"": 94, ""x1"": 347, ""y1"": 148, ""rgb"": [179, 179, 179]}, {""label"": ""저장"", ""x0"": 514, ""y0"": 125, ""x1"": 664, ""y1"": 179, ""rgb"": [179, 179, 179]}, {""label"": ""홈"", ""x0"": 164, ""y0"": 254, ""x1"": 314, ""y1"": 308, ""rgb"": [179, 179, 179]}, {""label"": ""도움말"", ""x0"": 514, ""y0"": 47, ""x1"": 664, ""y1"": 101, ""rgb"": [179, 179, 179]}, {""label"": ""삭제"", ""x0"": 699, ""y0"": 188, ""x1"": 849, ""y1"": 242, ""rgb"": [179, 179, 179]}]"
d5_L03_login_gray_N.png,3,0,gray,gray,,로그인,,439,265,197,190,170,340,224,d3_L03_gray_N.png,"[{""label"": ""로그인"", ""x0"": 190, ""y0"": 170, ""x1"": 340, ""y1"": 224, ""rgb"": [179, 179, 179]}, {""label"": ""취소"", ""x0"": 377, ""y0"": 211, ""x1"": 527, ""y1"": 265, ""rgb"": [179, 179, 179]}, {""label"": ""설정"", ""x0"": 401, ""y0"": 333, ""x1"": 551, ""y1"": 387, ""rgb"": [179, 179, 179]}, {""label"": ""검색"", ""x0"": 155, ""y0"": 34, ""x1"": 305, ""y1"": 88, ""rgb"": [179, 179, 179]}, {""label"": ""저장"", ""x0"": 57, ""y0"": 447, ""x1"": 207, ""y1"": 501, ""rgb"": [179, 179, 179]}, {""label"": ""홈"", ""x0"": 445, ""y0"": 54, ""x1"": 595, ""y1"": 108, ""rgb"": [179, 179, 179]}, {""label"": ""도움말"", ""x0"": 493, ""y0"": 445, ""x1"": 643, ""y1"": 499, ""rgb"": [179, 179, 179]}, {""label"": ""삭제"", ""x0"": 241, ""y0"": 455, ""x1"": 391, ""y1"": 509, ""rgb"": [179, 179, 179]}]"
d5_L03_login_gray_M.png,3,1,gray,gray,,로그인,,405,615,197,540,170,690,224,d3_L03_gray_M.png,"[{""label"": ""로그인"", ""x0"": 540, ""y0"": 170, ""x1"": 690, ""y1"": 224, ""rgb"": [179, 179, 179]}, {""label"": ""취소"", ""x0"": 353, ""y0"": 211, ""x1"": 503, ""y1"": 265, ""rgb"": [179, 179, 179]}, {""label"": ""설정"", ""x0"": 329, ""y0"": 333, ""x1"": 479, ""y1"": 387, ""rgb"": [179, 179, 179]}, {""label"": ""검색"", ""x0"": 575, ""y0"": 34, ""x1"": 725, ""y1"": 88, ""rgb"": [179, 179, 179]}, {""label"": ""저장"", ""x0"": 673, ""y0"": 447, ""x1"": 823, ""y1"": 501, ""rgb"": [179, 179, 179]}, {""label"": ""홈"", ""x0"": 285, ""y0"": 54, ""x1"": 435, ""y1"": 108, ""rgb"": [179, 179, 179]}, {""label"": ""도움말"", ""x0"": 237, ""y0"": 445, ""x1"": 387, ""y1"": 499, ""rgb"": [179, 179, 179]}, {""label"": ""삭제"", ""x0"": 489, ""y0"": 455, ""x1"": 639, ""y1"": 509, ""rgb"": [179, 179, 179]}]"
d5_L04_login_gray_N.png,4,0,gray,gray,,로그인,,427,564,417,489,390,639,444,d3_L04_gray_N.png,"[{""label"": ""로그인"", ""x0"": 489, ""y0"": 390, ""x1"": 639, ""y1"": 444, ""rgb"": [179, 179, 179]}, {""label"": ""취소"", ""x0"": 27, ""y0"": 211, ""x1"": 177, ""y1"": 265, ""rgb"": [179, 179, 179]}, {""label"": ""설정"", ""x0"": 203, ""y0"": 398, ""x1"": 353, ""y1"": 452, ""rgb"": [179, 179, 179]}, {""label"": ""검색"", ""x0"": 541, ""y0"": 164, ""x1"": 691, ""y1"": 218, ""rgb"": [179, 179, 179]}, {""label"": ""저장"", ""x0"": 205, ""y0"": 133, ""x1"": 355, ""y1"": 187, ""rgb"": [179, 179, 179]}, {""label"": ""홈"", ""x0"": 426, ""y0"": 485, ""x1"": 576, ""y1"": 539, ""rgb"": [179, 179, 179]}, {""label"": ""도움말"", ""x0"": 626, ""y0"": 272, ""x1"": 776, ""y1"": 326, ""rgb"": [179, 179, 179]}, {""label"": ""삭제"", ""x0"": 708, ""y0"": 466, ""x1"": 858, ""y1"": 520, ""rgb"": [179, 179, 179]}]"
d5_L04_login_gray_M.png,4,1,gray,gray,,로그인,,426,316,417,241,390,391,444,d3_L04_gray_M.png,"[{""label"": ""로그인"", ""x0"": 241, ""y0"": 390, ""x1"": 391, ""y1"": 444, ""rgb"": [179, 179, 179]}, {""label"": ""취소"", ""x0"": 703, ""y0"": 211, ""x1"": 853, ""y1"": 265, ""rgb"": [179, 179, 179]}, {""label"": ""설정"", ""x0"": 527, ""y0"": 398, ""x1"": 677, ""y1"": 452, ""rgb"": [179, 179, 179]}, {""label"": ""검색"", ""x0"": 189, ""y0"": 164, ""x1"": 339, ""y1"": 218, ""rgb"": [179, 179, 179]}, {""label"": ""저장"", ""x0"": 525, ""y0"": 133, ""x1"": 675, ""y1"": 187, ""rgb"": [179, 179, 179]}, {""label"": ""홈"", ""x0"": 304, ""y0"": 485, ""x1"": 454, ""y1"": 539, ""rgb"": [179, 179, 179]}, {""label"": ""도움말"", ""x0"": 104, ""y0"": 272, ""x1"": 254, ""y1"": 326, ""rgb"": [179, 179, 179]}, {""label"": ""삭제"", ""x0"": 22, ""y0"": 466, ""x1"": 172, ""y1"": 520, ""rgb"": [179, 179, 179]}]"
d5_L05_login_gray_N.png,5,0,gray,gray,,로그인,,420,243,305,168,278,318,332,d3_L05_gray_N.png,"[{""label"": ""로그인"", ""x0"": 168, ""y0"": 278, ""x1"": 318, ""y1"": 332, ""rgb"": [179, 179, 179]}, {""label"": ""취소"", ""x0"": 361, ""y0"": 496, ""x1"": 511, ""y1"": 550, ""rgb"": [179, 179, 179]}, {""label"": ""설정"", ""x0"": 315, ""y0"": 373, ""x1"": 465, ""y1"": 427, ""rgb"": [179, 179, 179]}, {""label"": ""검색"", ""x0"": 76, ""y0"": 431, ""x1"": 226, ""y1"": 485, ""rgb"": [179, 179, 179]}, {""label"": ""저장"", ""x0"": 640, ""y0"": 429, ""x1"": 790, ""y1"": 483, ""rgb"": [179, 179, 179]}, {""label"": ""홈"", ""x0"": 622, ""y0"": 116, ""x1"": 772, ""y1"": 170, ""rgb"": [179, 179, 179]}, {""label"": ""도움말"", ""x0"": 270, ""y0"": 139, ""x1"": 420, ""y1"": 193, ""rgb"": [179, 179, 179]}, {""label"": ""삭제"", ""x0"": 456, ""y0"": 292, ""x1"": 606, ""y1"": 346, ""rgb"": [179, 179, 179]}]"
d5_L05_login_gray_M.png,5,1,gray,gray,,로그인,,433,637,305,562,278,712,332,d3_L05_gray_M.png,"[{""label"": ""로그인"", ""x0"": 562, ""y0"": 278, ""x1"": 712, ""y1"": 332, ""rgb"": [179, 179, 179]}, {""label"": ""취소"", ""x0"": 369, ""y0"": 496, ""x1"": 519, ""y1"": 550, ""rgb"": [179, 179, 179]}, {""label"": ""설정"", ""x0"": 415, ""y0"": 373, ""x1"": 565, ""y1"": 427, ""rgb"": [179, 179, 179]}, {""label"": ""검색"", ""x0"": 654, ""y0"": 431, ""x1"": 804, ""y1"": 485, ""rgb"": [179, 179, 179]}, {""label"": ""저장"", ""x0"": 90, ""y0"": 429, ""x1"": 240, ""y1"": 483, ""rgb"": [179, 179, 179]}, {""label"": ""홈"", ""x0"": 108, ""y0"": 116, ""x1"": 258, ""y1"": 170, ""rgb"": [179, 179, 179]}, {""label"": ""도움말"", ""x0"": 460, ""y0"": 139, ""x1"": 610, ""y1"": 193, ""rgb"": [179, 179, 179]}, {""label"": ""삭제"", ""x0"": 274, ""y0"": 292, ""x1"": 424, ""y1"": 346, ""rgb"": [179, 179, 179]}]"
d5_L06_login_gray_N.png,6,0,gray,gray,,로그인,,401,592,316,517,289,667,343,d3_L06_gray_N.png,"[{""label"": ""로그인"", ""x0"": 517, ""y0"": 289, ""x1"": 667, ""y1"": 343, ""rgb"": [179, 179, 179]}, {""label"": ""취소"", ""x0"": 407, ""y0"": 439, ""x1"": 557, ""y1"": 493, ""rgb"": [179, 179, 179]}, {""label"": ""설정"", ""x0"": 291, ""y0"": 256, ""x1"": 441, ""y1"": 310, ""rgb"": [179, 179, 179]}, {""label"": ""검색"", ""x0"": 552, ""y0"": 192, ""x1"": 702, ""y1"": 246, ""rgb"": [179, 179, 179]}, {""label"": ""저장"", ""x0"": 696, ""y0"": 451, ""x1"": 846, ""y1"": 505, ""rgb"": [179, 179, 179]}, {""label"": ""홈"", ""x0"": 367, ""y0"": 518, ""x1"": 517, ""y1"": 572, ""rgb"": [179, 179, 179]}, {""label"": ""도움말"", ""x0"": 160, ""y0"": 124, ""x1"": 310, ""y1"": 178, ""rgb"": [179, 179, 179]}, {""label"": ""삭제"", ""x0"": 40, ""y0"": 403, ""x1"": 190, ""y1"": 457, ""rgb"": [179, 179, 179]}]"
d5_L06_login_gray_M.png,6,1,gray,gray,,로그인,,415,288,316,213,289,363,343,d3_L06_gray_M.png,"[{""label"": ""로그인"", ""x0"": 213, ""y0"": 289, ""x1"": 363, ""y1"": 343, ""rgb"": [179, 179, 179]}, {""label"": ""취소"", ""x0"": 323, ""y0"": 439, ""x1"": 473, ""y1"": 493, ""rgb"": [179, 179, 179]}, {""label"": ""설정"", ""x0"": 439, ""y0"": 256, ""x1"": 589, ""y1"": 310, ""rgb"": [179, 179, 179]}, {""label"": ""검색"", ""x0"": 178, ""y0"": 192, ""x1"": 328, ""y1"": 246, ""rgb"": [179, 179, 179]}, {""label"": ""저장"", ""x0"": 34, ""y0"": 451, ""x1"": 184, ""y1"": 505, ""rgb"": [179, 179, 179]}, {""label"": ""홈"", ""x0"": 363, ""y0"": 518, ""x1"": 513, ""y1"": 572, ""rgb"": [179, 179, 179]}, {""label"": ""도움말"", ""x0"": 570, ""y0"": 124, ""x1"": 720, ""y1"": 178, ""rgb"": [179, 179, 179]}, {""label"": ""삭제"", ""x0"": 690, ""y0"": 403, ""x1"": 840, ""y1"": 457, ""rgb"": [179, 179, 179]}]"
d5_L07_login_gray_N.png,7,0,gray,gray,,로그인,,406,583,188,508,161,658,215,d3_L07_gray_N.png,"[{""label"": ""로그인"", ""x0"": 508, ""y0"": 161, ""x1"": 658, ""y1"": 215, ""rgb"": [179, 179, 179]}, {""label"": ""취소"", ""x0"": 511, ""y0"": 263, ""x1"": 661, ""y1"": 317, ""rgb"": [179, 179, 179]}, {""label"": ""설정"", ""x0"": 477, ""y0"": 383, ""x1"": 627, ""y1"": 437, ""rgb"": [179, 179, 179]}, {""label"": ""검색"", ""x0"": 140, ""y0"": 465, ""x1"": 290, ""y1"": 519, ""rgb"": [179, 179, 179]}, {""label"": ""저장"", ""x0"": 179, ""y0"": 37, ""x1"": 329, ""y1"": 91, ""rgb"": [179, 179, 179]}, {""label"": ""홈"", ""x0"": 156, ""y0"": 210, ""x1"": 306, ""y1"": 264, ""rgb"": [179, 179, 179]}, {""label"": ""도움말"", ""x0"": 705, ""y0"": 433, ""x1"": 855, ""y1"": 487, ""rgb"": [179, 179, 179]}, {""label"": ""삭제"", ""x0"": 686, ""y0"": 512, ""x1"": 836, ""y1"": 566, ""rgb"": [179, 179, 179]}]"
d5_L07_login_gray_M.png,7,1,gray,gray,,로그인,,408,297,188,222,161,372,215,d3_L07_gray_M.png,"[{""label"": ""로그인"", ""x0"": 222, ""y0"": 161, ""x1"": 372, ""y1"": 215, ""rgb"": [179, 179, 179]}, {""label"": ""취소"", ""x0"": 219, ""y0"": 263, ""x1"": 369, ""y1"": 317, ""rgb"": [179, 179, 179]}, {""label"": ""설정"", ""x0"": 253, ""y0"": 383, ""x1"": 403, ""y1"": 437, ""rgb"": [179, 179, 179]}, {""label"": ""검색"", ""x0"": 590, ""y0"": 465, ""x1"": 740, ""y1"": 519, ""rgb"": [179, 179, 179]}, {""label"": ""저장"", ""x0"": 551, ""y0"": 37, ""x1"": 701, ""y1"": 91, ""rgb"": [179, 179, 179]}, {""label"": ""홈"", ""x0"": 574, ""y0"": 210, ""x1"": 724, ""y1"": 264, ""rgb"": [179, 179, 179]}, {""label"": ""도움말"", ""x0"": 25, ""y0"": 433, ""x1"": 175, ""y1"": 487, ""rgb"": [179, 179, 179]}, {""label"": ""삭제"", ""x0"": 44, ""y0"": 512, ""x1"": 194, ""y1"": 566, ""rgb"": [179, 179, 179]}]"
d5_L08_login_gray_N.png,8,0,gray,gray,,로그인,,414,644,471,569,444,719,498,d3_L08_gray_N.png,"[{""label"": ""로그인"", ""x0"": 569, ""y0"": 444, ""x1"": 719, ""y1"": 498, ""rgb"": [179, 179, 179]}, {""label"": ""취소"", ""x0"": 521, ""y0"": 85, ""x1"": 671, ""y1"": 139, ""rgb"": [179, 179, 179]}, {""label"": ""설정"", ""x0"": 118, ""y0"": 282, ""x1"": 268, ""y1"": 336, ""rgb"": [179, 179, 179]}, {""label"": ""검색"", ""x0"": 108, ""y0"": 424, ""x1"": 258, ""y1"": 478, ""rgb"": [179, 179, 179]}, {""label"": ""저장"", ""x0"": 348, ""y0"": 197, ""x1"": 498, ""y1"": 251, ""rgb"": [179, 179, 179]}, {""label"": ""홈"", ""x0"": 261, ""y0"": 33, ""x1"": 411, ""y1"": 87, ""rgb"": [179, 179, 179]}, {""label"": ""도움말"", ""x0"": 237, ""y0"": 530, ""x1"": 387, ""y1"": 584, ""rgb"": [179, 179, 179]}, {""label"": ""삭제"", ""x0"": 580, ""y0"": 362, ""x1"": 730, ""y1"": 416, ""rgb"": [179, 179, 179]}]"
d5_L08_login_gray_M.png,8,1,gray,gray,,로그인,,416,236,471,161,444,311,498,d3_L08_gray_M.png,"[{""label"": ""로그인"", ""x0"": 161, ""y0"": 444, ""x1"": 311, ""y1"": 498, ""rgb"": [179, 179, 179]}, {""label"": ""취소"", ""x0"": 209, ""y0"": 85, ""x1"": 359, ""y1"": 139, ""rgb"": [179, 179, 179]}, {""label"": ""설정"", ""x0"": 612, ""y0"": 282, ""x1"": 762, ""y1"": 336, ""rgb"": [179, 179, 179]}, {""label"": ""검색"", ""x0"": 622, ""y0"": 424, ""x1"": 772, ""y1"": 478, ""rgb"": [179, 179, 179]}, {""label"": ""저장"", ""x0"": 382, ""y0"": 197, ""x1"": 532, ""y1"": 251, ""rgb"": [179, 179, 179]}, {""label"": ""홈"", ""x0"": 469, ""y0"": 33, ""x1"": 619, ""y1"": 87, ""rgb"": [179, 179, 179]}, {""label"": ""도움말"", ""x0"": 493, ""y0"": 530, ""x1"": 643, ""y1"": 584, ""rgb"": [179, 179, 179]}, {""label"": ""삭제"", ""x0"": 150, ""y0"": 362, ""x1"": 300, ""y1"": 416, ""rgb"": [179, 179, 179]}]"
d5_L09_login_gray_N.png,9,0,gray,gray,,로그인,,412,520,257,445,230,595,284,d3_L09_gray_N.png,"[{""label"": ""로그인"", ""x0"": 445, ""y0"": 230, ""x1"": 595, ""y1"": 284, ""rgb"": [179, 179, 179]}, {""label"": ""취소"", ""x0"": 183, ""y0"": 152, ""x1"": 333, ""y1"": 206, ""rgb"": [179, 179, 179]}, {""label"": ""설정"", ""x0"": 142, ""y0"": 293, ""x1"": 292, ""y1"": 347, ""rgb"": [179, 179, 179]}, {""label"": ""검색"", ""x0"": 588, ""y0"": 331, ""x1"": 738, ""y1"": 385, ""rgb"": [179, 179, 179]}, {""label"": ""저장"", ""x0"": 412, ""y0"": 330, ""x1"": 562, ""y1"": 384, ""rgb"": [179, 179, 179]}, {""label"": ""홈"", ""x0"": 632, ""y0"": 449, ""x1"": 782, ""y1"": 503, ""rgb"": [179, 179, 179]}, {""label"": ""도움말"", ""x0"": 85, ""y0"": 45, ""x1"": 235, ""y1"": 99, ""rgb"": [179, 179, 179]}, {""label"": ""삭제"", ""x0"": 647, ""y0"": 530, ""x1"": 797, ""y1"": 584, ""rgb"": [179, 179, 179]}]"
d5_L09_login_gray_M.png,9,1,gray,gray,,로그인,,429,360,257,285,230,435,284,d3_L09_gray_M.png,"[{""label"": ""로그인"", ""x0"": 285, ""y0"": 230, ""x1"": 435, ""y1"": 284, ""rgb"": [179, 179, 179]}, {""label"": ""취소"", ""x0"": 547, ""y0"": 152, ""x1"": 697, ""y1"": 206, ""rgb"": [179, 179, 179]}, {""label"": ""설정"", ""x0"": 588, ""y0"": 293, ""x1"": 738, ""y1"": 347, ""rgb"": [179, 179, 179]}, {""label"": ""검색"", ""x0"": 142, ""y0"": 331, ""x1"": 292, ""y1"": 385, ""rgb"": [179, 179, 179]}, {""label"": ""저장"", ""x0"": 318, ""y0"": 330, ""x1"": 468, ""y1"": 384, ""rgb"": [179, 179, 179]}, {""label"": ""홈"", ""x0"": 98, ""y0"": 449, ""x1"": 248, ""y1"": 503, ""rgb"": [179, 179, 179]}, {""label"": ""도움말"", ""x0"": 645, ""y0"": 45, ""x1"": 795, ""y1"": 99, ""rgb"": [179, 179, 179]}, {""label"": ""삭제"", ""x0"": 83, ""y0"": 530, ""x1"": 233, ""y1"": 584, ""rgb"": [179, 179, 179]}]"
d5_L10_login_gray_N.png,10,0,gray,gray,,로그인,,435,654,334,579,307,729,361,d3_L10_gray_N.png,"[{""label"": ""로그인"", ""x0"": 579, ""y0"": 307, ""x1"": 729, ""y1"": 361, ""rgb"": [179, 179, 179]}, {""label"": ""취소"", ""x0"": 444, ""y0"": 432, ""x1"": 594, ""y1"": 486, ""rgb"": [179, 179, 179]}, {""label"": ""설정"", ""x0"": 124, ""y0"": 92, ""x1"": 274, ""y1"": 146, ""rgb"": [179, 179, 179]}, {""label"": ""검색"", ""x0"": 174, ""y0"": 354, ""x1"": 324, ""y1"": 408, ""rgb"": [179, 179, 179]}, {""label"": ""저장"", ""x0"": 664, ""y0"": 205, ""x1"": 814, ""y1"": 259, ""rgb"": [179, 179, 179]}, {""label"": ""홈"", ""x0"": 396, ""y0"": 296, ""x1"": 546, ""y1"": 350, ""rgb"": [179, 179, 179]}, {""label"": ""도움말"", ""x0"": 462, ""y0"": 29, ""x1"": 612, ""y1"": 83, ""rgb"": [179, 179, 179]}, {""label"": ""삭제"", ""x0"": 112, ""y0"": 434, ""x1"": 262, ""y1"": 488, ""rgb"": [179, 179, 179]}]"
d5_L10_login_gray_M.png,10,1,gray,gray,,로그인,,425,226,334,151,307,301,361,d3_L10_gray_M.png,"[{""label"": ""로그인"", ""x0"": 151, ""y0"": 307, ""x1"": 301, ""y1"": 361, ""rgb"": [179, 179, 179]}, {""label"": ""취소"", ""x0"": 286, ""y0"": 432, ""x1"": 436, ""y1"": 486, ""rgb"": [179, 179, 179]}, {""label"": ""설정"", ""x0"": 606, ""y0"": 92, ""x1"": 756, ""y1"": 146, ""rgb"": [179, 179, 179]}, {""label"": ""검색"", ""x0"": 556, ""y0"": 354, ""x1"": 706, ""y1"": 408, ""rgb"": [179, 179, 179]}, {""label"": ""저장"", ""x0"": 66, ""y0"": 205, ""x1"": 216, ""y1"": 259, ""rgb"": [179, 179, 179]}, {""label"": ""홈"", ""x0"": 334, ""y0"": 296, ""x1"": 484, ""y1"": 350, ""rgb"": [179, 179, 179]}, {""label"": ""도움말"", ""x0"": 268, ""y0"": 29, ""x1"": 418, ""y1"": 83, ""rgb"": [179, 179, 179]}, {""label"": ""삭제"", ""x0"": 618, ""y0"": 434, ""x1"": 768, ""y1"": 488, ""rgb"": [179, 179, 179]}]"
d5_L11_login_gray_N.png,11,0,gray,gray,,로그인,,409,201,506,126,479,276,533,d3_L11_gray_N.png,"[{""label"": ""로그인"", ""x0"": 126, ""y0"": 479, ""x1"": 276, ""y1"": 533, ""rgb"": [179, 179, 179]}, {""label"": ""취소"", ""x0"": 139, ""y0"": 162, ""x1"": 289, ""y1"": 216, ""rgb"": [179, 179, 179]}, {""label"": ""설정"", ""x0"": 231, ""y0"": 296, ""x1"": 381, ""y1"": 350, ""rgb"": [179, 179, 179]}, {""label"": ""검색"", ""x0"": 610, ""y0"": 156, ""x1"": 760, ""y1"": 210, ""rgb"": [179, 179, 179]}, {""label"": ""저장"", ""x0"": 148, ""y0"": 43, ""x1"": 298, ""y1"": 97, ""rgb"": [179, 179, 179]}, {""label"": ""홈"", ""x0"": 327, ""y0"": 98, ""x1"": 477, ""y1"": 152, ""rgb"": [179, 179, 179]}, {""label"": ""도움말"", ""x0"": 692, ""y0"": 437, ""x1"": 842, ""y1"": 491, ""rgb"": [179, 179, 179]}, {""label"": ""삭제"", ""x0"": 484, ""y0"": 377, ""x1"": 634, ""y1"": 431, ""rgb"": [179, 179, 179]}]"
d5_L11_login_gray_M.png,11,1,gray,gray,,로그인,,418,679,506,604,479,754,533,d3_L11_gray_M.png,"[{""label"": ""로그인"", ""x0"": 604, ""y0"": 479, ""x1"": 754, ""y1"": 533, ""rgb"": [179, 179, 179]}, {""label"": ""취소"", ""x0"": 591, ""y0"": 162, ""x1"": 741, ""y1"": 216, ""rgb"": [179, 179, 179]}, {""label"": ""설정"", ""x0"": 499, ""y0"": 296, ""x1"": 649, ""y1"": 350, ""rgb"": [179, 179, 179]}, {""label"": ""검색"", ""x0"": 120, ""y0"": 156, ""x1"": 270, ""y1"": 210, ""rgb"": [179, 179, 179]}, {""label"": ""저장"", ""x0"": 582, ""y0"": 43, ""x1"": 732, ""y1"": 97, ""rgb"": [179, 179, 179]}, {""label"": ""홈"", ""x0"": 403, ""y0"": 98, ""x1"": 553, ""y1"": 152, ""rgb"": [179, 179, 179]}, {""label"": ""도움말"", ""x0"": 38, ""y0"": 437, ""x1"": 188, ""y1"": 491, ""rgb"": [179, 179, 179]}, {""label"": ""삭제"", ""x0"": 246, ""y0"": 377, ""x1"": 396, ""y1"": 431, ""rgb"": [179, 179, 179]}]"
d5_L12_login_gray_N.png,12,0,gray,gray,,로그인,,403,109,491,34,464,184,518,d3_L12_gray_N.png,"[{""label"": ""로그인"", ""x0"": 34, ""y0"": 464, ""x1"": 184, ""y1"": 518, ""rgb"": [179, 179, 179]}, {""label"": ""취소"", ""x0"": 160, ""y0"": 353, ""x1"": 310, ""y1"": 407, ""rgb"": [179, 179, 179]}, {""label"": ""설정"", ""x0"": 436, ""y0"": 385, ""x1"": 586, ""y1"": 439, ""rgb"": [179, 179, 179]}, {""label"": ""검색"", ""x0"": 653, ""y0"": 430, ""x1"": 803, ""y1"": 484, ""rgb"": [179, 179, 179]}, {""label"": ""저장"", ""x0"": 188, ""y0"": 240, ""x1"": 338, ""y1"": 294, ""rgb"": [179, 179, 179]}, {""label"": ""홈"", ""x0"": 19, ""y0"": 116, ""x1"": 169, ""y1"": 170, ""rgb"": [179, 179, 179]}, {""label"": ""도움말"", ""x0"": 386, ""y0"": 195, ""x1"": 536, ""y1"": 249, ""rgb"": [179, 179, 179]}, {""label"": ""삭제"", ""x0"": 475, ""y0"": 520, ""x1"": 625, ""y1"": 574, ""rgb"": [179, 179, 179]}]"
d5_L12_login_gray_M.png,12,1,gray,gray,,로그인,,434,771,491,696,464,846,518,d3_L12_gray_M.png,"[{""label"": ""로그인"", ""x0"": 696, ""y0"": 464, ""x1"": 846, ""y1"": 518, ""rgb"": [179, 179, 179]}, {""label"": ""취소"", ""x0"": 570, ""y0"": 353, ""x1"": 720, ""y1"": 407, ""rgb"": [179, 179, 179]}, {""label"": ""설정"", ""x0"": 294, ""y0"": 385, ""x1"": 444, ""y1"": 439, ""rgb"": [179, 179, 179]}, {""label"": ""검색"", ""x0"": 77, ""y0"": 430, ""x1"": 227, ""y1"": 484, ""rgb"": [179, 179, 179]}, {""label"": ""저장"", ""x0"": 542, ""y0"": 240, ""x1"": 692, ""y1"": 294, ""rgb"": [179, 179, 179]}, {""label"": ""홈"", ""x0"": 711, ""y0"": 116, ""x1"": 861, ""y1"": 170, ""rgb"": [179, 179, 179]}, {""label"": ""도움말"", ""x0"": 344, ""y0"": 195, ""x1"": 494, ""y1"": 249, ""rgb"": [179, 179, 179]}, {""label"": ""삭제"", ""x0"": 255, ""y0"": 520, ""x1"": 405, ""y1"": 574, ""rgb"": [179, 179, 179]}]"
d5_L13_login_gray_N.png,13,0,gray,gray,,로그인,,419,106,251,31,224,181,278,d3_L13_gray_N.png,"[{""label"": ""로그인"", ""x0"": 31, ""y0"": 224, ""x1"": 181, ""y1"": 278, ""rgb"": [179, 179, 179]}, {""label"": ""취소"", ""x0"": 695, ""y0"": 461, ""x1"": 845, ""y1"": 515, ""rgb"": [179, 179, 179]}, {""label"": ""설정"", ""x0"": 619, ""y0"": 308, ""x1"": 769, ""y1"": 362, ""rgb"": [179, 179, 179]}, {""label"": ""검색"", ""x0"": 344, ""y0"": 437, ""x1"": 494, ""y1"": 491, ""rgb"": [179, 179, 179]}, {""label"": ""저장"", ""x0"": 534, ""y0"": 126, ""x1"": 684, ""y1"": 180, ""rgb"": [179, 179, 179]}, {""label"": ""홈"", ""x0"": 201, ""y0"": 66, ""x1"": 351, ""y1"": 120, ""rgb"": [179, 179, 179]}, {""label"": ""도움말"", ""x0"": 210, ""y0"": 264, ""x1"": 360, ""y1"": 318, ""rgb"": [179, 179, 179]}, {""label"": ""삭제"", ""x0"": 408, ""y0"": 238, ""x1"": 558, ""y1"": 292, ""rgb"": [179, 179, 179]}]"
d5_L13_login_gray_M.png,13,1,gray,gray,,로그인,,417,774,251,699,224,849,278,d3_L13_gray_M.png,"[{""label"": ""로그인"", ""x0"": 699, ""y0"": 224, ""x1"": 849, ""y1"": 278, ""rgb"": [179, 179, 179]}, {""label"": ""취소"", ""x0"": 35, ""y0"": 461, ""x1"": 185, ""y1"": 515, ""rgb"": [179, 179, 179]}, {""label"": ""설정"", ""x0"": 111, ""y0"": 308, ""x1"": 261, ""y1"": 362, ""rgb"": [179, 179, 179]}, {""label"": ""검색"", ""x0"": 386, ""y0"": 437, ""x1"": 536, ""y1"": 491, ""rgb"": [179, 179, 179]}, {""label"": ""저장"", ""x0"": 196, ""y0"": 126, ""x1"": 346, ""y1"": 180, ""rgb"": [179, 179, 179]}, {""label"": ""홈"", ""x0"": 529, ""y0"": 66, ""x1"": 679, ""y1"": 120, ""rgb"": [179, 179, 179]}, {""label"": ""도움말"", ""x0"": 520, ""y0"": 264, ""x1"": 670, ""y1"": 318, ""rgb"": [179, 179, 179]}, {""label"": ""삭제"", ""x0"": 322, ""y0"": 238, ""x1"": 472, ""y1"": 292, ""rgb"": [179, 179, 179]}]"
d5_L14_login_gray_N.png,14,0,gray,gray,,로그인,,410,456,154,381,127,531,181,d3_L14_gray_N.png,"[{""label"": ""로그인"", ""x0"": 381, ""y0"": 127, ""x1"": 531, ""y1"": 181, ""rgb"": [179, 179, 179]}, {""label"": ""취소"", ""x0"": 662, ""y0"": 228, ""x1"": 812, ""y1"": 282, ""rgb"": [179, 179, 179]}, {""label"": ""설정"", ""x0"": 174, ""y0"": 437, ""x1"": 324, ""y1"": 491, ""rgb"": [179, 179, 179]}, {""label"": ""검색"", ""x0"": 439, ""y0"": 389, ""x1"": 589, ""y1"": 443, ""rgb"": [179, 179, 179]}, {""label"": ""저장"", ""x0"": 456, ""y0"": 293, ""x1"": 606, ""y1"": 347, ""rgb"": [179, 179, 179]}, {""label"": ""홈"", ""x0"": 25, ""y0"": 131, ""x1"": 175, ""y1"": 185, ""rgb"": [179, 179, 179]}, {""label"": ""도움말"", ""x0"": 229, ""y0"": 222, ""x1"": 379, ""y1"": 276, ""rgb"": [179, 179, 179]}, {""label"": ""삭제"", ""x0"": 571, ""y0"": 122, ""x1"": 721, ""y1"": 176, ""rgb"": [179, 179, 179]}]"
d5_L14_login_gray_M.png,14,1,gray,gray,,로그인,,438,424,154,349,127,499,181,d3_L14_gray_M.png,"[{""label"": ""로그인"", ""x0"": 349, ""y0"": 127, ""x1"": 499, ""y1"": 181, ""rgb"": [179, 179, 179]}, {""label"": ""취소"", ""x0"": 68, ""y0"": 228, ""x1"": 218, ""y1"": 282, ""rgb"": [179, 179, 179]}, {""label"": ""설정"", ""x0"": 556, ""y0"": 437, ""x1"": 706, ""y1"": 491, ""rgb"": [179, 179, 179]}, {""label"": ""검색"", ""x0"": 291, ""y0"": 389, ""x1"": 441, ""y1"": 443, ""rgb"": [179, 179, 179]}, {""label"": ""저장"", ""x0"": 274, ""y0"": 293, ""x1"": 424, ""y1"": 347, ""rgb"": [179, 179, 179]}, {""label"": ""홈"", ""x0"": 705, ""y0"": 131, ""x1"": 855, ""y1"": 185, ""rgb"": [179, 179, 179]}, {""label"": ""도움말"", ""x0"": 501, ""y0"": 222, ""x1"": 651, ""y1"": 276, ""rgb"": [179, 179, 179]}, {""label"": ""삭제"", ""x0"": 159, ""y0"": 122, ""x1"": 309, ""y1"": 176, ""rgb"": [179, 179, 179]}]"
d5_L15_login_gray_N.png,15,0,gray,gray,,로그인,,411,258,322,183,295,333,349,d3_L15_gray_N.png,"[{""label"": ""로그인"", ""x0"": 183, ""y0"": 295, ""x1"": 333, ""y1"": 349, ""rgb"": [179, 179, 179]}, {""label"": ""취소"", ""x0"": 304, ""y0"": 151, ""x1"": 454, ""y1"": 205, ""rgb"": [179, 179, 179]}, {""label"": ""설정"", ""x0"": 112, ""y0"": 25, ""x1"": 262, ""y1"": 79, ""rgb"": [179, 179, 179]}, {""label"": ""검색"", ""x0"": 491, ""y0"": 296, ""x1"": 641, ""y1"": 350, ""rgb"": [179, 179, 179]}, {""label"": ""저장"", ""x0"": 530, ""y0"": 39, ""x1"": 680, ""y1"": 93, ""rgb"": [179, 179, 179]}, {""label"": ""홈"", ""x0"": 61, ""y0"": 186, ""x1"": 211, ""y1"": 240, ""rgb"": [179, 179, 179]}, {""label"": ""도움말"", ""x0"": 665, ""y0"": 494, ""x1"": 815, ""y1"": 548, ""rgb"": [179, 179, 179]}, {""label"": ""삭제"", ""x0"": 50, ""y0"": 442, ""x1"": 200, ""y1"": 496, ""rgb"": [179, 179, 179]}]"
d5_L15_login_gray_M.png,15,1,gray,gray,,로그인,,430,622,322,547,295,697,349,d3_L15_gray_M.png,"[{""label"": ""로그인"", ""x0"": 547, ""y0"": 295, ""x1"": 697, ""y1"": 349, ""rgb"": [179, 179, 179]}, {""label"": ""취소"", ""x0"": 426, ""y0"": 151, ""x1"": 576, ""y1"": 205, ""rgb"": [179, 179, 179]}, {""label"": ""설정"", ""x0"": 618, ""y0"": 25, ""x1"": 768, ""y1"": 79, ""rgb"": [179, 179, 179]}, {""label"": ""검색"", ""x0"": 239, ""y0"": 296, ""x1"": 389, ""y1"": 350, ""rgb"": [179, 179, 179]}, {""label"": ""저장"", ""x0"": 200, ""y0"": 39, ""x1"": 350, ""y1"": 93, ""rgb"": [179, 179, 179]}, {""label"": ""홈"", ""x0"": 669, ""y0"": 186, ""x1"": 819, ""y1"": 240, ""rgb"": [179, 179, 179]}, {""label"": ""도움말"", ""x0"": 65, ""y0"": 494, ""x1"": 215, ""y1"": 548, ""rgb"": [179, 179, 179]}, {""label"": ""삭제"", ""x0"": 680, ""y0"": 442, ""x1"": 830, ""y1"": 496, ""rgb"": [179, 179, 179]}]"
d5_L16_login_gray_N.png,16,0,gray,gray,,로그인,,421,333,58,258,31,408,85,d3_L16_gray_N.png,"[{""label"": ""로그인"", ""x0"": 258, ""y0"": 31, ""x1"": 408, ""y1"": 85, ""rgb"": [179, 179, 179]}, {""label"": ""취소"", ""x0"": 189, ""y0"": 382, ""x1"": 339, ""y1"": 436, ""rgb"": [179, 179, 179]}, {""label"": ""설정"", ""x0"": 74, ""y0"": 297, ""x1"": 224, ""y1"": 351, ""rgb"": [179, 179, 179]}, {""label"": ""검색"", ""x0"": 38, ""y0"": 167, ""x1"": 188, ""y1"": 221, ""rgb"": [179, 179, 179]}, {""label"": ""저장"", ""x0"": 533, ""y0"": 388, ""x1"": 683, ""y1"": 442, ""rgb"": [179, 179, 179]}, {""label"": ""홈"", ""x0"": 464, ""y0"": 157, ""x1"": 614, ""y1"": 211, ""rgb"": [179, 179, 179]}, {""label"": ""도움말"", ""x0"": 633, ""y0"": 75, ""x1"": 783, ""y1"": 129, ""rgb"": [179, 179, 179]}, {""label"": ""삭제"", ""x0"": 478, ""y0"": 513, ""x1"": 628, ""y1"": 567, ""rgb"": [179, 179, 179]}]"
d5_L16_login_gray_M.png,16,1,gray,gray,,로그인,,431,547,58,472,31,622,85,d3_L16_gray_M.png,"[{""label"": ""로그인"", ""x0"": 472, ""y0"": 31, ""x1"": 622, ""y1"": 85, ""rgb"": [179, 179, 179]}, {""label"": ""취소"", ""x0"": 541, ""y0"": 382, ""x1"": 691, ""y1"": 436, ""rgb"": [179, 179, 179]}, {""label"": ""설정"", ""x0"": 656, ""y0"": 297, ""x1"": 806, ""y1"": 351, ""rgb"": [179, 179, 179]}, {""label"": ""검색"", ""x0"": 692, ""y0"": 167, ""x1"": 842, ""y1"": 221, ""rgb"": [179, 179, 179]}, {""label"": ""저장"", ""x0"": 197, ""y0"": 388, ""x1"": 347, ""y1"": 442, ""rgb"": [179, 179, 179]}, {""label"": ""홈"", ""x0"": 266, ""y0"": 157, ""x1"": 416, ""y1"": 211, ""rgb"": [179, 179, 179]}, {""label"": ""도움말"", ""x0"": 97, ""y0"": 75, ""x1"": 247, ""y1"": 129, ""rgb"": [179, 179, 179]}, {""label"": ""삭제"", ""x0"": 252, ""y0"": 513, ""x1"": 402, ""y1"": 567, ""rgb"": [179, 179, 179]}]"
d5_L17_login_gray_N.png,17,0,gray,gray,,로그인,,432,532,454,457,427,607,481,d3_L17_gray_N.png,"[{""label"": ""로그인"", ""x0"": 457, ""y0"": 427, ""x1"": 607, ""y1"": 481, ""rgb"": [179, 179, 179]}, {""label"": ""취소"", ""x0"": 218, ""y0"": 457, ""x1"": 368, ""y1"": 511, ""rgb"": [179, 179, 179]}, {""label"": ""설정"", ""x0"": 327, ""y0"": 144, ""x1"": 477, ""y1"": 198, ""rgb"": [179, 179, 179]}, {""label"": ""검색"", ""x0"": 597, ""y0"": 168, ""x1"": 747, ""y1"": 222, ""rgb"": [179, 179, 179]}, {""label"": ""저장"", ""x0"": 75, ""y0"": 102, ""x1"": 225, ""y1"": 156, ""rgb"": [179, 179, 179]}, {""label"": ""홈"", ""x0"": 336, ""y0"": 23, ""x1"": 486, ""y1"": 77, ""rgb"": [179, 179, 179]}, {""label"": ""도움말"", ""x0"": 534, ""y0"": 281, ""x1"": 684, ""y1"": 335, ""rgb"": [179, 179, 179]}, {""label"": ""삭제"", ""x0"": 665, ""y0"": 30, ""x1"": 815, ""y1"": 84, ""rgb"": [179, 179, 179]}]"
d5_L17_login_gray_M.png,17,1,gray,gray,,로그인,,422,348,454,273,427,423,481,d3_L17_gray_M.png,"[{""label"": ""로그인"", ""x0"": 273, ""y0"": 427, ""x1"": 423, ""y1"": 481, ""rgb"": [179, 179, 179]}, {""label"": ""취소"", ""x0"": 512, ""y0"": 457, ""x1"": 662, ""y1"": 511, ""rgb"": [179, 179, 179]}, {""label"": ""설정"", ""x0"": 403, ""y0"": 144, ""x1"": 553, ""y1"": 198, ""rgb"": [179, 179, 179]}, {""label"": ""검색"", ""x0"": 133, ""y0"": 168, ""x1"": 283, ""y1"": 222, ""rgb"": [179, 179, 179]}, {""label"": ""저장"", ""x0"": 655, ""y0"": 102, ""x1"": 805, ""y1"": 156, ""rgb"": [179, 179, 179]}, {""label"": ""홈"", ""x0"": 394, ""y0"": 23, ""x1"": 544, ""y1"": 77, ""rgb"": [179, 179, 179]}, {""label"": ""도움말"", ""x0"": 196, ""y0"": 281, ""x1"": 346, ""y1"": 335, ""rgb"": [179, 179, 179]}, {""label"": ""삭제"", ""x0"": 65, ""y0"": 30, ""x1"": 215, ""y1"": 84, ""rgb"": [179, 179, 179]}]"
d5_L18_login_gray_N.png,18,0,gray,gray,,로그인,,400,470,405,395,378,545,432,d3_L18_gray_N.png,"[{""label"": ""로그인"", ""x0"": 395, ""y0"": 378, ""x1"": 545, ""y1"": 432, ""rgb"": [179, 179, 179]}, {""label"": ""취소"", ""x0"": 276, ""y0"": 277, ""x1"": 426, ""y1"": 331, ""rgb"": [179, 179, 179]}, {""label"": ""설정"", ""x0"": 541, ""y0"": 526, ""x1"": 691, ""y1"": 580, ""rgb"": [179, 179, 179]}, {""label"": ""검색"", ""x0"": 262, ""y0"": 483, ""x1"": 412, ""y1"": 537, ""rgb"": [179, 179, 179]}, {""label"": ""저장"", ""x0"": 32, ""y0"": 470, ""x1"": 182, ""y1"": 524, ""rgb"": [179, 179, 179]}, {""label"": ""홈"", ""x0"": 601, ""y0"": 119, ""x1"": 751, ""y1"": 173, ""rgb"": [179, 179, 179]}, {""label"": ""도움말"", ""x0"": 155, ""y0"": 376, ""x1"": 305, ""y1"": 430, ""rgb"": [179, 179, 179]}, {""label"": ""삭제"", ""x0"": 594, ""y0"": 369, ""x1"": 744, ""y1"": 423, ""rgb"": [179, 179, 179]}]"
d5_L18_login_gray_M.png,18,1,gray,gray,,로그인,,428,410,405,335,378,485,432,d3_L18_gray_M.png,"[{""label"": ""로그인"", ""x0"": 335, ""y0"": 378, ""x1"": 485, ""y1"": 432, ""rgb"": [179, 179, 179]}, {""label"": ""취소"", ""x0"": 454, ""y0"": 277, ""x1"": 604, ""y1"": 331, ""rgb"": [179, 179, 179]}, {""label"": ""설정"", ""x0"": 189, ""y0"": 526, ""x1"": 339, ""y1"": 580, ""rgb"": [179, 179, 179]}, {""label"": ""검색"", ""x0"": 468, ""y0"": 483, ""x1"": 618, ""y1"": 537, ""rgb"": [179, 179, 179]}, {""label"": ""저장"", ""x0"": 698, ""y0"": 470, ""x1"": 848, ""y1"": 524, ""rgb"": [179, 179, 179]}, {""label"": ""홈"", ""x0"": 129, ""y0"": 119, ""x1"": 279, ""y1"": 173, ""rgb"": [179, 179, 179]}, {""label"": ""도움말"", ""x0"": 575, ""y0"": 376, ""x1"": 725, ""y1"": 430, ""rgb"": [179, 179, 179]}, {""label"": ""삭제"", ""x0"": 136, ""y0"": 369, ""x1"": 286, ""y1"": 423, ""rgb"": [179, 179, 179]}]"
d5_L19_login_gray_N.png,19,0,gray,gray,,로그인,,424,707,494,632,467,782,521,d3_L19_gray_N.png,"[{""label"": ""로그인"", ""x0"": 632, ""y0"": 467, ""x1"": 782, ""y1"": 521, ""rgb"": [179, 179, 179]}, {""label"": ""취소"", ""x0"": 43, ""y0"": 353, ""x1"": 193, ""y1"": 407, ""rgb"": [179, 179, 179]}, {""label"": ""설정"", ""x0"": 257, ""y0"": 147, ""x1"": 407, ""y1"": 201, ""rgb"": [179, 179, 179]}, {""label"": ""검색"", ""x0"": 317, ""y0"": 243, ""x1"": 467, ""y1"": 297, ""rgb"": [179, 179, 179]}, {""label"": ""저장"", ""x0"": 634, ""y0"": 74, ""x1"": 784, ""y1"": 128, ""rgb"": [179, 179, 179]}, {""label"": ""홈"", ""x0"": 681, ""y0"": 232, ""x1"": 831, ""y1"": 286, ""rgb"": [179, 179, 179]}, {""label"": ""도움말"", ""x0"": 34, ""y0"": 463, ""x1"": 184, ""y1"": 517, ""rgb"": [179, 179, 179]}, {""label"": ""삭제"", ""x0"": 494, ""y0"": 324, ""x1"": 644, ""y1"": 378, ""rgb"": [179, 179, 179]}]"
d5_L19_login_gray_M.png,19,1,gray,gray,,로그인,,407,173,494,98,467,248,521,d3_L19_gray_M.png,"[{""label"": ""로그인"", ""x0"": 98, ""y0"": 467, ""x1"": 248, ""y1"": 521, ""rgb"": [179, 179, 179]}, {""label"": ""취소"", ""x0"": 687, ""y0"": 353, ""x1"": 837, ""y1"": 407, ""rgb"": [179, 179, 179]}, {""label"": ""설정"", ""x0"": 473, ""y0"": 147, ""x1"": 623, ""y1"": 201, ""rgb"": [179, 179, 179]}, {""label"": ""검색"", ""x0"": 413, ""y0"": 243, ""x1"": 563, ""y1"": 297, ""rgb"": [179, 179, 179]}, {""label"": ""저장"", ""x0"": 96, ""y0"": 74, ""x1"": 246, ""y1"": 128, ""rgb"": [179, 179, 179]}, {""label"": ""홈"", ""x0"": 49, ""y0"": 232, ""x1"": 199, ""y1"": 286, ""rgb"": [179, 179, 179]}, {""label"": ""도움말"", ""x0"": 696, ""y0"": 463, ""x1"": 846, ""y1"": 517, ""rgb"": [179, 179, 179]}, {""label"": ""삭제"", ""x0"": 236, ""y0"": 324, ""x1"": 386, ""y1"": 378, ""rgb"": [179, 179, 179]}]"
