file,layout,mirror,cond,kind,target,decoy,scale,picked,hit,err,pred_x,pred_y,status,raw,ts
d5_L15_settings_D65_M.png,15,1,D65,decoy,설정,삭제,0.125,설정,1,2.6,693.4,54.6,ok,"```json {""x"": 788, ""y"": 91} ```",2026-10-07T23:34:11
d5_L08_settings_D245_M.png,8,1,D245,decoy,설정,도움말,0.125,설정,1,1.2,687.3,310.2,ok,"```json {""x"": 781, ""y"": 517} ```",2026-10-07T23:35:37
d5_L02_settings_D65_N.png,2,0,D65,decoy,설정,도움말,0.125,도움말,0,406.4,291.3,72.6,ok,"```json {""x"": 331, ""y"": 121} ```",2026-10-07T23:36:27
d5_L08_home_D65_M.png,8,1,D65,decoy,홈,삭제,0.125,홈,1,9.0,544.7,51.0,ok,"```json {""x"": 619, ""y"": 85} ```",2026-10-07T23:38:38
d5_L07_login_D245_M.png,7,1,D245,decoy,로그인,취소,0.125,취소,0,100.6,294.8,288.6,ok,"```json {""x"": 335, ""y"": 481} ```",2026-10-07T23:39:19
d5_L14_settings_T65_M.png,14,1,T65,target,설정,로그인,0.125,설정,1,2.4,629.2,465.6,ok,"```json {""x"": 715, ""y"": 776} ```",2026-10-07T23:39:55
d5_L06_settings_T245_M.png,6,1,T245,target,설정,로그인,0.125,설정,1,2.3,515.7,281.4,ok,"```json {""x"": 586, ""y"": 469} ```",2026-10-07T23:40:27
d5_L01_home_T65_M.png,1,1,T65,target,홈,로그인,0.125,홈,1,2.0,572.9,181.8,ok,"```json {""x"": 651, ""y"": 303} ```",2026-10-07T23:41:16
d5_L17_home_T245_N.png,17,0,T245,target,홈,저장,0.125,홈,1,3.2,409.2,47.4,ok,"```json {""x"": 465, ""y"": 79} ```",2026-10-07T23:42:31
d5_L15_home_T65_M.png,15,1,T65,target,홈,설정,0.125,홈,1,1.3,743.6,211.8,ok,"```json {""x"": 845, ""y"": 353} ```",2026-10-07T23:42:55
d5_L17_home_D245_M.png,17,1,D245,decoy,홈,저장,0.125,저장,0,272.8,729.5,130.8,ok,"{""x"": 829, ""y"": 218}",2026-10-07T23:43:20
d5_L15_home_D65_N.png,15,0,D65,decoy,홈,설정,0.125,설정,0,169.4,187.4,51.6,ok,"```json {""x"": 213, ""y"": 86} ```",2026-10-07T23:43:39
d5_L03_home_D65_N.png,3,0,D65,decoy,홈,설정,0.125,설정,0,285.3,477.0,363.0,ok,"```json {""x"": 542, ""y"": 605} ```",2026-10-07T23:44:05
d5_L01_home_T65_N.png,1,0,T65,target,홈,로그인,0.125,홈,1,1.2,308.0,178.8,ok,"```json {""x"": 350, ""y"": 298} ```",2026-10-07T23:44:25
d5_L15_home_T245_M.png,15,1,T245,target,홈,설정,0.125,홈,1,1.3,744.5,211.8,ok,"```json {""x"": 846, ""y"": 353} ```",2026-10-07T23:44:38
d5_L09_login_D245_M.png,9,1,D245,decoy,로그인,취소,0.125,도움말,0,410.4,721.6,63.0,ok,"```json {""x"": 820, ""y"": 105} ```",2026-10-07T23:44:50
d5_L05_settings_T65_M.png,5,1,T65,target,설정,저장,0.125,설정,1,4.0,492.8,397.2,ok,"```json {""x"": 560, ""y"": 662} ```",2026-10-07T23:45:00
d5_L02_home_D245_M.png,2,1,D245,decoy,홈,저장,0.125,저장,0,373.5,587.0,145.2,ok,"```json {""x"": 667, ""y"": 242} ```",2026-10-07T23:45:14
d5_L15_settings_T65_N.png,15,0,T65,target,설정,삭제,0.125,설정,1,0.6,187.4,51.6,ok,"```json {""x"": 213, ""y"": 86} ```",2026-10-07T23:45:27
d5_L12_login_D245_N.png,12,0,D245,decoy,로그인,홈,0.125,취소,0,169.7,236.7,379.2,ok,"```json {""x"": 269, ""y"": 632} ```",2026-10-07T23:45:43
d5_L00_home_T245_M.png,0,1,T245,target,홈,삭제,0.125,홈,1,3.3,151.4,352.8,ok,"```json {""x"": 172, ""y"": 588} ```",2026-10-07T23:47:14
d5_L07_login_D245_N.png,7,0,D245,decoy,로그인,취소,0.125,취소,0,103.6,585.2,291.6,ok,"```json {""x"": 665, ""y"": 486} ```",2026-10-07T23:47:24
d5_L18_settings_D65_M.png,18,1,D65,decoy,설정,검색,0.125,설정,1,3.8,266.6,550.2,ok,"```json {""x"": 303, ""y"": 917} ```",2026-10-07T23:47:34
d5_L17_login_D245_M.png,17,1,D245,decoy,로그인,도움말,0.125,도움말,0,166.2,270.2,307.2,ok,"```json {""x"": 307, ""y"": 512} ```",2026-10-07T23:47:44
d5_L14_settings_T65_N.png,14,0,T65,target,설정,로그인,0.125,설정,1,1.8,250.8,464.4,ok,"```json {""x"": 285, ""y"": 774} ```",2026-10-07T23:47:54
d5_L16_login_D65_M.png,16,1,D65,decoy,로그인,취소,0.125,도움말,0,377.8,171.6,100.2,ok,"```json {""x"": 195, ""y"": 167} ```",2026-10-07T23:48:04
d5_L03_login_D245_M.png,3,1,D245,decoy,로그인,삭제,0.125,로그인,1,2.2,613.4,195.6,ok,"```json {""x"": 697, ""y"": 326} ```",2026-10-07T23:48:14
d5_L06_login_D65_N.png,6,0,D65,decoy,로그인,홈,0.125,도움말,0,392.4,236.7,149.4,ok,"```json {""x"": 269, ""y"": 249} ```",2026-10-07T23:48:24
d5_L19_settings_D245_M.png,19,1,D245,decoy,설정,삭제,0.125,설정,1,1.6,549.1,172.8,ok,"```json {""x"": 624, ""y"": 288} ```",2026-10-07T23:48:34
d5_L00_home_D65_M.png,0,1,D65,decoy,홈,삭제,0.125,삭제,0,312.2,170.7,44.4,ok,"```json {""x"": 194, ""y"": 74} ```",2026-10-07T23:48:44
d5_L08_settings_D65_N.png,8,0,D65,decoy,설정,도움말,0.125,도움말,0,271.6,310.6,553.8,ok,"```json {""x"": 353, ""y"": 923} ```",2026-10-07T23:48:54
d5_L14_settings_D65_M.png,14,1,D65,decoy,설정,로그인,0.125,설정,1,3.3,631.8,460.8,ok,"```json {""x"": 718, ""y"": 768} ```",2026-10-07T23:49:04
d5_L16_home_T65_N.png,16,0,T65,target,홈,취소,0.125,홈,1,2.2,539.4,181.8,ok,"```json {""x"": 613, ""y"": 303} ```",2026-10-07T23:49:15
d5_L08_home_T245_N.png,8,0,T245,target,홈,삭제,0.125,홈,1,0.9,335.3,59.4,ok,"```json {""x"": 381, ""y"": 99} ```",2026-10-07T23:49:25
d5_L04_settings_T65_N.png,4,0,T65,target,설정,검색,0.125,설정,1,0.9,277.2,425.4,ok,"```json {""x"": 315, ""y"": 709} ```",2026-10-07T23:49:35
d5_L08_settings_D245_N.png,8,0,D245,decoy,설정,도움말,0.125,도움말,0,265.4,312.4,546.0,ok,"```json {""x"": 355, ""y"": 910} ```",2026-10-07T23:49:45
d5_L03_settings_D245_N.png,3,0,D245,decoy,설정,도움말,0.125,설정,1,1.0,475.2,359.4,ok,"```json {""x"": 540, ""y"": 599} ```",2026-10-07T23:49:56
d5_L13_home_D245_M.png,13,1,D245,decoy,홈,도움말,0.125,홈,1,0.7,603.7,92.4,ok,"```json {""x"": 686, ""y"": 154} ```",2026-10-07T23:50:06
d5_L16_login_D245_N.png,16,0,D245,decoy,로그인,취소,0.125,로그인,1,10.6,333.5,47.4,ok,"```json {""x"": 379, ""y"": 79} ```",2026-10-07T23:50:17
d5_L00_login_D65_M.png,0,1,D65,decoy,로그인,취소,0.125,로그인,1,4.4,315.0,517.8,ok,"```json {""x"": 358, ""y"": 863} ```",2026-10-07T23:50:28
d5_L09_login_D65_N.png,9,0,D65,decoy,로그인,취소,0.125,취소,0,270.2,260.5,181.8,ok,"```json {""x"": 296, ""y"": 303} ```",2026-10-07T23:50:39
d5_L16_login_D245_M.png,16,1,D245,decoy,로그인,취소,0.125,도움말,0,379.4,170.7,106.8,ok,"```json {""x"": 194, ""y"": 178} ```",2026-10-07T23:50:49
d5_L10_home_T65_M.png,10,1,T65,target,홈,검색,0.125,홈,1,3.5,411.8,321.0,ok,"```json {""x"": 468, ""y"": 535} ```",2026-10-07T23:50:58
d5_L19_login_D245_N.png,19,0,D245,decoy,로그인,설정,0.125,도움말,0,598.8,108.2,485.4,ok,"```json {""x"": 123, ""y"": 809} ```",2026-10-07T23:51:09
d5_L10_settings_T65_N.png,10,0,T65,target,설정,취소,0.125,설정,1,2.3,197.1,117.6,ok,"```json {""x"": 224, ""y"": 196} ```",2026-10-07T23:51:18
d5_L01_login_D65_M.png,1,1,D65,decoy,로그인,홈,0.125,도움말,0,230.9,310.6,180.0,ok,"```json {""x"": 353, ""y"": 300} ```",2026-10-07T23:51:28
d5_L01_settings_T65_M.png,1,1,T65,target,설정,취소,0.125,설정,1,2.0,428.6,501.6,ok,"```json {""x"": 487, ""y"": 836} ```",2026-10-07T23:51:40
d5_L04_home_D65_M.png,4,1,D65,decoy,홈,취소,0.125,홈,1,5.5,375.8,507.6,ok,"```json {""x"": 427, ""y"": 846} ```",2026-10-07T23:51:50
d5_L09_login_D245_N.png,9,0,D245,decoy,로그인,취소,0.125,취소,0,273.4,258.7,176.4,ok,"```json {""x"": 294, ""y"": 294} ```",2026-10-07T23:52:02
d5_L02_settings_T245_N.png,2,0,T245,target,설정,도움말,0.125,설정,1,4.1,264.0,474.0,ok,"```json {""x"": 300, ""y"": 790} ```",2026-10-07T23:52:17
d5_L07_login_D65_M.png,7,1,D65,decoy,로그인,취소,0.125,취소,0,102.4,293.9,290.4,ok,"{""x"": 334, ""y"": 484}",2026-10-07T23:52:38
d5_L00_settings_D245_M.png,0,1,D245,decoy,설정,검색,0.125,도움말,0,281.9,291.3,163.2,ok,"```json {""x"": 331, ""y"": 272} ```",2026-10-07T23:53:01
d5_L17_login_D65_N.png,17,0,D65,decoy,로그인,도움말,0.125,도움말,0,165.8,609.0,307.2,ok,"```json {""x"": 692, ""y"": 512} ```",2026-10-07T23:53:41
d5_L00_settings_D245_N.png,0,0,D245,decoy,설정,검색,0.125,도움말,0,281.3,587.8,167.4,ok,"```json {""x"": 668, ""y"": 279} ```",2026-10-07T23:54:41
d5_L09_settings_T245_N.png,9,0,T245,target,설정,홈,0.125,설정,1,3.4,219.1,317.4,ok,"```json {""x"": 249, ""y"": 529} ```",2026-10-07T23:55:57
d5_L18_home_T65_M.png,18,1,T65,target,홈,취소,0.125,홈,1,2.1,205.9,145.2,ok,"```json {""x"": 234, ""y"": 242} ```",2026-10-08T00:03:31
d5_L16_settings_T245_N.png,16,0,T245,target,설정,도움말,0.125,설정,1,3.0,148.7,321.0,ok,"```json {""x"": 169, ""y"": 535} ```",2026-10-08T00:06:18
d5_L01_home_T245_N.png,1,0,T245,target,홈,로그인,0.125,홈,1,1.8,309.8,180.0,ok,"```json {""x"": 352, ""y"": 300} ```",2026-10-08T00:07:27
d5_L08_home_T65_M.png,8,1,T65,target,홈,삭제,0.125,홈,1,0.7,544.7,60.0,ok,"```json {""x"": 619, ""y"": 100} ```",2026-10-08T00:07:46
d5_L13_home_T245_N.png,13,0,T245,target,홈,도움말,0.125,홈,1,4.8,275.4,88.2,ok,"```json {""x"": 313, ""y"": 147} ```",2026-10-08T00:08:03
d5_L03_login_D245_N.png,3,0,D245,decoy,로그인,삭제,0.125,로그인,1,4.1,267.5,193.8,ok,"```json {""x"": 304, ""y"": 323} ```",2026-10-08T00:08:13
d5_L16_home_D245_N.png,16,0,D245,decoy,홈,취소,0.125,홈,1,6.4,533.3,181.2,ok,"```json {""x"": 606, ""y"": 302} ```",2026-10-08T00:08:24
d5_L04_login_D245_N.png,4,0,D245,decoy,로그인,삭제,0.125,삭제,0,228.5,781.4,487.2,ok,"```json {""x"": 888, ""y"": 812} ```",2026-10-08T00:10:26
d5_L18_home_D65_M.png,18,1,D65,decoy,홈,취소,0.125,홈,1,1.3,205.0,145.2,ok,"```json {""x"": 233, ""y"": 242} ```",2026-10-08T00:10:38
d5_L12_login_D65_M.png,12,1,D65,decoy,로그인,홈,0.125,도움말,0,434.9,424.2,228.6,ok,"```json {""x"": 482, ""y"": 381} ```",2026-10-08T00:13:54
d5_L09_home_T245_M.png,9,1,T245,target,홈,로그인,0.125,홈,1,4.4,172.5,471.6,ok,"```json {""x"": 196, ""y"": 786} ```",2026-10-08T00:14:07
d5_L13_home_T245_M.png,13,1,T245,target,홈,도움말,0.125,홈,1,3.6,603.7,89.4,ok,"```json {""x"": 686, ""y"": 149} ```",2026-10-08T00:14:17
d5_L06_home_D245_M.png,6,1,D245,decoy,홈,설정,0.125,설정,0,274.8,515.7,281.4,ok,"```json {""x"": 586, ""y"": 469} ```",2026-10-08T00:14:28
d5_L10_home_D245_M.png,10,1,D245,decoy,홈,검색,0.125,홈,1,4.3,411.8,319.8,ok,"```json {""x"": 468, ""y"": 533} ```",2026-10-08T00:14:39
d5_L15_login_D245_M.png,15,1,D245,decoy,로그인,삭제,0.125,로그인,1,3.7,623.9,325.2,ok,"```json {""x"": 709, ""y"": 542} ```",2026-10-08T00:14:49
d5_L11_settings_D65_M.png,11,1,D65,decoy,설정,도움말,0.125,설정,1,2.3,572.9,321.0,ok,"```json {""x"": 651, ""y"": 535} ```",2026-10-08T00:14:59
d5_L08_home_D245_N.png,8,0,D245,decoy,홈,삭제,0.125,홈,1,7.2,335.3,52.8,ok,"```json {""x"": 381, ""y"": 88} ```",2026-10-08T00:15:11
d5_L04_settings_D245_N.png,4,0,D245,decoy,설정,검색,0.125,검색,0,414.7,618.6,188.4,ok,"```json {""x"": 703, ""y"": 314} ```",2026-10-08T00:15:21
d5_L10_settings_T245_M.png,10,1,T245,target,설정,취소,0.125,설정,1,2.3,682.9,117.6,ok,"```json {""x"": 776, ""y"": 196} ```",2026-10-08T00:15:32
d5_L03_home_T65_N.png,3,0,T65,target,홈,설정,0.125,홈,1,4.5,518.3,76.8,ok,"```json {""x"": 589, ""y"": 128} ```",2026-10-08T00:15:59
d5_L04_settings_D65_M.png,4,1,D65,decoy,설정,검색,0.125,설정,1,1.7,603.7,425.4,ok,"```json {""x"": 686, ""y"": 709} ```",2026-10-08T00:16:10
d5_L05_home_T245_M.png,5,1,T245,target,홈,로그인,0.125,홈,1,2.2,183.0,145.2,ok,"{""x"": 208, ""y"": 242}",2026-10-08T00:16:21
d5_L16_settings_T65_N.png,16,0,T65,target,설정,도움말,0.125,설정,1,3.0,148.7,321.0,ok,"```json {""x"": 169, ""y"": 535} ```",2026-10-08T00:16:31
d5_L17_settings_D65_M.png,17,1,D65,decoy,설정,도움말,0.125,도움말,0,247.5,270.2,305.4,ok,"```json {""x"": 307, ""y"": 509} ```",2026-10-08T00:16:41
d5_L09_settings_D245_M.png,9,1,D245,decoy,설정,홈,0.125,도움말,0,253.8,719.8,72.6,ok,"```json {""x"": 818, ""y"": 121} ```",2026-10-08T00:16:51
d5_L19_login_D245_M.png,19,1,D245,decoy,로그인,설정,0.125,로그인,1,6.8,172.5,487.2,ok,"```json {""x"": 196, ""y"": 812} ```",2026-10-08T00:17:02
d5_L07_settings_T245_N.png,7,0,T245,target,설정,삭제,0.125,설정,1,2.8,550.0,408.0,ok,"```json {""x"": 625, ""y"": 680} ```",2026-10-08T00:17:12
d5_L04_home_T65_N.png,4,0,T65,target,홈,취소,0.125,홈,1,1.4,500.7,510.6,ok,"{""x"": 569, ""y"": 851}",2026-10-08T00:19:30
d5_L07_settings_T65_M.png,7,1,T65,target,설정,삭제,0.125,설정,1,1.5,327.4,408.6,ok,"```json {""x"": 372, ""y"": 681} ```",2026-10-08T00:19:44
d5_L11_settings_D245_N.png,11,0,D245,decoy,설정,도움말,0.125,검색,0,407.7,686.4,176.4,ok,"```json {""x"": 780, ""y"": 294} ```",2026-10-08T00:19:55
d5_L18_settings_T65_N.png,18,0,T65,target,설정,검색,0.125,설정,1,3.4,618.6,550.8,ok,"```json {""x"": 703, ""y"": 918} ```",2026-10-08T00:20:05
d5_L04_settings_T245_N.png,4,0,T245,target,설정,검색,0.125,설정,1,1.7,276.3,425.4,ok,"```json {""x"": 314, ""y"": 709} ```",2026-10-08T00:20:16
d5_L05_home_D65_M.png,5,1,D65,decoy,홈,로그인,0.125,홈,1,1.6,182.2,141.6,ok,"```json {""x"": 207, ""y"": 236} ```",2026-10-08T00:20:27
d5_L13_settings_T65_N.png,13,0,T65,target,설정,삭제,0.125,저장,0,199.4,609.8,154.2,ok,"```json {""x"": 693, ""y"": 257} ```",2026-10-08T00:20:38
d5_L17_login_D65_M.png,17,1,D65,decoy,로그인,도움말,0.125,도움말,0,167.8,270.2,305.4,ok,"```json {""x"": 307, ""y"": 509} ```",2026-10-08T00:20:47
d5_L01_settings_D65_M.png,1,1,D65,decoy,설정,취소,0.125,설정,1,3.0,428.6,500.4,ok,"```json {""x"": 487, ""y"": 834} ```",2026-10-08T00:20:57
d5_L13_settings_D65_N.png,13,0,D65,decoy,설정,삭제,0.125,저장,0,203.8,609.8,149.4,ok,"{""x"": 693, ""y"": 249}",2026-10-08T00:21:09
d5_L11_settings_D245_M.png,11,1,D245,decoy,설정,도움말,0.125,도움말,0,479.8,114.4,460.8,ok,"```json {""x"": 130, ""y"": 768} ```",2026-10-08T00:21:20
d5_L15_settings_D245_N.png,15,0,D245,decoy,설정,삭제,0.125,설정,1,0.6,187.4,51.6,ok,"```json {""x"": 213, ""y"": 86} ```",2026-10-08T00:21:30
d5_L17_login_D245_N.png,17,0,D245,decoy,로그인,도움말,0.125,도움말,0,165.8,609.0,307.2,ok,"```json {""x"": 692, ""y"": 512} ```",2026-10-08T00:21:39
d5_L07_settings_T65_N.png,7,0,T65,target,설정,삭제,0.125,설정,1,2.2,553.5,411.6,ok,"```json {""x"": 629, ""y"": 686} ```",2026-10-08T00:21:50
d5_L12_home_D65_M.png,12,1,D65,decoy,홈,취소,0.125,홈,1,1.2,786.7,144.0,ok,"```json {""x"": 894, ""y"": 240} ```",2026-10-08T00:22:01
d5_L03_settings_D245_M.png,3,1,D245,decoy,설정,도움말,0.125,설정,1,3.1,403.0,363.0,ok,"```json {""x"": 458, ""y"": 605} ```",2026-10-08T00:22:11
d5_L00_settings_T245_N.png,0,0,T245,target,설정,검색,0.125,도움말,0,281.1,587.8,163.2,ok,"```json {""x"": 668, ""y"": 272} ```",2026-10-08T00:22:23
d5_L18_settings_D245_M.png,18,1,D245,decoy,설정,검색,0.125,검색,0,279.6,540.3,510.6,ok,"```json {""x"": 614, ""y"": 851} ```",2026-10-08T00:22:33
d5_L14_home_D245_N.png,14,0,D245,decoy,홈,저장,0.125,홈,1,3.8,99.4,154.2,ok,"```json {""x"": 113, ""y"": 257} ```",2026-10-08T09:04:00
d5_L06_settings_T245_N.png,6,0,T245,target,설정,로그인,0.125,설정,1,0.2,366.1,283.2,ok,"```json {""x"": 416, ""y"": 472} ```",2026-10-08T09:04:07
d5_L04_home_D245_N.png,4,0,D245,decoy,홈,취소,0.125,취소,0,488.0,100.3,233.4,ok,"```json {""x"": 114, ""y"": 389} ```",2026-10-08T09:04:13
d5_L03_home_D245_M.png,3,1,D245,decoy,홈,설정,0.125,홈,1,10.5,362.6,70.8,ok,"```json {""x"": 412, ""y"": 118} ```",2026-10-08T09:04:20
d5_L18_home_D65_N.png,18,0,D65,decoy,홈,취소,0.125,홈,1,0.8,675.8,145.2,ok,"```json {""x"": 768, ""y"": 242} ```",2026-10-08T09:04:26
d5_L07_home_T65_N.png,7,0,T65,target,홈,검색,0.125,홈,1,0.4,230.6,237.0,ok,"{""x"": 262, ""y"": 395}",2026-10-08T09:04:35
d5_L08_settings_T65_N.png,8,0,T65,target,설정,도움말,0.125,설정,1,2.3,194.5,307.2,ok,"```json {""x"": 221, ""y"": 512} ```",2026-10-08T09:04:45
d5_L16_settings_D65_N.png,16,0,D65,decoy,설정,도움말,0.125,도움말,0,601.4,708.4,103.2,ok,"```json {""x"": 805, ""y"": 172} ```",2026-10-08T09:04:52
d5_L01_login_D245_M.png,1,1,D245,decoy,로그인,홈,0.125,취소,0,411.1,544.7,375.0,ok,"```json {""x"": 619, ""y"": 625} ```",2026-10-08T09:05:03
d5_L04_home_D65_N.png,4,0,D65,decoy,홈,취소,0.125,취소,0,488.7,99.4,233.4,ok,"```json {""x"": 113, ""y"": 389} ```",2026-10-08T09:05:12
d5_L15_home_D65_M.png,15,1,D65,decoy,홈,설정,0.125,설정,0,166.0,694.3,54.6,ok,"```json {""x"": 789, ""y"": 91} ```",2026-10-08T09:05:17
d5_L06_home_T65_N.png,6,0,T65,target,홈,설정,0.125,홈,1,1.7,443.5,544.2,ok,"{""x"": 504, ""y"": 907}",2026-10-08T09:05:23
d5_L07_settings_D245_N.png,7,0,D245,decoy,설정,삭제,0.125,설정,1,2.2,553.5,411.6,ok,"```json {""x"": 629, ""y"": 686} ```",2026-10-08T09:05:29
d5_L05_login_D65_N.png,5,0,D65,decoy,로그인,삭제,0.125,도움말,0,174.7,345.8,163.8,ok,"```json {""x"": 393, ""y"": 273} ```",2026-10-08T09:05:35
d5_L14_login_D245_N.png,14,0,D245,decoy,로그인,취소,0.125,로그인,1,0.7,456.7,154.2,ok,"```json {""x"": 519, ""y"": 257} ```",2026-10-08T09:05:41
d5_L19_login_D65_M.png,19,1,D65,decoy,로그인,설정,0.125,로그인,1,8.9,170.7,485.4,ok,"```json {""x"": 194, ""y"": 809} ```",2026-10-08T09:05:48
d5_L19_settings_D65_M.png,19,1,D65,decoy,설정,삭제,0.125,설정,1,1.2,548.2,172.8,ok,"```json {""x"": 623, ""y"": 288} ```",2026-10-08T09:05:58
d5_L04_login_D65_M.png,4,1,D65,decoy,로그인,삭제,0.125,도움말,0,180.5,179.5,298.8,ok,"{""x"": 204, ""y"": 498}",2026-10-08T09:06:05
d5_L02_settings_T245_M.png,2,1,T245,target,설정,도움말,0.125,설정,1,9.0,618.6,469.2,ok,"```json {""x"": 703, ""y"": 782} ```",2026-10-08T09:06:15
d5_L05_settings_T65_N.png,5,0,T65,target,설정,저장,0.125,설정,1,3.0,387.2,399.0,ok,"```json {""x"": 440, ""y"": 665} ```",2026-10-08T09:06:25
d5_L19_settings_T245_M.png,19,1,T245,target,설정,삭제,0.125,설정,1,2.5,547.4,171.6,ok,"```json {""x"": 622, ""y"": 286} ```",2026-10-08T09:06:32
d5_L16_settings_T65_M.png,16,1,T65,target,설정,도움말,0.125,설정,1,2.4,731.3,326.4,ok,"```json {""x"": 831, ""y"": 544} ```",2026-10-08T09:06:39
d5_L01_home_D65_M.png,1,1,D65,decoy,홈,로그인,0.125,홈,1,6.3,565.8,178.8,ok,"{""x"": 643, ""y"": 298}",2026-10-08T09:06:45
d5_L10_login_D65_M.png,10,1,D65,decoy,로그인,저장,0.125,로그인,1,8.5,228.8,342.0,ok,"{""x"": 260, ""y"": 570}",2026-10-08T09:06:51
d5_L16_settings_D245_N.png,16,0,D245,decoy,설정,도움말,0.125,도움말,0,600.6,707.5,103.2,ok,"```json {""x"": 804, ""y"": 172} ```",2026-10-08T09:07:01
d5_L08_login_D245_N.png,8,0,D245,decoy,로그인,저장,0.125,도움말,0,341.8,312.4,553.8,ok,"```json {""x"": 355, ""y"": 923} ```",2026-10-08T09:07:07
d5_L05_home_T65_N.png,5,0,T65,target,홈,로그인,0.125,홈,1,2.6,698.7,141.0,ok,"```json {""x"": 794, ""y"": 235} ```",2026-10-08T09:07:13
d5_L03_home_T245_M.png,3,1,T245,target,홈,설정,0.125,홈,1,1.2,359.9,79.8,ok,"```json {""x"": 409, ""y"": 133} ```",2026-10-08T09:07:20
d5_L19_home_T245_M.png,19,1,T245,target,홈,저장,0.125,홈,1,3.3,122.3,256.2,ok,"```json {""x"": 139, ""y"": 427} ```",2026-10-08T09:07:25
d5_L05_settings_D65_N.png,5,0,D65,decoy,설정,저장,0.125,저장,0,330.2,715.4,456.0,ok,"```json {""x"": 813, ""y"": 760} ```",2026-10-08T09:07:32
d5_L18_home_T65_N.png,18,0,T65,target,홈,취소,0.125,홈,1,0.8,675.8,145.2,ok,"```json {""x"": 768, ""y"": 242} ```",2026-10-08T09:07:38
d5_L09_home_D245_N.png,9,0,D245,decoy,홈,로그인,0.125,도움말,0,680.6,161.9,68.4,ok,"```json {""x"": 184, ""y"": 114} ```",2026-10-08T09:07:46
d5_L17_settings_T245_M.png,17,1,T245,target,설정,도움말,0.125,설정,1,1.2,477.0,170.4,ok,"```json {""x"": 542, ""y"": 284} ```",2026-10-08T09:07:52
d5_L15_home_D245_M.png,15,1,D245,decoy,홈,설정,0.125,설정,0,169.7,691.7,51.6,ok,"```json {""x"": 786, ""y"": 86} ```",2026-10-08T09:08:00
d5_L03_settings_D65_N.png,3,0,D65,decoy,설정,도움말,0.125,설정,1,1.8,474.3,360.6,ok,"```json {""x"": 539, ""y"": 601} ```",2026-10-08T09:08:06
d5_L07_home_D65_N.png,7,0,D65,decoy,홈,검색,0.125,홈,1,5.0,229.7,232.2,ok,"```json {""x"": 261, ""y"": 387} ```",2026-10-08T09:08:12
d5_L09_home_D65_N.png,9,0,D65,decoy,홈,로그인,0.125,도움말,0,682.1,161.9,66.0,ok,"```json {""x"": 184, ""y"": 110} ```",2026-10-08T09:08:17
d5_L05_settings_T245_M.png,5,1,T245,target,설정,저장,0.125,도움말,0,233.5,538.6,171.6,ok,"```json {""x"": 612, ""y"": 286} ```",2026-10-08T09:08:23
d5_L03_home_D245_N.png,3,0,D245,decoy,홈,설정,0.125,설정,0,283.2,475.2,360.6,ok,"```json {""x"": 540, ""y"": 601} ```",2026-10-08T09:08:30
d5_L08_home_T65_N.png,8,0,T65,target,홈,삭제,0.125,홈,1,5.4,335.3,54.6,ok,"```json {""x"": 381, ""y"": 91} ```",2026-10-08T09:08:38
d5_L09_settings_T245_M.png,9,1,T245,target,설정,홈,0.125,도움말,0,263.6,721.6,63.0,ok,"```json {""x"": 820, ""y"": 105} ```",2026-10-08T09:08:46
d5_L10_settings_T245_N.png,10,0,T245,target,설정,취소,0.125,설정,1,3.1,196.2,117.6,ok,"```json {""x"": 223, ""y"": 196} ```",2026-10-08T09:08:55
d5_L10_settings_D65_N.png,10,0,D65,decoy,설정,취소,0.125,설정,1,3.4,198.9,122.4,ok,"```json {""x"": 226, ""y"": 204} ```",2026-10-08T09:09:07
d5_L04_settings_T245_M.png,4,1,T245,target,설정,검색,0.125,설정,1,0.4,601.9,425.4,ok,"```json {""x"": 684, ""y"": 709} ```",2026-10-08T09:09:15
d5_L01_login_D65_N.png,1,0,D65,decoy,로그인,홈,0.125,검색,0,337.8,560.6,47.4,ok,"```json {""x"": 637, ""y"": 79} ```",2026-10-08T09:09:21
d5_L17_home_D65_N.png,17,0,D65,decoy,홈,저장,0.125,저장,0,272.1,148.7,122.4,ok,"```json {""x"": 169, ""y"": 204} ```",2026-10-08T09:09:26
d5_L13_home_D65_M.png,13,1,D65,decoy,홈,도움말,0.125,홈,1,4.8,603.7,88.2,ok,"```json {""x"": 686, ""y"": 147} ```",2026-10-08T09:09:32
d5_L05_home_T65_M.png,5,1,T65,target,홈,로그인,0.125,홈,1,1.3,182.2,144.0,ok,"```json {""x"": 207, ""y"": 240} ```",2026-10-08T09:09:40
d5_L03_home_D65_M.png,3,1,D65,decoy,홈,설정,0.125,홈,1,1.0,360.8,80.4,ok,"```json {""x"": 410, ""y"": 134} ```",2026-10-08T09:09:47
d5_L10_login_D245_N.png,10,0,D245,decoy,로그인,저장,0.125,로그인,1,2.3,653.0,336.0,ok,"```json {""x"": 742, ""y"": 560} ```",2026-10-08T09:09:53
d5_L13_login_D65_N.png,13,0,D65,decoy,로그인,저장,0.125,로그인,1,3.8,106.5,247.2,ok,"{""x"": 121, ""y"": 412}",2026-10-08T09:09:58
d5_L18_settings_T245_M.png,18,1,T245,target,설정,검색,0.125,설정,1,2.9,264.9,550.2,ok,"```json {""x"": 301, ""y"": 917} ```",2026-10-08T09:10:06
d5_L01_settings_D245_N.png,1,0,D245,decoy,설정,취소,0.125,설정,1,4.8,454.1,500.4,ok,"```json {""x"": 516, ""y"": 834} ```",2026-10-08T09:10:12
d5_L17_settings_T65_M.png,17,1,T65,target,설정,도움말,0.125,설정,1,1.2,477.0,171.6,ok,"```json {""x"": 542, ""y"": 286} ```",2026-10-08T09:10:23
d5_L02_settings_D245_N.png,2,0,D245,decoy,설정,도움말,0.125,도움말,0,408.2,291.3,70.8,ok,"```json {""x"": 331, ""y"": 118} ```",2026-10-08T09:10:29
d5_L06_settings_D245_N.png,6,0,D245,decoy,설정,로그인,0.125,설정,1,2.4,367.8,281.4,ok,"```json {""x"": 418, ""y"": 469} ```",2026-10-08T09:10:34
d5_L11_home_D245_N.png,11,0,D245,decoy,홈,저장,0.125,저장,0,186.7,225.3,64.8,ok,"```json {""x"": 256, ""y"": 108} ```",2026-10-08T09:10:40
d5_L18_settings_D65_N.png,18,0,D65,decoy,설정,검색,0.125,도움말,0,416.0,228.8,400.8,ok,"```json {""x"": 260, ""y"": 668} ```",2026-10-08T09:10:47
d5_L06_login_D245_M.png,6,1,D245,decoy,로그인,홈,0.125,도움말,0,391.6,642.4,149.4,ok,"```json {""x"": 730, ""y"": 249} ```",2026-10-08T09:10:53
d5_L02_home_T65_M.png,2,1,T65,target,홈,저장,0.125,홈,1,3.9,236.7,277.8,ok,"```json {""x"": 269, ""y"": 463} ```",2026-10-08T09:11:02
d5_L18_home_T245_M.png,18,1,T245,target,홈,취소,0.125,홈,1,0.8,204.2,145.2,ok,"```json {""x"": 232, ""y"": 242} ```",2026-10-08T09:11:08
d5_L16_home_D65_N.png,16,0,D65,decoy,홈,취소,0.125,홈,1,1.7,538.6,182.4,ok,"```json {""x"": 612, ""y"": 304} ```",2026-10-08T09:11:14
d5_L12_settings_T245_M.png,12,1,T245,target,설정,홈,0.125,설정,1,1.5,370.5,411.6,ok,"```json {""x"": 421, ""y"": 686} ```",2026-10-08T09:11:20
d5_L12_settings_T65_N.png,12,0,T65,target,설정,홈,0.125,설정,1,2.1,513.0,411.6,ok,"```json {""x"": 583, ""y"": 686} ```",2026-10-08T09:11:25
d5_L02_home_T65_N.png,2,0,T65,target,홈,저장,0.125,홈,1,3.2,644.2,281.4,ok,"```json {""x"": 732, ""y"": 469} ```",2026-10-08T09:11:31
d5_L09_settings_D65_M.png,9,1,D65,decoy,설정,홈,0.125,도움말,0,257.0,662.6,63.0,ok,"```json {""x"": 753, ""y"": 105} ```",2026-10-08T09:11:38
d5_L15_login_D245_N.png,15,0,D245,decoy,로그인,삭제,0.125,로그인,1,1.2,258.7,321.0,ok,"```json {""x"": 294, ""y"": 535} ```",2026-10-08T09:11:45
d5_L00_home_T65_M.png,0,1,T65,target,홈,삭제,0.125,홈,1,1.5,151.4,354.6,ok,"```json {""x"": 172, ""y"": 591} ```",2026-10-08T09:11:53
d5_L14_home_D65_M.png,14,1,D65,decoy,홈,저장,0.125,저장,0,460.8,347.6,317.4,ok,"```json {""x"": 395, ""y"": 529} ```",2026-10-08T09:12:01
d5_L07_login_D65_N.png,7,0,D65,decoy,로그인,취소,0.125,취소,0,100.6,584.3,288.6,ok,"```json {""x"": 664, ""y"": 481} ```",2026-10-08T09:12:07
d5_L14_login_D65_M.png,14,1,D65,decoy,로그인,취소,0.125,취소,0,300.2,141.7,256.2,ok,"{""x"": 161, ""y"": 427}",2026-10-08T09:12:12
d5_L16_settings_T245_M.png,16,1,T245,target,설정,도움말,0.125,설정,1,3.0,731.3,321.0,ok,"```json {""x"": 831, ""y"": 535} ```",2026-10-08T09:12:20
d5_L11_home_T245_N.png,11,0,T245,target,홈,저장,0.125,홈,1,1.0,402.2,126.0,ok,"{""x"": 457, ""y"": 210}",2026-10-08T09:12:25
d5_L15_settings_D65_N.png,15,0,D65,decoy,설정,삭제,0.125,설정,1,0.6,187.4,51.6,ok,"```json {""x"": 213, ""y"": 86} ```",2026-10-08T09:12:32
d5_L04_home_T245_N.png,4,0,T245,target,홈,취소,0.125,홈,1,5.3,498.1,507.6,ok,"```json {""x"": 566, ""y"": 846} ```",2026-10-08T09:12:38
d5_L07_settings_D245_M.png,7,1,D245,decoy,설정,삭제,0.125,저장,0,455.8,625.7,64.8,ok,"```json {""x"": 711, ""y"": 108} ```",2026-10-08T09:12:44
d5_L05_home_D245_M.png,5,1,D245,decoy,홈,로그인,0.125,홈,1,2.2,182.2,141.0,ok,"```json {""x"": 207, ""y"": 235} ```",2026-10-08T09:12:51
d5_L15_settings_D245_M.png,15,1,D245,decoy,설정,삭제,0.125,설정,1,2.6,693.4,54.6,ok,"```json {""x"": 788, ""y"": 91} ```",2026-10-08T09:12:57
d5_L10_home_D245_N.png,10,0,D245,decoy,홈,검색,0.125,홈,1,1.4,470.8,321.6,ok,"```json {""x"": 535, ""y"": 536} ```",2026-10-08T09:13:05
d5_L07_home_D245_M.png,7,1,D245,decoy,홈,검색,0.125,검색,0,252.5,665.3,489.0,ok,"```json {""x"": 756, ""y"": 815} ```",2026-10-08T09:13:10
d5_L12_login_D245_M.png,12,1,D245,decoy,로그인,홈,0.125,도움말,0,442.1,421.5,220.2,ok,"```json {""x"": 479, ""y"": 367} ```",2026-10-08T09:13:18
d5_L02_login_D245_M.png,2,1,D245,decoy,로그인,검색,0.125,검색,0,291.6,272.8,122.4,ok,"```json {""x"": 310, ""y"": 204} ```",2026-10-08T09:13:42
d5_L12_settings_D65_N.png,12,0,D65,decoy,설정,홈,0.125,설정,1,0.5,511.3,411.6,ok,"```json {""x"": 581, ""y"": 686} ```",2026-10-08T09:13:50
d5_L07_home_T245_N.png,7,0,T245,target,홈,검색,0.125,홈,1,3.6,231.4,233.4,ok,"```json {""x"": 263, ""y"": 389} ```",2026-10-08T09:14:02
d5_L05_settings_D245_M.png,5,1,D245,decoy,설정,저장,0.125,도움말,0,237.8,533.3,166.2,ok,"```json {""x"": 606, ""y"": 277} ```",2026-10-08T09:14:10
d5_L06_home_D245_N.png,6,0,D245,decoy,홈,설정,0.125,홈,1,3.4,445.3,544.2,ok,"```json {""x"": 506, ""y"": 907} ```",2026-10-08T09:14:20
d5_L01_home_D245_M.png,1,1,D245,decoy,홈,로그인,0.125,(버튼 밖),0,263.5,684.6,418.2,ok,"```json {""x"": 778, ""y"": 697} ```",2026-10-08T09:14:28
d5_L09_home_D245_M.png,9,1,D245,decoy,홈,로그인,0.125,홈,1,1.6,171.6,475.2,ok,"```json {""x"": 195, ""y"": 792} ```",2026-10-08T09:14:35
d5_L05_settings_D245_N.png,5,0,D245,decoy,설정,저장,0.125,저장,0,329.9,715.4,454.2,ok,"```json {""x"": 813, ""y"": 757} ```",2026-10-08T09:14:42
d5_L03_settings_D65_M.png,3,1,D65,decoy,설정,도움말,0.125,설정,1,3.4,405.7,363.0,ok,"```json {""x"": 461, ""y"": 605} ```",2026-10-08T09:14:48
d5_L17_settings_D245_M.png,17,1,D245,decoy,설정,도움말,0.125,설정,1,1.2,477.0,171.6,ok,"```json {""x"": 542, ""y"": 286} ```",2026-10-08T09:14:55
d5_L04_login_D245_M.png,4,1,D245,decoy,로그인,삭제,0.125,도움말,0,180.5,179.5,298.8,ok,"```json {""x"": 204, ""y"": 498} ```",2026-10-08T09:15:04
d5_L11_home_D65_M.png,11,1,D65,decoy,홈,저장,0.125,홈,1,2.8,477.0,122.4,ok,"```json {""x"": 542, ""y"": 204} ```",2026-10-08T09:15:11
d5_L06_home_T245_M.png,6,1,T245,target,홈,설정,0.125,홈,1,2.8,438.2,547.8,ok,"```json {""x"": 498, ""y"": 913} ```",2026-10-08T09:15:18
d5_L09_settings_D245_N.png,9,0,D245,decoy,설정,홈,0.125,도움말,0,263.2,160.2,63.0,ok,"```json {""x"": 182, ""y"": 105} ```",2026-10-08T09:15:24
d5_L00_home_T245_N.png,0,0,T245,target,홈,삭제,0.125,홈,1,2.1,729.5,354.6,ok,"```json {""x"": 829, ""y"": 591} ```",2026-10-08T09:15:29
d5_L04_home_T245_M.png,4,1,T245,target,홈,취소,0.125,홈,1,3.5,375.8,510.6,ok,"{""x"": 427, ""y"": 851}",2026-10-08T09:15:35
d5_L08_home_D65_N.png,8,0,D65,decoy,홈,삭제,0.125,홈,1,12.6,335.3,47.4,ok,"```json {""x"": 381, ""y"": 79} ```",2026-10-08T09:15:40
d5_L04_home_T65_M.png,4,1,T65,target,홈,취소,0.125,홈,1,3.5,375.8,510.6,ok,"```json {""x"": 427, ""y"": 851} ```",2026-10-08T09:15:46
d5_L00_settings_D65_N.png,0,0,D65,decoy,설정,검색,0.125,도움말,0,281.1,587.8,163.2,ok,"```json {""x"": 668, ""y"": 272} ```",2026-10-08T09:15:56
d5_L00_settings_T245_M.png,0,1,T245,target,설정,검색,0.125,도움말,0,282.0,291.3,163.8,ok,"```json {""x"": 331, ""y"": 273} ```",2026-10-08T09:16:05
d5_L13_home_T65_N.png,13,0,T65,target,홈,도움말,0.125,홈,1,1.6,274.6,92.4,ok,"{""x"": 312, ""y"": 154}",2026-10-08T09:16:10
d5_L01_home_D245_N.png,1,0,D245,decoy,홈,로그인,0.125,로그인,0,461.7,744.5,330.6,ok,"```json {""x"": 846, ""y"": 551} ```",2026-10-08T09:16:20
d5_L00_login_D245_M.png,0,1,D245,decoy,로그인,취소,0.125,도움말,0,360.0,291.3,162.0,ok,"{""x"": 331, ""y"": 270}",2026-10-08T09:16:26
d5_L04_settings_T65_M.png,4,1,T65,target,설정,검색,0.125,설정,1,1.7,603.7,425.4,ok,"```json {""x"": 686, ""y"": 709} ```",2026-10-08T09:16:32
d5_L13_settings_T245_M.png,13,1,T245,target,설정,삭제,0.125,설정,1,3.0,187.4,332.4,ok,"```json {""x"": 213, ""y"": 554} ```",2026-10-08T09:16:37
d5_L10_home_D65_M.png,10,1,D65,decoy,홈,검색,0.125,홈,1,2.0,409.2,321.0,ok,"```json {""x"": 465, ""y"": 535} ```",2026-10-08T09:16:44
d5_L16_home_D65_M.png,16,1,D65,decoy,홈,취소,0.125,홈,1,2.2,340.6,181.8,ok,"```json {""x"": 387, ""y"": 303} ```",2026-10-08T09:16:49
d5_L01_settings_T245_M.png,1,1,T245,target,설정,취소,0.125,설정,1,3.0,428.6,500.4,ok,"```json {""x"": 487, ""y"": 834} ```",2026-10-08T09:16:55
d5_L10_home_T245_N.png,10,0,T245,target,홈,검색,0.125,홈,1,2.0,470.8,321.0,ok,"```json {""x"": 535, ""y"": 535} ```",2026-10-08T09:17:02
d5_L18_login_D245_N.png,18,0,D245,decoy,로그인,삭제,0.125,로그인,1,4.9,472.6,400.8,ok,"```json {""x"": 537, ""y"": 668} ```",2026-10-08T09:17:08
d5_L05_home_D65_N.png,5,0,D65,decoy,홈,로그인,0.125,홈,1,2.6,698.7,141.0,ok,"```json {""x"": 794, ""y"": 235} ```",2026-10-08T09:17:16
d5_L11_login_D245_M.png,11,1,D245,decoy,로그인,삭제,0.125,로그인,1,12.9,666.2,504.6,ok,"```json {""x"": 757, ""y"": 841} ```",2026-10-08T09:17:22
d5_L03_settings_T245_M.png,3,1,T245,target,설정,도움말,0.125,설정,1,1.0,404.8,359.4,ok,"```json {""x"": 460, ""y"": 599} ```",2026-10-08T09:17:27
d5_L11_home_T65_M.png,11,1,T65,target,홈,저장,0.125,홈,1,2.2,476.1,126.0,ok,"{""x"": 541, ""y"": 210}",2026-10-08T09:17:35
d5_L17_home_T65_N.png,17,0,T65,target,홈,저장,0.125,홈,1,2.9,410.1,52.8,ok,"{""x"": 466, ""y"": 88}",2026-10-08T09:17:42
d5_L10_login_D65_N.png,10,0,D65,decoy,로그인,저장,0.125,로그인,1,4.5,653.0,338.4,ok,"```json {""x"": 742, ""y"": 564} ```",2026-10-08T09:17:51
d5_L11_settings_T65_N.png,11,0,T65,target,설정,도움말,0.125,설정,1,4.4,309.8,325.2,ok,"```json {""x"": 352, ""y"": 542} ```",2026-10-08T09:17:56
d5_L02_login_D65_N.png,2,0,D65,decoy,로그인,검색,0.125,도움말,0,472.7,290.4,63.0,ok,"```json {""x"": 330, ""y"": 105} ```",2026-10-08T09:18:02
d5_L12_home_D245_N.png,12,0,D245,decoy,홈,취소,0.125,홈,1,1.9,92.4,144.0,ok,"```json {""x"": 105, ""y"": 240} ```",2026-10-08T09:18:11
d5_L05_home_T245_N.png,5,0,T245,target,홈,로그인,0.125,홈,1,2.0,697.0,141.0,ok,"```json {""x"": 792, ""y"": 235} ```",2026-10-08T09:18:17
d5_L01_login_D245_N.png,1,0,D245,decoy,로그인,홈,0.125,검색,0,330.4,565.8,52.8,ok,"{""x"": 643, ""y"": 88}",2026-10-08T09:18:22
d5_L13_settings_T65_M.png,13,1,T65,target,설정,삭제,0.125,설정,1,1.5,187.4,334.8,ok,"```json {""x"": 213, ""y"": 558} ```",2026-10-08T09:18:28
d5_L06_home_D65_M.png,6,1,D65,decoy,홈,설정,0.125,홈,1,0.8,438.2,544.2,ok,"```json {""x"": 498, ""y"": 907} ```",2026-10-08T09:18:37
d5_L08_settings_D65_M.png,8,1,D65,decoy,설정,도움말,0.125,설정,1,1.8,687.3,307.2,ok,"```json {""x"": 781, ""y"": 512} ```",2026-10-08T09:18:46
d5_L13_settings_D65_M.png,13,1,D65,decoy,설정,삭제,0.125,삭제,0,220.9,396.0,266.4,ok,"```json {""x"": 450, ""y"": 444} ```",2026-10-08T09:18:54
d5_L07_settings_D65_N.png,7,0,D65,decoy,설정,삭제,0.125,설정,1,2.6,554.4,411.0,ok,"{""x"": 630, ""y"": 685}",2026-10-08T09:19:00
d5_L01_settings_D65_N.png,1,0,D65,decoy,설정,취소,0.125,설정,1,3.5,452.3,500.4,ok,"```json {""x"": 514, ""y"": 834} ```",2026-10-08T09:19:06
d5_L14_settings_T245_M.png,14,1,T245,target,설정,로그인,0.125,설정,1,2.4,629.2,465.6,ok,"```json {""x"": 715, ""y"": 776} ```",2026-10-08T09:19:12
d5_L06_login_D245_N.png,6,0,D245,decoy,로그인,홈,0.125,도움말,0,391.9,236.7,150.6,ok,"```json {""x"": 269, ""y"": 251} ```",2026-10-08T09:19:19
d5_L02_settings_D65_M.png,2,1,D65,decoy,설정,도움말,0.125,도움말,0,410.0,587.8,69.0,ok,"```json {""x"": 668, ""y"": 115} ```",2026-10-08T09:19:24
d5_L14_home_D245_M.png,14,1,D245,decoy,홈,저장,0.125,저장,0,462.5,345.8,317.4,ok,"```json {""x"": 393, ""y"": 529} ```",2026-10-08T09:19:30
d5_L01_settings_T245_N.png,1,0,T245,target,설정,취소,0.125,설정,1,2.7,450.6,500.4,ok,"```json {""x"": 512, ""y"": 834} ```",2026-10-08T09:19:36
d5_L14_home_T245_M.png,14,1,T245,target,홈,저장,0.125,홈,1,3.8,779.7,154.2,ok,"```json {""x"": 886, ""y"": 257} ```",2026-10-08T09:19:42
d5_L08_settings_T65_M.png,8,1,T65,target,설정,도움말,0.125,설정,1,2.1,688.2,307.2,ok,"```json {""x"": 782, ""y"": 512} ```",2026-10-08T09:19:51
d5_L06_home_D65_N.png,6,0,D65,decoy,홈,설정,0.125,홈,1,8.7,440.9,536.4,ok,"{""x"": 501, ""y"": 894}",2026-10-08T09:20:00
d5_L11_login_D65_N.png,11,0,D65,decoy,로그인,삭제,0.125,삭제,0,372.1,557.9,400.8,ok,"```json {""x"": 634, ""y"": 668} ```",2026-10-08T09:20:06
d5_L09_settings_T65_M.png,9,1,T65,target,설정,홈,0.125,도움말,0,263.6,721.6,63.0,ok,"```json {""x"": 820, ""y"": 105} ```",2026-10-08T09:20:12
d5_L17_settings_T245_N.png,17,0,T245,target,설정,도움말,0.125,설정,1,3.7,405.7,171.6,ok,"```json {""x"": 461, ""y"": 286} ```",2026-10-08T09:20:23
d5_L17_settings_D245_N.png,17,0,D245,decoy,설정,도움말,0.125,도움말,0,247.8,609.0,307.2,ok,"```json {""x"": 692, ""y"": 512} ```",2026-10-08T09:20:30
d5_L08_home_T245_M.png,8,1,T245,target,홈,삭제,0.125,홈,1,4.3,544.7,55.8,ok,"```json {""x"": 619, ""y"": 93} ```",2026-10-08T09:20:35
d5_L04_login_D65_N.png,4,0,D65,decoy,로그인,삭제,0.125,삭제,0,230.0,781.4,492.0,ok,"```json {""x"": 888, ""y"": 820} ```",2026-10-08T09:20:41
d5_L19_login_D65_N.png,19,0,D65,decoy,로그인,설정,0.125,도움말,0,599.8,107.4,482.4,ok,"```json {""x"": 122, ""y"": 804} ```",2026-10-08T09:20:48
d5_L18_login_D65_N.png,18,0,D65,decoy,로그인,삭제,0.125,로그인,1,4.3,469.0,400.8,ok,"```json {""x"": 533, ""y"": 668} ```",2026-10-08T09:20:55
d5_L04_home_D245_M.png,4,1,D245,decoy,홈,취소,0.125,취소,0,483.8,777.0,237.0,ok,"{""x"": 883, ""y"": 395}",2026-10-08T09:21:01
d5_L15_home_T65_N.png,15,0,T65,target,홈,설정,0.125,홈,1,1.8,137.3,211.8,ok,"```json {""x"": 156, ""y"": 353} ```",2026-10-08T09:21:08
d5_L09_settings_D65_N.png,9,0,D65,decoy,설정,홈,0.125,도움말,0,262.8,161.9,63.0,ok,"```json {""x"": 184, ""y"": 105} ```",2026-10-08T09:21:15
d5_L08_home_D245_M.png,8,1,D245,decoy,홈,삭제,0.125,홈,1,3.1,544.7,63.0,ok,"```json {""x"": 619, ""y"": 105} ```",2026-10-08T09:21:23
d5_L03_home_T65_M.png,3,1,T65,target,홈,설정,0.125,홈,1,3.1,360.8,84.0,ok,"```json {""x"": 410, ""y"": 140} ```",2026-10-08T09:21:29
d5_L12_home_T65_N.png,12,0,T65,target,홈,취소,0.125,홈,1,2.6,92.4,141.0,ok,"```json {""x"": 105, ""y"": 235} ```",2026-10-08T09:21:34
d5_L06_settings_D245_M.png,6,1,D245,decoy,설정,로그인,0.125,설정,1,3.8,517.4,281.4,ok,"```json {""x"": 588, ""y"": 469} ```",2026-10-08T09:21:43
d5_L18_login_D245_M.png,18,1,D245,decoy,로그인,삭제,0.125,취소,0,165.6,532.4,293.4,ok,"{""x"": 605, ""y"": 489}",2026-10-08T09:21:51
d5_L00_home_D245_M.png,0,1,D245,decoy,홈,삭제,0.125,삭제,0,309.2,170.7,47.4,ok,"```json {""x"": 194, ""y"": 79} ```",2026-10-08T09:21:58
d5_L17_home_D65_M.png,17,1,D65,decoy,홈,저장,0.125,홈,1,2.8,469.9,47.4,ok,"```json {""x"": 534, ""y"": 79} ```",2026-10-08T09:22:04
d5_L01_home_T245_M.png,1,1,T245,target,홈,로그인,0.125,홈,1,2.0,572.9,181.8,ok,"```json {""x"": 651, ""y"": 303} ```",2026-10-08T09:22:09
d5_L06_home_T245_N.png,6,0,T245,target,홈,설정,0.125,홈,1,2.9,442.6,547.8,ok,"```json {""x"": 503, ""y"": 913} ```",2026-10-08T09:22:15
d5_L05_login_D245_N.png,5,0,D245,decoy,로그인,삭제,0.125,도움말,0,174.7,345.8,163.8,ok,"```json {""x"": 393, ""y"": 273} ```",2026-10-08T09:22:22
d5_L02_login_D65_M.png,2,1,D65,decoy,로그인,검색,0.125,검색,0,292.8,270.2,121.2,ok,"```json {""x"": 307, ""y"": 202} ```",2026-10-08T09:22:29
d5_L13_settings_T245_N.png,13,0,T245,target,설정,삭제,0.125,저장,0,203.1,609.0,150.6,ok,"```json {""x"": 692, ""y"": 251} ```",2026-10-08T09:22:35
d5_L00_login_D65_N.png,0,0,D65,decoy,로그인,취소,0.125,도움말,0,358.1,587.8,163.8,ok,"```json {""x"": 668, ""y"": 273} ```",2026-10-08T09:22:43
d5_L02_home_D245_N.png,2,0,D245,decoy,홈,저장,0.125,저장,0,373.5,291.3,150.0,ok,"```json {""x"": 331, ""y"": 250} ```",2026-10-08T09:22:52
d5_L00_home_D245_N.png,0,0,D245,decoy,홈,삭제,0.125,삭제,0,309.1,710.2,47.4,ok,"```json {""x"": 807, ""y"": 79} ```",2026-10-08T09:23:03
d5_L19_home_T245_N.png,19,0,T245,target,홈,저장,0.125,저장,0,170.1,707.5,96.0,ok,"```json {""x"": 804, ""y"": 160} ```",2026-10-08T09:23:11
d5_L03_settings_T245_N.png,3,0,T245,target,설정,도움말,0.125,설정,1,2.0,475.2,358.2,ok,"```json {""x"": 540, ""y"": 597} ```",2026-10-08T09:23:19
d5_L10_home_T245_M.png,10,1,T245,target,홈,검색,0.125,홈,1,2.0,409.2,321.0,ok,"```json {""x"": 465, ""y"": 535} ```",2026-10-08T09:23:26
d5_L04_settings_D245_M.png,4,1,D245,decoy,설정,검색,0.125,설정,1,1.7,603.7,425.4,ok,"```json {""x"": 686, ""y"": 709} ```",2026-10-08T09:23:32
d5_L02_home_D65_M.png,2,1,D65,decoy,홈,저장,0.125,저장,0,370.3,587.0,154.2,ok,"```json {""x"": 667, ""y"": 257} ```",2026-10-08T09:23:40
d5_L09_home_D65_M.png,9,1,D65,decoy,홈,로그인,0.125,홈,1,1.6,171.6,475.2,ok,"```json {""x"": 195, ""y"": 792} ```",2026-10-08T09:23:45
d5_L16_settings_D245_M.png,16,1,D245,decoy,설정,도움말,0.125,도움말,0,600.1,171.6,106.8,ok,"```json {""x"": 195, ""y"": 178} ```",2026-10-08T09:23:51
d5_L06_settings_T65_M.png,6,1,T65,target,설정,로그인,0.125,설정,1,1.7,515.7,283.2,ok,"```json {""x"": 586, ""y"": 472} ```",2026-10-08T09:23:56
d5_L01_settings_T65_N.png,1,0,T65,target,설정,취소,0.125,설정,1,2.7,450.6,500.4,ok,"```json {""x"": 512, ""y"": 834} ```",2026-10-08T09:24:05
d5_L15_login_D65_M.png,15,1,D65,decoy,로그인,삭제,0.125,로그인,1,3.7,623.9,325.2,ok,"```json {""x"": 709, ""y"": 542} ```",2026-10-08T09:24:11
d5_L16_settings_D65_M.png,16,1,D65,decoy,설정,도움말,0.125,도움말,0,600.6,172.5,103.2,ok,"```json {""x"": 196, ""y"": 172} ```",2026-10-08T09:24:16
d5_L04_settings_D65_N.png,4,0,D65,decoy,설정,검색,0.125,설정,1,1.9,279.8,425.4,ok,"```json {""x"": 318, ""y"": 709} ```",2026-10-08T09:24:23
d5_L11_home_D245_M.png,11,1,D245,decoy,홈,저장,0.125,홈,1,3.0,477.0,127.8,ok,"```json {""x"": 542, ""y"": 213} ```",2026-10-08T09:24:30
d5_L19_settings_D245_N.png,19,0,D245,decoy,설정,삭제,0.125,도움말,0,382.1,106.5,482.4,ok,"```json {""x"": 121, ""y"": 804} ```",2026-10-08T09:24:37
d5_L13_login_D245_M.png,13,1,D245,decoy,로그인,저장,0.125,저장,0,512.6,271.0,151.8,ok,"```json {""x"": 308, ""y"": 253} ```",2026-10-08T09:24:46
d5_L11_home_T65_N.png,11,0,T65,target,홈,저장,0.125,홈,1,3.9,401.3,121.2,ok,"```json {""x"": 456, ""y"": 202} ```",2026-10-08T09:25:02
d5_L18_settings_D245_N.png,18,0,D245,decoy,설정,검색,0.125,설정,1,3.8,618.6,550.2,ok,"```json {""x"": 703, ""y"": 917} ```",2026-10-08T09:25:28
d5_L19_home_T65_M.png,19,1,T65,target,홈,저장,0.125,홈,1,0.2,124.1,259.2,ok,"```json {""x"": 141, ""y"": 432} ```",2026-10-08T09:25:55
d5_L08_login_D65_M.png,8,1,D65,decoy,로그인,저장,0.125,로그인,1,10.3,235.0,460.8,ok,"```json {""x"": 267, ""y"": 768} ```",2026-10-08T09:26:08
d5_L07_home_T65_M.png,7,1,T65,target,홈,검색,0.125,홈,1,0.4,648.6,237.0,ok,"{""x"": 737, ""y"": 395}",2026-10-08T09:26:17
d5_L00_settings_D65_M.png,0,1,D65,decoy,설정,검색,0.125,도움말,0,282.0,291.3,164.4,ok,"```json {""x"": 331, ""y"": 274} ```",2026-10-08T09:26:23
d5_L11_login_D65_M.png,11,1,D65,decoy,로그인,삭제,0.125,취소,0,321.5,666.2,184.8,ok,"```json {""x"": 757, ""y"": 308} ```",2026-10-08T09:26:31
d5_L12_settings_T245_N.png,12,0,T245,target,설정,홈,0.125,설정,1,1.5,509.5,411.6,ok,"```json {""x"": 579, ""y"": 686} ```",2026-10-08T09:26:38
d5_L13_login_D245_N.png,13,0,D245,decoy,로그인,저장,0.125,저장,0,513.0,609.0,150.0,ok,"```json {""x"": 692, ""y"": 250} ```",2026-10-08T09:26:46
d5_L11_settings_T245_M.png,11,1,T245,target,설정,도움말,0.125,설정,1,2.3,572.9,321.0,ok,"```json {""x"": 651, ""y"": 535} ```",2026-10-08T09:26:51
d5_L12_home_T65_M.png,12,1,T65,target,홈,취소,0.125,홈,1,2.3,786.7,145.2,ok,"```json {""x"": 894, ""y"": 242} ```",2026-10-08T09:26:59
d5_L06_settings_D65_N.png,6,0,D65,decoy,설정,로그인,0.125,설정,1,1.9,367.8,283.2,ok,"```json {""x"": 418, ""y"": 472} ```",2026-10-08T09:27:04
d5_L05_login_D65_M.png,5,1,D65,decoy,로그인,삭제,0.125,도움말,0,177.7,532.4,161.4,ok,"{""x"": 605, ""y"": 269}",2026-10-08T09:27:11
d5_L09_home_T65_N.png,9,0,T65,target,홈,로그인,0.125,홈,1,2.1,707.5,474.0,ok,"```json {""x"": 804, ""y"": 790} ```",2026-10-08T09:27:17
d5_L12_home_T245_M.png,12,1,T245,target,홈,취소,0.125,홈,1,2.1,786.7,141.0,ok,"```json {""x"": 894, ""y"": 235} ```",2026-10-08T09:27:28
d5_L16_login_D65_N.png,16,0,D65,decoy,로그인,취소,0.125,로그인,1,10.6,333.5,47.4,ok,"```json {""x"": 379, ""y"": 79} ```",2026-10-08T09:27:37
d5_L17_settings_D65_N.png,17,0,D65,decoy,설정,도움말,0.125,도움말,0,247.8,609.0,307.2,ok,"```json {""x"": 692, ""y"": 512} ```",2026-10-08T09:27:53
d5_L03_settings_T65_M.png,3,1,T65,target,설정,도움말,0.125,설정,1,1.0,403.0,360.0,ok,"```json {""x"": 458, ""y"": 600} ```",2026-10-08T09:28:07
d5_L00_settings_T65_M.png,0,1,T65,target,설정,검색,0.125,도움말,0,282.1,291.3,166.2,ok,"```json {""x"": 331, ""y"": 277} ```",2026-10-08T09:28:36
d5_L00_home_T65_N.png,0,0,T65,target,홈,삭제,0.125,홈,1,2.1,729.5,354.6,ok,"```json {""x"": 829, ""y"": 591} ```",2026-10-08T09:28:52
d5_L06_settings_D65_M.png,6,1,D65,decoy,설정,로그인,0.125,설정,1,2.3,515.7,281.4,ok,"```json {""x"": 586, ""y"": 469} ```",2026-10-08T09:29:09
d5_L07_home_T245_M.png,7,1,T245,target,홈,검색,0.125,홈,1,3.6,648.6,233.4,ok,"```json {""x"": 737, ""y"": 389} ```",2026-10-08T09:29:15
d5_L05_login_D245_M.png,5,1,D245,decoy,로그인,삭제,0.125,도움말,0,165.8,538.6,171.6,ok,"```json {""x"": 612, ""y"": 286} ```",2026-10-08T09:29:27
d5_L11_login_D245_N.png,11,0,D245,decoy,로그인,삭제,0.125,삭제,0,372.1,557.9,400.8,ok,"```json {""x"": 634, ""y"": 668} ```",2026-10-08T09:29:41
d5_L15_home_T245_N.png,15,0,T245,target,홈,설정,0.125,홈,1,1.8,137.3,211.8,ok,"```json {""x"": 156, ""y"": 353} ```",2026-10-08T09:29:54
d5_L16_home_T65_M.png,16,1,T65,target,홈,취소,0.125,홈,1,3.2,340.6,187.2,ok,"```json {""x"": 387, ""y"": 312} ```",2026-10-08T09:30:10
d5_L12_settings_T65_M.png,12,1,T65,target,설정,홈,0.125,설정,1,0.7,369.6,411.6,ok,"```json {""x"": 420, ""y"": 686} ```",2026-10-08T09:30:28
d5_L07_settings_D65_M.png,7,1,D65,decoy,설정,삭제,0.125,저장,0,465.0,625.7,52.8,ok,"{""x"": 711, ""y"": 88}",2026-10-08T09:30:45
d5_L10_home_D65_N.png,10,0,D65,decoy,홈,검색,0.125,홈,1,0.4,470.8,323.4,ok,"```json {""x"": 535, ""y"": 539} ```",2026-10-08T09:31:02
d5_L14_home_T245_N.png,14,0,T245,target,홈,저장,0.125,홈,1,3.8,99.4,154.2,ok,"```json {""x"": 113, ""y"": 257} ```",2026-10-08T09:31:15
d5_L18_home_T245_N.png,18,0,T245,target,홈,취소,0.125,홈,1,0.8,675.8,145.2,ok,"```json {""x"": 768, ""y"": 242} ```",2026-10-08T09:31:32
d5_L13_settings_D245_M.png,13,1,D245,decoy,설정,삭제,0.125,(버튼 밖),0,180.8,184.8,154.2,ok,"```json {""x"": 210, ""y"": 257} ```",2026-10-08T09:31:47
d5_L15_settings_T65_M.png,15,1,T65,target,설정,삭제,0.125,설정,1,1.4,691.7,51.6,ok,"```json {""x"": 786, ""y"": 86} ```",2026-10-08T09:32:01
d5_L11_settings_D65_N.png,11,0,D65,decoy,설정,도움말,0.125,설정,1,4.3,309.8,321.0,ok,"```json {""x"": 352, ""y"": 535} ```",2026-10-08T09:32:15
d5_L03_login_D65_M.png,3,1,D65,decoy,로그인,삭제,0.125,로그인,1,3.9,614.2,193.2,ok,"```json {""x"": 698, ""y"": 322} ```",2026-10-08T09:32:28
d5_L05_settings_D65_M.png,5,1,D65,decoy,설정,저장,0.125,도움말,0,233.5,538.6,171.6,ok,"```json {""x"": 612, ""y"": 286} ```",2026-10-08T09:32:43
d5_L12_home_T245_N.png,12,0,T245,target,홈,취소,0.125,홈,1,2.6,92.4,141.0,ok,"```json {""x"": 105, ""y"": 235} ```",2026-10-08T09:32:58
d5_L17_settings_T65_N.png,17,0,T65,target,설정,도움말,0.125,설정,1,3.7,405.7,171.6,ok,"```json {""x"": 461, ""y"": 286} ```",2026-10-08T09:33:10
d5_L12_login_D65_N.png,12,0,D65,decoy,로그인,홈,0.125,로그인,1,10.5,107.4,480.6,ok,"```json {""x"": 122, ""y"": 801} ```",2026-10-08T09:33:25
d5_L10_settings_D245_M.png,10,1,D245,decoy,설정,취소,0.125,설정,1,7.5,688.2,121.2,ok,"```json {""x"": 782, ""y"": 202} ```",2026-10-08T09:33:42
d5_L19_home_D245_M.png,19,1,D245,decoy,홈,저장,0.125,저장,0,169.2,171.6,96.6,ok,"```json {""x"": 195, ""y"": 161} ```",2026-10-08T09:34:12
d5_L19_settings_T245_N.png,19,0,T245,target,설정,삭제,0.125,도움말,0,383.4,109.1,486.0,ok,"```json {""x"": 124, ""y"": 810} ```",2026-10-08T09:34:17
d5_L13_home_D245_N.png,13,0,D245,decoy,홈,도움말,0.125,홈,1,4.8,275.4,88.2,ok,"```json {""x"": 313, ""y"": 147} ```",2026-10-08T09:34:24
d5_L01_home_D65_N.png,1,0,D65,decoy,홈,로그인,0.125,로그인,0,461.7,744.5,330.6,ok,"```json {""x"": 846, ""y"": 551} ```",2026-10-08T09:34:30
d5_L03_home_T245_N.png,3,0,T245,target,홈,설정,0.125,홈,1,2.1,518.3,79.8,ok,"```json {""x"": 589, ""y"": 133} ```",2026-10-08T09:34:36
d5_L19_settings_D65_N.png,19,0,D65,decoy,설정,삭제,0.125,도움말,0,381.0,108.2,482.4,ok,"```json {""x"": 123, ""y"": 804} ```",2026-10-08T09:34:42
d5_L14_settings_T245_N.png,14,0,T245,target,설정,로그인,0.125,설정,1,1.8,249.9,465.6,ok,"```json {""x"": 284, ""y"": 776} ```",2026-10-08T09:34:49
d5_L17_home_T65_M.png,17,1,T65,target,홈,저장,0.125,홈,1,4.9,470.8,54.6,ok,"```json {""x"": 535, ""y"": 91} ```",2026-10-08T09:34:58
d5_L13_home_D65_N.png,13,0,D65,decoy,홈,도움말,0.125,홈,1,3.0,276.3,96.0,ok,"```json {""x"": 314, ""y"": 160} ```",2026-10-08T09:35:04
d5_L18_login_D65_M.png,18,1,D65,decoy,로그인,삭제,0.125,취소,0,163.4,534.2,298.8,ok,"{""x"": 607, ""y"": 498}",2026-10-08T09:35:10
d5_L12_home_D65_N.png,12,0,D65,decoy,홈,취소,0.125,홈,1,2.1,92.4,141.6,ok,"```json {""x"": 105, ""y"": 236} ```",2026-10-08T09:35:16
d5_L14_home_T65_M.png,14,1,T65,target,홈,저장,0.125,홈,1,2.0,779.7,156.0,ok,"```json {""x"": 886, ""y"": 260} ```",2026-10-08T09:35:23
d5_L19_home_D65_M.png,19,1,D65,decoy,홈,저장,0.125,저장,0,166.7,170.7,99.0,ok,"```json {""x"": 194, ""y"": 165} ```",2026-10-08T09:35:31
d5_L06_settings_T65_N.png,6,0,T65,target,설정,로그인,0.125,설정,1,2.3,364.3,281.4,ok,"```json {""x"": 414, ""y"": 469} ```",2026-10-08T09:35:37
d5_L13_home_T65_M.png,13,1,T65,target,홈,도움말,0.125,홈,1,4.8,603.7,88.2,ok,"```json {""x"": 686, ""y"": 147} ```",2026-10-08T09:35:44
d5_L18_home_D245_N.png,18,0,D245,decoy,홈,취소,0.125,홈,1,1.1,676.7,145.2,ok,"```json {""x"": 769, ""y"": 242} ```",2026-10-08T09:35:52
d5_L18_home_D245_M.png,18,1,D245,decoy,홈,취소,0.125,홈,1,2.1,205.9,145.2,ok,"```json {""x"": 234, ""y"": 242} ```",2026-10-08T09:35:57
d5_L19_settings_T65_N.png,19,0,T65,target,설정,삭제,0.125,도움말,0,382.1,106.5,482.4,ok,"```json {""x"": 121, ""y"": 804} ```",2026-10-08T09:36:03
d5_L12_settings_D245_M.png,12,1,D245,decoy,설정,홈,0.125,설정,1,0.7,369.6,411.6,ok,"```json {""x"": 420, ""y"": 686} ```",2026-10-08T09:36:08
d5_L10_settings_D65_M.png,10,1,D65,decoy,설정,취소,0.125,설정,1,6.5,682.9,112.8,ok,"```json {""x"": 776, ""y"": 188} ```",2026-10-08T09:36:17
d5_L02_settings_D245_M.png,2,1,D245,decoy,설정,도움말,0.125,도움말,0,406.4,587.8,72.6,ok,"```json {""x"": 668, ""y"": 121} ```",2026-10-08T09:36:24
d5_L12_settings_D245_N.png,12,0,D245,decoy,설정,홈,0.125,설정,1,2.1,513.0,411.6,ok,"```json {""x"": 583, ""y"": 686} ```",2026-10-08T09:36:29
d5_L14_login_D245_M.png,14,1,D245,decoy,로그인,취소,0.125,취소,0,297.8,144.3,256.2,ok,"```json {""x"": 164, ""y"": 427} ```",2026-10-08T09:36:35
d5_L14_settings_D245_M.png,14,1,D245,decoy,설정,로그인,0.125,설정,1,9.8,631.8,454.2,ok,"```json {""x"": 718, ""y"": 757} ```",2026-10-08T09:36:42
d5_L10_home_T65_N.png,10,0,T65,target,홈,검색,0.125,홈,1,1.4,470.8,321.6,ok,"```json {""x"": 535, ""y"": 536} ```",2026-10-08T09:36:51
d5_L02_home_T245_N.png,2,0,T245,target,홈,저장,0.125,홈,1,3.9,644.2,283.2,ok,"```json {""x"": 732, ""y"": 472} ```",2026-10-08T09:37:00
d5_L10_settings_T65_M.png,10,1,T65,target,설정,취소,0.125,도움말,0,344.3,344.1,48.0,ok,"```json {""x"": 391, ""y"": 80} ```",2026-10-08T09:37:07
d5_L11_settings_T65_M.png,11,1,T65,target,설정,도움말,0.125,설정,1,2.8,572.9,320.4,ok,"```json {""x"": 651, ""y"": 534} ```",2026-10-08T09:37:13
d5_L09_home_T245_N.png,9,0,T245,target,홈,로그인,0.125,홈,1,1.0,707.5,475.2,ok,"```json {""x"": 804, ""y"": 792} ```",2026-10-08T09:37:18
d5_L09_home_T65_M.png,9,1,T65,target,홈,로그인,0.125,홈,1,1.0,172.5,475.2,ok,"```json {""x"": 196, ""y"": 792} ```",2026-10-08T09:37:24
d5_L00_settings_T65_N.png,0,0,T65,target,설정,검색,0.125,설정,1,3.5,309.8,154.2,ok,"```json {""x"": 352, ""y"": 257} ```",2026-10-08T09:37:30
d5_L07_settings_T245_M.png,7,1,T245,target,설정,삭제,0.125,설정,1,2.1,327.4,408.0,ok,"```json {""x"": 372, ""y"": 680} ```",2026-10-08T09:37:36
d5_L14_settings_D245_N.png,14,0,D245,decoy,설정,로그인,0.125,검색,0,287.3,531.5,411.6,ok,"```json {""x"": 604, ""y"": 686} ```",2026-10-08T09:37:43
d5_L16_home_T245_M.png,16,1,T245,target,홈,취소,0.125,홈,1,3.2,340.6,187.2,ok,"```json {""x"": 387, ""y"": 312} ```",2026-10-08T09:37:49
d5_L03_settings_T65_N.png,3,0,T65,target,설정,도움말,0.125,설정,1,3.1,477.0,363.0,ok,"```json {""x"": 542, ""y"": 605} ```",2026-10-08T09:37:56
d5_L11_settings_T245_N.png,11,0,T245,target,설정,도움말,0.125,설정,1,4.3,308.0,319.2,ok,"```json {""x"": 350, ""y"": 532} ```",2026-10-08T09:38:02
d5_L18_settings_T65_M.png,18,1,T65,target,설정,검색,0.125,설정,1,3.8,266.6,550.2,ok,"```json {""x"": 303, ""y"": 917} ```",2026-10-08T09:38:07
d5_L07_home_D65_M.png,7,1,D65,decoy,홈,검색,0.125,취소,0,361.5,291.3,289.2,ok,"```json {""x"": 331, ""y"": 482} ```",2026-10-08T09:38:13
d5_L13_settings_D245_N.png,13,0,D245,decoy,설정,삭제,0.125,저장,0,203.2,609.8,150.0,ok,"```json {""x"": 693, ""y"": 250} ```",2026-10-08T09:38:19
d5_L14_home_D65_N.png,14,0,D65,decoy,홈,저장,0.125,홈,1,2.1,99.4,156.0,ok,"```json {""x"": 113, ""y"": 260} ```",2026-10-08T09:38:24
d5_L02_home_D65_N.png,2,0,D65,decoy,홈,저장,0.125,홈,1,0.5,640.6,281.4,ok,"```json {""x"": 728, ""y"": 469} ```",2026-10-08T09:38:30
d5_L08_settings_T245_N.png,8,0,T245,target,설정,도움말,0.125,설정,1,2.3,194.5,307.2,ok,"```json {""x"": 221, ""y"": 512} ```",2026-10-08T09:38:35
d5_L01_settings_D245_M.png,1,1,D245,decoy,설정,취소,0.125,삭제,0,510.1,688.2,63.0,ok,"```json {""x"": 782, ""y"": 105} ```",2026-10-08T09:38:42
d5_L16_home_T245_N.png,16,0,T245,target,홈,취소,0.125,홈,1,0.9,539.4,184.8,ok,"```json {""x"": 613, ""y"": 308} ```",2026-10-08T09:38:49
d5_L19_settings_T65_M.png,19,1,T65,target,설정,삭제,0.125,설정,1,2.5,547.4,171.6,ok,"```json {""x"": 622, ""y"": 286} ```",2026-10-08T09:38:55
d5_L09_settings_T65_N.png,9,0,T65,target,설정,홈,0.125,설정,1,3.4,219.1,317.4,ok,"```json {""x"": 249, ""y"": 529} ```",2026-10-08T09:39:01
d5_L09_login_D65_M.png,9,1,D65,decoy,로그인,취소,0.125,도움말,0,405.9,721.6,72.6,ok,"```json {""x"": 820, ""y"": 121} ```",2026-10-08T09:39:07
d5_L08_settings_T245_M.png,8,1,T245,target,설정,도움말,0.125,설정,1,2.1,688.2,307.2,ok,"```json {""x"": 782, ""y"": 512} ```",2026-10-08T09:39:13
d5_L06_home_T65_M.png,6,1,T65,target,홈,설정,0.125,홈,1,6.2,438.2,538.8,ok,"```json {""x"": 498, ""y"": 898} ```",2026-10-08T09:39:21
d5_L10_login_D245_M.png,10,1,D245,decoy,로그인,저장,0.125,로그인,1,7.2,229.7,340.2,ok,"```json {""x"": 261, ""y"": 567} ```",2026-10-08T09:39:26
d5_L05_home_D245_N.png,5,0,D245,decoy,홈,로그인,0.125,삭제,0,239.2,533.3,317.4,ok,"```json {""x"": 606, ""y"": 529} ```",2026-10-08T09:39:32
d5_L08_login_D65_N.png,8,0,D65,decoy,로그인,저장,0.125,도움말,0,341.8,312.4,553.8,ok,"```json {""x"": 355, ""y"": 923} ```",2026-10-08T09:39:39
d5_L17_home_D245_N.png,17,0,D245,decoy,홈,저장,0.125,저장,0,274.4,148.7,130.8,ok,"{""x"": 169, ""y"": 218}",2026-10-08T09:39:47
d5_L19_home_D65_N.png,19,0,D65,decoy,홈,저장,0.125,저장,0,169.2,708.4,96.6,ok,"```json {""x"": 805, ""y"": 161} ```",2026-10-08T09:39:55
d5_L17_home_T245_M.png,17,1,T245,target,홈,저장,0.125,홈,1,1.0,469.0,51.0,ok,"```json {""x"": 533, ""y"": 85} ```",2026-10-08T09:40:02
d5_L00_home_D65_N.png,0,0,D65,decoy,홈,삭제,0.125,삭제,0,309.1,710.2,47.4,ok,"{""x"": 807, ""y"": 79}",2026-10-08T09:40:10
d5_L11_home_T245_M.png,11,1,T245,target,홈,저장,0.125,홈,1,2.8,477.0,122.4,ok,"```json {""x"": 542, ""y"": 204} ```",2026-10-08T09:40:17
d5_L02_home_T245_M.png,2,1,T245,target,홈,저장,0.125,홈,1,2.3,236.7,281.4,ok,"```json {""x"": 269, ""y"": 469} ```",2026-10-08T09:40:23
d5_L07_home_D245_N.png,7,0,D245,decoy,홈,검색,0.125,홈,1,4.2,228.8,240.6,ok,"```json {""x"": 260, ""y"": 401} ```",2026-10-08T09:40:28
d5_L02_settings_T65_M.png,2,1,T65,target,설정,도움말,0.125,검색,0,495.2,273.7,121.2,ok,"```json {""x"": 311, ""y"": 202} ```",2026-10-08T09:40:37
d5_L02_login_D245_N.png,2,0,D245,decoy,로그인,검색,0.125,도움말,0,472.1,291.3,63.0,ok,"```json {""x"": 331, ""y"": 105} ```",2026-10-08T09:40:43
d5_L15_settings_T245_N.png,15,0,T245,target,설정,삭제,0.125,설정,1,0.6,187.4,51.6,ok,"```json {""x"": 213, ""y"": 86} ```",2026-10-08T09:40:50
d5_L00_login_D245_N.png,0,0,D245,decoy,로그인,취소,0.125,도움말,0,357.5,587.8,164.4,ok,"```json {""x"": 668, ""y"": 274} ```",2026-10-08T09:40:58
d5_L06_login_D65_M.png,6,1,D65,decoy,로그인,홈,0.125,도움말,0,392.9,644.2,150.0,ok,"```json {""x"": 732, ""y"": 250} ```",2026-10-08T09:41:07
d5_L11_home_D65_N.png,11,0,D65,decoy,홈,저장,0.125,저장,0,194.2,221.8,52.8,ok,"```json {""x"": 252, ""y"": 88} ```",2026-10-08T09:41:14
d5_L15_login_D65_N.png,15,0,D65,decoy,로그인,삭제,0.125,로그인,1,2.7,260.5,321.0,ok,"{""x"": 296, ""y"": 535}",2026-10-08T09:41:19
d5_L19_home_T65_N.png,19,0,T65,target,홈,저장,0.125,홈,1,2.9,756.8,256.2,ok,"```json {""x"": 860, ""y"": 427} ```",2026-10-08T09:41:24
d5_L12_home_D245_M.png,12,1,D245,decoy,홈,취소,0.125,홈,1,1.6,786.7,141.6,ok,"{""x"": 894, ""y"": 236}",2026-10-08T09:41:30
d5_L18_settings_T245_N.png,18,0,T245,target,설정,검색,0.125,설정,1,2.9,615.1,550.2,ok,"{""x"": 699, ""y"": 917}",2026-10-08T09:41:37
d5_L14_login_D65_N.png,14,0,D65,decoy,로그인,취소,0.125,도움말,0,180.1,301.8,247.2,ok,"```json {""x"": 343, ""y"": 412} ```",2026-10-08T09:41:44
d5_L14_settings_D65_N.png,14,0,D65,decoy,설정,로그인,0.125,설정,1,3.1,251.7,465.6,ok,"```json {""x"": 286, ""y"": 776} ```",2026-10-08T09:41:49
d5_L10_settings_D245_N.png,10,0,D245,decoy,설정,취소,0.125,도움말,0,347.0,538.6,47.4,ok,"```json {""x"": 612, ""y"": 79} ```",2026-10-08T09:41:57
d5_L14_home_T65_N.png,14,0,T65,target,홈,저장,0.125,홈,1,3.8,99.4,154.2,ok,"```json {""x"": 113, ""y"": 257} ```",2026-10-08T09:42:03
d5_L19_home_D245_N.png,19,0,D245,decoy,홈,저장,0.125,저장,0,170.4,708.4,95.4,ok,"```json {""x"": 805, ""y"": 159} ```",2026-10-08T09:58:12
d5_L15_settings_T245_M.png,15,1,T245,target,설정,삭제,0.125,설정,1,1.4,691.7,51.6,ok,"```json {""x"": 786, ""y"": 86} ```",2026-10-08T09:58:18
d5_L15_home_D245_N.png,15,0,D245,decoy,홈,설정,0.125,홈,1,4.9,140.8,211.8,ok,"{""x"": 160, ""y"": 353}",2026-10-08T09:58:23
d5_L05_settings_T245_N.png,5,0,T245,target,설정,저장,0.125,설정,1,3.8,386.3,400.8,ok,"```json {""x"": 439, ""y"": 668} ```",2026-10-08T09:58:33
d5_L02_settings_T65_N.png,2,0,T65,target,설정,도움말,0.125,설정,1,6.4,262.2,471.6,ok,"```json {""x"": 298, ""y"": 786} ```",2026-10-08T09:58:38
d5_L16_home_D245_M.png,16,1,D245,decoy,홈,취소,0.125,홈,1,0.9,340.6,184.8,ok,"```json {""x"": 387, ""y"": 308} ```",2026-10-08T09:58:44
d5_L13_login_D65_M.png,13,1,D65,decoy,로그인,저장,0.125,도움말,0,182.4,595.8,289.8,ok,"```json {""x"": 677, ""y"": 483} ```",2026-10-08T09:58:50
d5_L12_settings_D65_M.png,12,1,D65,decoy,설정,홈,0.125,설정,1,1.5,370.5,411.6,ok,"```json {""x"": 421, ""y"": 686} ```",2026-10-08T09:58:58
d5_L08_login_D245_M.png,8,1,D245,decoy,로그인,저장,0.125,로그인,1,10.2,235.8,460.8,ok,"```json {""x"": 268, ""y"": 768} ```",2026-10-08T09:59:06
d5_L03_login_D65_N.png,3,0,D65,decoy,로그인,삭제,0.125,로그인,1,3.6,266.6,193.8,ok,"```json {""x"": 303, ""y"": 323} ```",2026-10-08T09:59:14
d5_L07_login_D245_M.png,7,1,D245,decoy,로그인,취소,1.0,로그인,1,0.6,296.6,188.4,ok,"```json {""x"": 337, ""y"": 314} ```",2026-10-08T10:11:48
d5_L07_login_D245_M.png,7,1,D245,decoy,로그인,취소,0.25,로그인,1,0.9,297.4,187.2,ok,"```json {""x"": 338, ""y"": 312} ```",2026-10-08T10:11:54
d5_L09_login_D245_M.png,9,1,D245,decoy,로그인,취소,1.0,로그인,1,0.4,359.9,257.4,ok,"```json {""x"": 409, ""y"": 429} ```",2026-10-08T10:11:59
d5_L09_login_D245_M.png,9,1,D245,decoy,로그인,취소,0.25,로그인,1,0.8,359.9,256.2,ok,"```json {""x"": 409, ""y"": 427} ```",2026-10-08T10:12:05
d5_L12_login_D245_N.png,12,0,D245,decoy,로그인,홈,1.0,로그인,1,0.2,109.1,490.8,ok,"{""x"": 124, ""y"": 818}",2026-10-08T10:12:11
d5_L12_login_D245_N.png,12,0,D245,decoy,로그인,홈,0.25,로그인,1,1.4,109.1,489.6,ok,"```json {""x"": 124, ""y"": 816} ```",2026-10-08T10:12:16
d5_L07_login_D245_N.png,7,0,D245,decoy,로그인,취소,1.0,로그인,1,0.6,582.6,188.4,ok,"```json {""x"": 662, ""y"": 314} ```",2026-10-08T10:12:22
d5_L07_login_D245_N.png,7,0,D245,decoy,로그인,취소,0.25,로그인,1,0.5,582.6,187.8,ok,"```json {""x"": 662, ""y"": 313} ```",2026-10-08T10:12:27
d5_L17_login_D245_M.png,17,1,D245,decoy,로그인,도움말,1.0,로그인,1,0.6,347.6,453.6,ok,"```json {""x"": 395, ""y"": 756} ```",2026-10-08T10:12:33
d5_L17_login_D245_M.png,17,1,D245,decoy,로그인,도움말,0.25,로그인,1,0.4,347.6,454.2,ok,"```json {""x"": 395, ""y"": 757} ```",2026-10-08T10:12:38
d5_L16_login_D65_M.png,16,1,D65,decoy,로그인,취소,1.0,로그인,1,1.4,547.4,59.4,ok,"{""x"": 622, ""y"": 99}",2026-10-08T10:12:46
d5_L16_login_D65_M.png,16,1,D65,decoy,로그인,취소,0.25,로그인,1,0.9,547.4,58.8,ok,"```json {""x"": 622, ""y"": 98} ```",2026-10-08T10:12:54
d5_L03_login_D245_M.png,3,1,D245,decoy,로그인,삭제,1.0,로그인,1,0.2,615.1,196.8,ok,"```json {""x"": 699, ""y"": 328} ```",2026-10-08T10:12:59
d5_L03_login_D245_M.png,3,1,D245,decoy,로그인,삭제,0.25,로그인,1,1.0,616.0,196.8,ok,"{""x"": 700, ""y"": 328}",2026-10-08T10:13:05
d5_L06_login_D65_N.png,6,0,D65,decoy,로그인,홈,1.0,로그인,1,0.5,592.2,315.6,ok,"```json {""x"": 673, ""y"": 526} ```",2026-10-08T10:13:10
d5_L06_login_D65_N.png,6,0,D65,decoy,로그인,홈,0.25,로그인,1,0.5,592.2,315.6,ok,"```json {""x"": 673, ""y"": 526} ```",2026-10-08T10:13:16
d5_L16_login_D245_N.png,16,0,D245,decoy,로그인,취소,1.0,로그인,1,0.9,332.6,58.8,ok,"{""x"": 378, ""y"": 98}",2026-10-08T10:13:22
d5_L16_login_D245_N.png,16,0,D245,decoy,로그인,취소,0.25,로그인,1,1.5,333.5,59.4,ok,"```json {""x"": 379, ""y"": 99} ```",2026-10-08T10:13:27
d5_L00_login_D65_M.png,0,1,D65,decoy,로그인,취소,1.0,로그인,1,0.4,317.7,520.8,ok,"```json {""x"": 361, ""y"": 868} ```",2026-10-08T10:13:34
d5_L00_login_D65_M.png,0,1,D65,decoy,로그인,취소,0.25,로그인,1,0.9,317.7,520.2,ok,"```json {""x"": 361, ""y"": 867} ```",2026-10-08T10:13:39
d5_L09_login_D65_N.png,9,0,D65,decoy,로그인,취소,1.0,로그인,1,0.4,520.1,257.4,ok,"```json {""x"": 591, ""y"": 429} ```",2026-10-08T10:13:45
d5_L09_login_D65_N.png,9,0,D65,decoy,로그인,취소,0.25,로그인,1,0.8,520.1,256.2,ok,"```json {""x"": 591, ""y"": 427} ```",2026-10-08T10:13:50
d5_L16_login_D245_M.png,16,1,D245,decoy,로그인,취소,1.0,로그인,1,1.4,547.4,59.4,ok,"```json {""x"": 622, ""y"": 99} ```",2026-10-08T10:13:56
d5_L16_login_D245_M.png,16,1,D245,decoy,로그인,취소,0.25,로그인,1,0.9,547.4,58.8,ok,"```json {""x"": 622, ""y"": 98} ```",2026-10-08T10:14:02
d5_L19_login_D245_N.png,19,0,D245,decoy,로그인,설정,1.0,로그인,1,0.6,707.5,493.8,ok,"```json {""x"": 804, ""y"": 823} ```",2026-10-08T10:14:07
d5_L19_login_D245_N.png,19,0,D245,decoy,로그인,설정,0.25,로그인,1,1.1,707.5,495.0,ok,"```json {""x"": 804, ""y"": 825} ```",2026-10-08T10:14:13
d5_L01_login_D65_M.png,1,1,D65,decoy,로그인,홈,1.0,로그인,1,0.6,136.4,330.6,ok,"```json {""x"": 155, ""y"": 551} ```",2026-10-08T10:14:20
d5_L01_login_D65_M.png,1,1,D65,decoy,로그인,홈,0.25,로그인,1,1.6,137.3,330.0,ok,"```json {""x"": 156, ""y"": 550} ```",2026-10-08T10:14:26
d5_L09_login_D245_N.png,9,0,D245,decoy,로그인,취소,1.0,로그인,1,0.4,520.1,257.4,ok,"{""x"": 591, ""y"": 429}",2026-10-08T10:14:31
d5_L09_login_D245_N.png,9,0,D245,decoy,로그인,취소,0.25,로그인,1,7.9,512.2,256.2,ok,"{""x"": 582, ""y"": 427}",2026-10-08T10:14:39
d5_L07_login_D65_M.png,7,1,D65,decoy,로그인,취소,1.0,로그인,1,0.6,296.6,188.4,ok,"```json {""x"": 337, ""y"": 314} ```",2026-10-08T10:14:45
d5_L07_login_D65_M.png,7,1,D65,decoy,로그인,취소,0.25,로그인,1,3.5,298.3,184.8,ok,"```json {""x"": 339, ""y"": 308} ```",2026-10-08T10:14:50
d5_L17_login_D65_N.png,17,0,D65,decoy,로그인,도움말,1.0,로그인,1,0.5,531.5,454.2,ok,"```json {""x"": 604, ""y"": 757} ```",2026-10-08T10:14:57
d5_L17_login_D65_N.png,17,0,D65,decoy,로그인,도움말,0.25,로그인,1,0.4,532.4,454.2,ok,"```json {""x"": 605, ""y"": 757} ```",2026-10-08T10:15:02
d5_L03_login_D245_N.png,3,0,D245,decoy,로그인,삭제,1.0,로그인,1,0.2,264.9,196.8,ok,"```json {""x"": 301, ""y"": 328} ```",2026-10-08T10:15:08
d5_L03_login_D245_N.png,3,0,D245,decoy,로그인,삭제,0.25,로그인,1,0.8,265.8,196.8,ok,"{""x"": 302, ""y"": 328}",2026-10-08T10:15:16
d5_L04_login_D245_N.png,4,0,D245,decoy,로그인,삭제,1.0,로그인,1,0.1,564.1,417.0,ok,"```json {""x"": 641, ""y"": 695} ```",2026-10-08T10:15:22
d5_L04_login_D245_N.png,4,0,D245,decoy,로그인,삭제,0.25,로그인,1,4.9,563.2,421.8,ok,"{""x"": 640, ""y"": 703}",2026-10-08T10:15:27
d5_L12_login_D65_M.png,12,1,D65,decoy,로그인,홈,1.0,로그인,1,0.2,770.9,490.8,ok,"{""x"": 876, ""y"": 818}",2026-10-08T10:15:34
d5_L12_login_D65_M.png,12,1,D65,decoy,로그인,홈,0.25,로그인,1,1.1,770.0,491.4,ok,"```json {""x"": 875, ""y"": 819} ```",2026-10-08T10:15:42
d5_L15_login_D245_M.png,15,1,D245,decoy,로그인,삭제,1.0,로그인,1,0.4,622.2,321.6,ok,"```json {""x"": 707, ""y"": 536} ```",2026-10-08T10:15:49
d5_L15_login_D245_M.png,15,1,D245,decoy,로그인,삭제,0.25,로그인,1,2.2,623.9,321.0,ok,"```json {""x"": 709, ""y"": 535} ```",2026-10-08T10:15:55
d5_L19_login_D245_M.png,19,1,D245,decoy,로그인,설정,1.0,로그인,1,0.6,172.5,493.8,ok,"```json {""x"": 196, ""y"": 823} ```",2026-10-08T10:16:01
d5_L19_login_D245_M.png,19,1,D245,decoy,로그인,설정,0.25,로그인,1,5.0,172.5,489.0,ok,"```json {""x"": 196, ""y"": 815} ```",2026-10-08T10:16:07
d5_L17_login_D65_M.png,17,1,D65,decoy,로그인,도움말,1.0,로그인,1,0.4,347.6,454.2,ok,"```json {""x"": 395, ""y"": 757} ```",2026-10-08T10:16:14
d5_L17_login_D65_M.png,17,1,D65,decoy,로그인,도움말,0.25,로그인,1,0.5,348.5,454.2,ok,"{""x"": 396, ""y"": 757}",2026-10-08T10:16:19
d5_L17_login_D245_N.png,17,0,D245,decoy,로그인,도움말,1.0,로그인,1,0.4,532.4,454.2,ok,"```json {""x"": 605, ""y"": 757} ```",2026-10-08T10:16:25
d5_L17_login_D245_N.png,17,0,D245,decoy,로그인,도움말,0.25,로그인,1,0.4,532.4,454.2,ok,"```json {""x"": 605, ""y"": 757} ```",2026-10-08T10:16:31
d5_L01_login_D245_M.png,1,1,D245,decoy,로그인,홈,1.0,로그인,1,0.4,136.4,331.2,ok,"```json {""x"": 155, ""y"": 552} ```",2026-10-08T10:16:36
d5_L01_login_D245_M.png,1,1,D245,decoy,로그인,홈,0.25,로그인,1,2.9,137.3,333.6,ok,"```json {""x"": 156, ""y"": 556} ```",2026-10-08T10:16:41
d5_L05_login_D65_N.png,5,0,D65,decoy,로그인,삭제,1.0,로그인,1,1.3,243.8,306.0,ok,"```json {""x"": 277, ""y"": 510} ```",2026-10-08T10:16:48
d5_L05_login_D65_N.png,5,0,D65,decoy,로그인,삭제,0.25,로그인,1,0.9,243.8,305.4,ok,"{""x"": 277, ""y"": 509}",2026-10-08T10:16:54
d5_L14_login_D245_N.png,14,0,D245,decoy,로그인,취소,1.0,로그인,1,0.7,456.7,154.2,ok,"{""x"": 519, ""y"": 257}",2026-10-08T10:17:00
d5_L14_login_D245_N.png,14,0,D245,decoy,로그인,취소,0.25,로그인,1,1.6,457.6,154.2,ok,"```json {""x"": 520, ""y"": 257} ```",2026-10-08T10:17:05
d5_L19_login_D65_M.png,19,1,D65,decoy,로그인,설정,1.0,로그인,1,0.6,172.5,493.8,ok,"```json {""x"": 196, ""y"": 823} ```",2026-10-08T10:17:11
d5_L19_login_D65_M.png,19,1,D65,decoy,로그인,설정,0.25,로그인,1,5.0,172.5,489.0,ok,"```json {""x"": 196, ""y"": 815} ```",2026-10-08T10:17:16
d5_L04_login_D65_M.png,4,1,D65,decoy,로그인,삭제,1.0,로그인,1,0.1,315.9,417.0,ok,"```json {""x"": 359, ""y"": 695} ```",2026-10-08T10:17:22
d5_L04_login_D65_M.png,4,1,D65,decoy,로그인,삭제,0.25,로그인,1,2.6,315.0,414.6,ok,"```json {""x"": 358, ""y"": 691} ```",2026-10-08T10:17:27
d5_L10_login_D65_M.png,10,1,D65,decoy,로그인,저장,1.0,로그인,1,0.3,226.2,334.2,ok,"```json {""x"": 257, ""y"": 557} ```",2026-10-08T10:17:33
d5_L10_login_D65_M.png,10,1,D65,decoy,로그인,저장,0.25,로그인,1,1.4,227.0,333.0,ok,"```json {""x"": 258, ""y"": 555} ```",2026-10-08T10:17:39
d5_L08_login_D245_N.png,8,0,D245,decoy,로그인,저장,1.0,로그인,1,0.6,644.2,471.6,ok,"```json {""x"": 732, ""y"": 786} ```",2026-10-08T10:17:46
d5_L08_login_D245_N.png,8,0,D245,decoy,로그인,저장,0.25,로그인,1,0.6,644.2,471.6,ok,"```json {""x"": 732, ""y"": 786} ```",2026-10-08T10:17:53
d5_L01_login_D65_N.png,1,0,D65,decoy,로그인,홈,1.0,로그인,1,0.6,744.5,330.6,ok,"```json {""x"": 846, ""y"": 551} ```",2026-10-08T10:17:58
d5_L01_login_D65_N.png,1,0,D65,decoy,로그인,홈,0.25,로그인,1,0.6,744.5,330.6,ok,"```json {""x"": 846, ""y"": 551} ```",2026-10-08T10:18:04
d5_L10_login_D245_N.png,10,0,D245,decoy,로그인,저장,1.0,로그인,1,0.3,653.8,334.2,ok,"```json {""x"": 743, ""y"": 557} ```",2026-10-08T10:18:10
d5_L10_login_D245_N.png,10,0,D245,decoy,로그인,저장,0.25,로그인,1,1.8,655.6,334.8,ok,"```json {""x"": 745, ""y"": 558} ```",2026-10-08T10:18:15
d5_L13_login_D65_N.png,13,0,D65,decoy,로그인,저장,1.0,로그인,1,0.5,106.5,250.8,ok,"```json {""x"": 121, ""y"": 418} ```",2026-10-08T10:18:20
d5_L13_login_D65_N.png,13,0,D65,decoy,로그인,저장,0.25,로그인,1,0.5,106.5,250.8,ok,"{""x"": 121, ""y"": 418}",2026-10-08T10:18:26
d5_L06_login_D245_M.png,6,1,D245,decoy,로그인,홈,1.0,로그인,1,0.8,288.6,315.6,ok,"```json {""x"": 328, ""y"": 526} ```",2026-10-08T10:18:31
d5_L06_login_D245_M.png,6,1,D245,decoy,로그인,홈,0.25,로그인,1,0.3,287.8,316.2,ok,"{""x"": 327, ""y"": 527}",2026-10-08T10:18:37
d5_L15_login_D245_N.png,15,0,D245,decoy,로그인,삭제,1.0,로그인,1,0.4,257.8,321.6,ok,"```json {""x"": 293, ""y"": 536} ```",2026-10-08T10:18:43
d5_L15_login_D245_N.png,15,0,D245,decoy,로그인,삭제,0.25,로그인,1,2.7,260.5,321.0,ok,"```json {""x"": 296, ""y"": 535} ```",2026-10-08T10:18:50
d5_L07_login_D65_N.png,7,0,D65,decoy,로그인,취소,1.0,로그인,1,0.6,582.6,188.4,ok,"```json {""x"": 662, ""y"": 314} ```",2026-10-08T10:18:55
d5_L07_login_D65_N.png,7,0,D65,decoy,로그인,취소,0.25,로그인,1,0.9,582.6,187.2,ok,"```json {""x"": 662, ""y"": 312} ```",2026-10-08T10:19:01
d5_L14_login_D65_M.png,14,1,D65,decoy,로그인,취소,1.0,로그인,1,0.3,424.2,154.2,ok,"```json {""x"": 482, ""y"": 257} ```",2026-10-08T10:19:06
d5_L14_login_D65_M.png,14,1,D65,decoy,로그인,취소,0.25,로그인,1,0.3,424.2,154.2,ok,"```json {""x"": 482, ""y"": 257} ```",2026-10-08T10:19:12
d5_L12_login_D245_M.png,12,1,D245,decoy,로그인,홈,1.0,로그인,1,0.2,770.9,490.8,ok,"```json {""x"": 876, ""y"": 818} ```",2026-10-08T10:19:17
d5_L12_login_D245_M.png,12,1,D245,decoy,로그인,홈,0.25,로그인,1,0.9,771.8,491.4,ok,"```json {""x"": 877, ""y"": 819} ```",2026-10-08T10:19:23
d5_L02_login_D245_M.png,2,1,D245,decoy,로그인,검색,1.0,로그인,1,0.6,272.8,414.6,ok,"```json {""x"": 310, ""y"": 691} ```",2026-10-08T10:19:28
d5_L02_login_D245_M.png,2,1,D245,decoy,로그인,검색,0.25,로그인,1,2.4,272.8,411.6,ok,"```json {""x"": 310, ""y"": 686} ```",2026-10-08T10:19:35
d5_L04_login_D245_M.png,4,1,D245,decoy,로그인,삭제,1.0,로그인,1,0.1,315.9,417.0,ok,"```json {""x"": 359, ""y"": 695} ```",2026-10-08T10:19:42
d5_L04_login_D245_M.png,4,1,D245,decoy,로그인,삭제,0.25,로그인,1,1.5,315.0,415.8,ok,"{""x"": 358, ""y"": 693}",2026-10-08T10:19:49
d5_L00_login_D245_M.png,0,1,D245,decoy,로그인,취소,1.0,로그인,1,0.4,317.7,520.8,ok,"```json {""x"": 361, ""y"": 868} ```",2026-10-08T10:19:55
d5_L00_login_D245_M.png,0,1,D245,decoy,로그인,취소,0.25,로그인,1,1.4,317.7,519.6,ok,"```json {""x"": 361, ""y"": 866} ```",2026-10-08T10:20:00
d5_L18_login_D245_N.png,18,0,D245,decoy,로그인,삭제,1.0,로그인,1,0.6,469.9,405.6,ok,"```json {""x"": 534, ""y"": 676} ```",2026-10-08T10:20:07
d5_L18_login_D245_N.png,18,0,D245,decoy,로그인,삭제,0.25,로그인,1,1.4,470.8,403.8,ok,"```json {""x"": 535, ""y"": 673} ```",2026-10-08T10:20:13
d5_L11_login_D245_M.png,11,1,D245,decoy,로그인,삭제,1.0,로그인,1,0.4,679.4,505.8,ok,"```json {""x"": 772, ""y"": 843} ```",2026-10-08T10:20:19
d5_L11_login_D245_M.png,11,1,D245,decoy,로그인,삭제,0.25,로그인,1,1.4,679.4,504.6,ok,"```json {""x"": 772, ""y"": 841} ```",2026-10-08T10:20:25
d5_L10_login_D65_N.png,10,0,D65,decoy,로그인,저장,1.0,로그인,1,0.3,653.8,334.2,ok,"```json {""x"": 743, ""y"": 557} ```",2026-10-08T10:20:30
d5_L10_login_D65_N.png,10,0,D65,decoy,로그인,저장,0.25,로그인,1,1.6,655.6,333.6,ok,"```json {""x"": 745, ""y"": 556} ```",2026-10-08T10:20:36
d5_L02_login_D65_N.png,2,0,D65,decoy,로그인,검색,1.0,로그인,1,0.7,606.3,414.0,ok,"```json {""x"": 689, ""y"": 690} ```",2026-10-08T10:20:43
d5_L02_login_D65_N.png,2,0,D65,decoy,로그인,검색,0.25,로그인,1,3.0,604.6,412.2,ok,"```json {""x"": 687, ""y"": 687} ```",2026-10-08T10:20:49
d5_L01_login_D245_N.png,1,0,D245,decoy,로그인,홈,1.0,로그인,1,0.5,744.5,331.2,ok,"{""x"": 846, ""y"": 552}",2026-10-08T10:20:54
d5_L01_login_D245_N.png,1,0,D245,decoy,로그인,홈,0.25,로그인,1,1.7,745.4,330.0,ok,"```json {""x"": 847, ""y"": 550} ```",2026-10-08T10:20:59
d5_L06_login_D245_N.png,6,0,D245,decoy,로그인,홈,1.0,로그인,1,0.3,592.2,316.2,ok,"```json {""x"": 673, ""y"": 527} ```",2026-10-08T10:21:05
d5_L06_login_D245_N.png,6,0,D245,decoy,로그인,홈,0.25,로그인,1,0.3,592.2,316.2,ok,"```json {""x"": 673, ""y"": 527} ```",2026-10-08T10:21:10
d5_L11_login_D65_N.png,11,0,D65,decoy,로그인,삭제,1.0,로그인,1,0.4,200.6,505.8,ok,"{""x"": 228, ""y"": 843}",2026-10-08T10:21:16
d5_L11_login_D65_N.png,11,0,D65,decoy,로그인,삭제,0.25,로그인,1,2.6,200.6,503.4,ok,"```json {""x"": 228, ""y"": 839} ```",2026-10-08T10:21:22
d5_L04_login_D65_N.png,4,0,D65,decoy,로그인,삭제,1.0,로그인,1,0.1,564.1,417.0,ok,"```json {""x"": 641, ""y"": 695} ```",2026-10-08T10:21:28
d5_L04_login_D65_N.png,4,0,D65,decoy,로그인,삭제,0.25,로그인,1,3.1,563.2,414.0,ok,"{""x"": 640, ""y"": 690}",2026-10-08T10:21:34
d5_L19_login_D65_N.png,19,0,D65,decoy,로그인,설정,1.0,로그인,1,0.7,707.5,494.4,ok,"```json {""x"": 804, ""y"": 824} ```",2026-10-08T10:21:40
d5_L19_login_D65_N.png,19,0,D65,decoy,로그인,설정,0.25,로그인,1,1.0,707.5,493.2,ok,"```json {""x"": 804, ""y"": 822} ```",2026-10-08T10:21:47
d5_L18_login_D65_N.png,18,0,D65,decoy,로그인,삭제,1.0,로그인,1,0.1,469.9,405.0,ok,"```json {""x"": 534, ""y"": 675} ```",2026-10-08T10:21:53
d5_L18_login_D65_N.png,18,0,D65,decoy,로그인,삭제,0.25,로그인,1,1.4,470.8,403.8,ok,"```json {""x"": 535, ""y"": 673} ```",2026-10-08T10:22:01
d5_L18_login_D245_M.png,18,1,D245,decoy,로그인,삭제,1.0,로그인,1,0.6,410.1,405.6,ok,"```json {""x"": 466, ""y"": 676} ```",2026-10-08T10:22:06
d5_L18_login_D245_M.png,18,1,D245,decoy,로그인,삭제,0.25,로그인,1,4.6,411.8,400.8,ok,"```json {""x"": 468, ""y"": 668} ```",2026-10-08T10:22:12
d5_L05_login_D245_N.png,5,0,D245,decoy,로그인,삭제,1.0,로그인,1,0.9,243.8,305.4,ok,"```json {""x"": 277, ""y"": 509} ```",2026-10-08T10:22:18
d5_L05_login_D245_N.png,5,0,D245,decoy,로그인,삭제,0.25,로그인,1,0.9,243.8,305.4,ok,"```json {""x"": 277, ""y"": 509} ```",2026-10-08T10:22:23
d5_L02_login_D65_M.png,2,1,D65,decoy,로그인,검색,1.0,로그인,1,0.2,272.8,414.0,ok,"```json {""x"": 310, ""y"": 690} ```",2026-10-08T10:22:29
d5_L02_login_D65_M.png,2,1,D65,decoy,로그인,검색,0.25,로그인,1,0.6,272.8,414.6,ok,"```json {""x"": 310, ""y"": 691} ```",2026-10-08T10:22:35
d5_L00_login_D65_N.png,0,0,D65,decoy,로그인,취소,1.0,로그인,1,0.6,561.4,520.8,ok,"```json {""x"": 638, ""y"": 868} ```",2026-10-08T10:22:40
d5_L00_login_D65_N.png,0,0,D65,decoy,로그인,취소,0.25,로그인,1,1.5,561.4,519.6,ok,"```json {""x"": 638, ""y"": 866} ```",2026-10-08T10:22:46
d5_L15_login_D65_M.png,15,1,D65,decoy,로그인,삭제,1.0,로그인,1,0.8,622.2,322.8,ok,"```json {""x"": 707, ""y"": 538} ```",2026-10-08T10:22:54
d5_L15_login_D65_M.png,15,1,D65,decoy,로그인,삭제,0.25,로그인,1,2.0,623.9,321.6,ok,"```json {""x"": 709, ""y"": 536} ```",2026-10-08T10:23:00
d5_L13_login_D245_M.png,13,1,D245,decoy,로그인,저장,1.0,로그인,1,0.5,773.5,250.8,ok,"```json {""x"": 879, ""y"": 418} ```",2026-10-08T10:23:05
d5_L13_login_D245_M.png,13,1,D245,decoy,로그인,저장,0.25,로그인,1,1.1,774.4,252.0,ok,"```json {""x"": 880, ""y"": 420} ```",2026-10-08T10:23:11
d5_L08_login_D65_M.png,8,1,D65,decoy,로그인,저장,1.0,로그인,1,0.9,236.7,471.6,ok,"```json {""x"": 269, ""y"": 786} ```",2026-10-08T10:23:17
d5_L08_login_D65_M.png,8,1,D65,decoy,로그인,저장,0.25,로그인,1,1.2,235.0,471.6,ok,"```json {""x"": 267, ""y"": 786} ```",2026-10-08T10:23:23
d5_L11_login_D65_M.png,11,1,D65,decoy,로그인,삭제,1.0,로그인,1,0.4,679.4,505.8,ok,"```json {""x"": 772, ""y"": 843} ```",2026-10-08T10:23:29
d5_L11_login_D65_M.png,11,1,D65,decoy,로그인,삭제,0.25,로그인,1,5.6,678.5,500.4,ok,"```json {""x"": 771, ""y"": 834} ```",2026-10-08T10:23:35
d5_L13_login_D245_N.png,13,0,D245,decoy,로그인,저장,1.0,로그인,1,0.5,106.5,250.8,ok,"```json {""x"": 121, ""y"": 418} ```",2026-10-08T10:23:40
d5_L13_login_D245_N.png,13,0,D245,decoy,로그인,저장,0.25,로그인,1,1.7,107.4,252.0,ok,"```json {""x"": 122, ""y"": 420} ```",2026-10-08T10:23:45
d5_L05_login_D65_M.png,5,1,D65,decoy,로그인,삭제,1.0,로그인,1,0.4,637.1,305.4,ok,"{""x"": 724, ""y"": 509}",2026-10-08T10:23:51
d5_L05_login_D65_M.png,5,1,D65,decoy,로그인,삭제,0.25,로그인,1,1.1,638.0,305.4,ok,"```json {""x"": 725, ""y"": 509} ```",2026-10-08T10:23:57
d5_L16_login_D65_N.png,16,0,D65,decoy,로그인,취소,1.0,로그인,1,1.5,333.5,59.4,ok,"```json {""x"": 379, ""y"": 99} ```",2026-10-08T10:24:03
d5_L16_login_D65_N.png,16,0,D65,decoy,로그인,취소,0.25,로그인,1,1.0,333.5,58.8,ok,"```json {""x"": 379, ""y"": 98} ```",2026-10-08T10:24:08
d5_L05_login_D245_M.png,5,1,D245,decoy,로그인,삭제,1.0,로그인,1,0.4,637.1,305.4,ok,"```json {""x"": 724, ""y"": 509} ```",2026-10-08T10:24:14
d5_L05_login_D245_M.png,5,1,D245,decoy,로그인,삭제,0.25,로그인,1,1.9,638.0,306.6,ok,"```json {""x"": 725, ""y"": 511} ```",2026-10-08T10:24:20
d5_L11_login_D245_N.png,11,0,D245,decoy,로그인,삭제,1.0,로그인,1,0.6,201.5,505.8,ok,"```json {""x"": 229, ""y"": 843} ```",2026-10-08T10:24:25
d5_L11_login_D245_N.png,11,0,D245,decoy,로그인,삭제,0.25,로그인,1,0.4,200.6,505.8,ok,"```json {""x"": 228, ""y"": 843} ```",2026-10-08T10:24:31
d5_L03_login_D65_M.png,3,1,D65,decoy,로그인,삭제,1.0,로그인,1,1.7,613.4,196.8,ok,"```json {""x"": 697, ""y"": 328} ```",2026-10-08T10:24:37
d5_L03_login_D65_M.png,3,1,D65,decoy,로그인,삭제,0.25,로그인,1,1.4,615.1,195.6,ok,"{""x"": 699, ""y"": 326}",2026-10-08T10:24:42
d5_L12_login_D65_N.png,12,0,D65,decoy,로그인,홈,1.0,로그인,1,0.2,109.1,490.8,ok,"{""x"": 124, ""y"": 818}",2026-10-08T10:24:48
d5_L12_login_D65_N.png,12,0,D65,decoy,로그인,홈,0.25,로그인,1,3.7,110.9,487.8,ok,"```json {""x"": 126, ""y"": 813} ```",2026-10-08T10:24:54
d5_L18_login_D65_M.png,18,1,D65,decoy,로그인,삭제,1.0,로그인,1,0.6,410.1,405.6,ok,"```json {""x"": 466, ""y"": 676} ```",2026-10-08T10:24:59
d5_L18_login_D65_M.png,18,1,D65,decoy,로그인,삭제,0.25,로그인,1,3.1,409.2,402.0,ok,"```json {""x"": 465, ""y"": 670} ```",2026-10-08T10:25:05
d5_L14_login_D245_M.png,14,1,D245,decoy,로그인,취소,1.0,로그인,1,0.3,424.2,154.2,ok,"```json {""x"": 482, ""y"": 257} ```",2026-10-08T10:25:11
d5_L14_login_D245_M.png,14,1,D245,decoy,로그인,취소,0.25,로그인,1,0.3,424.2,154.2,ok,"```json {""x"": 482, ""y"": 257} ```",2026-10-08T10:25:17
d5_L09_login_D65_M.png,9,1,D65,decoy,로그인,취소,1.0,로그인,1,0.4,359.9,257.4,ok,"```json {""x"": 409, ""y"": 429} ```",2026-10-08T10:25:23
d5_L09_login_D65_M.png,9,1,D65,decoy,로그인,취소,0.25,로그인,1,0.8,359.9,256.2,ok,"```json {""x"": 409, ""y"": 427} ```",2026-10-08T10:25:29
d5_L10_login_D245_M.png,10,1,D245,decoy,로그인,저장,1.0,로그인,1,0.3,226.2,334.2,ok,"{""x"": 257, ""y"": 557}",2026-10-08T10:25:36
d5_L10_login_D245_M.png,10,1,D245,decoy,로그인,저장,0.25,로그인,1,1.1,227.0,333.6,ok,"```json {""x"": 258, ""y"": 556} ```",2026-10-08T10:25:42
d5_L08_login_D65_N.png,8,0,D65,decoy,로그인,저장,1.0,로그인,1,0.2,644.2,471.0,ok,"```json {""x"": 732, ""y"": 785} ```",2026-10-08T10:25:48
d5_L08_login_D65_N.png,8,0,D65,decoy,로그인,저장,0.25,로그인,1,0.6,644.2,471.6,ok,"```json {""x"": 732, ""y"": 786} ```",2026-10-08T10:26:02
d5_L02_login_D245_N.png,2,0,D245,decoy,로그인,검색,1.0,로그인,1,0.2,607.2,414.0,ok,"```json {""x"": 690, ""y"": 690} ```",2026-10-08T10:26:12
d5_L02_login_D245_N.png,2,0,D245,decoy,로그인,검색,0.25,로그인,1,2.4,607.2,411.6,ok,"```json {""x"": 690, ""y"": 686} ```",2026-10-08T10:26:22
d5_L00_login_D245_N.png,0,0,D245,decoy,로그인,취소,1.0,로그인,1,0.6,561.4,520.8,ok,"```json {""x"": 638, ""y"": 868} ```",2026-10-08T10:26:34
d5_L00_login_D245_N.png,0,0,D245,decoy,로그인,취소,0.25,로그인,1,1.5,561.4,519.6,ok,"```json {""x"": 638, ""y"": 866} ```",2026-10-08T10:26:48
d5_L06_login_D65_M.png,6,1,D65,decoy,로그인,홈,1.0,로그인,1,0.7,288.6,316.2,ok,"```json {""x"": 328, ""y"": 527} ```",2026-10-08T10:27:01
d5_L06_login_D65_M.png,6,1,D65,decoy,로그인,홈,0.25,로그인,1,0.7,288.6,316.2,ok,"```json {""x"": 328, ""y"": 527} ```",2026-10-08T10:27:12
d5_L15_login_D65_N.png,15,0,D65,decoy,로그인,삭제,1.0,로그인,1,0.4,257.8,321.6,ok,"{""x"": 293, ""y"": 536}",2026-10-08T10:27:24
d5_L15_login_D65_N.png,15,0,D65,decoy,로그인,삭제,0.25,로그인,1,1.2,258.7,321.0,ok,"```json {""x"": 294, ""y"": 535} ```",2026-10-08T10:27:36
d5_L14_login_D65_N.png,14,0,D65,decoy,로그인,취소,1.0,로그인,1,0.7,456.7,154.2,ok,"```json {""x"": 519, ""y"": 257} ```",2026-10-08T10:27:46
d5_L14_login_D65_N.png,14,0,D65,decoy,로그인,취소,0.25,로그인,1,4.2,460.2,154.2,ok,"```json {""x"": 523, ""y"": 257} ```",2026-10-08T10:27:55
d5_L13_login_D65_M.png,13,1,D65,decoy,로그인,저장,1.0,로그인,1,0.4,774.4,250.8,ok,"```json {""x"": 880, ""y"": 418} ```",2026-10-08T10:28:09
d5_L13_login_D65_M.png,13,1,D65,decoy,로그인,저장,0.25,로그인,1,1.1,774.4,252.0,ok,"```json {""x"": 880, ""y"": 420} ```",2026-10-08T10:28:21
d5_L08_login_D245_M.png,8,1,D245,decoy,로그인,저장,1.0,로그인,1,0.2,235.8,471.0,ok,"```json {""x"": 268, ""y"": 785} ```",2026-10-08T10:28:32
d5_L08_login_D245_M.png,8,1,D245,decoy,로그인,저장,0.25,로그인,1,4.3,236.7,475.2,ok,"```json {""x"": 269, ""y"": 792} ```",2026-10-08T10:28:41
d5_L03_login_D65_N.png,3,0,D65,decoy,로그인,삭제,1.0,로그인,1,0.8,265.8,196.8,ok,"```json {""x"": 302, ""y"": 328} ```",2026-10-08T10:28:51
d5_L03_login_D65_N.png,3,0,D65,decoy,로그인,삭제,0.25,로그인,1,1.7,266.6,196.8,ok,"```json {""x"": 303, ""y"": 328} ```",2026-10-08T11:54:08
d5_L07_login_D245_M.png,7,1,D245,decoy,로그인,취소,0.2,로그인,1,3.2,296.6,184.8,ok,"```json {""x"": 337, ""y"": 308} ```",2026-10-08T12:11:45
d5_L07_login_D245_M.png,7,1,D245,decoy,로그인,취소,0.15,로그인,1,5.9,293.9,183.0,ok,"```json {""x"": 334, ""y"": 305} ```",2026-10-08T12:11:52
d5_L09_login_D245_M.png,9,1,D245,decoy,로그인,취소,0.2,로그인,1,0.8,359.9,256.2,ok,"```json {""x"": 409, ""y"": 427} ```",2026-10-08T12:11:57
d5_L09_login_D245_M.png,9,1,D245,decoy,로그인,취소,0.15,로그인,1,0.8,359.9,256.2,ok,"```json {""x"": 409, ""y"": 427} ```",2026-10-08T12:12:04
d5_L12_login_D245_N.png,12,0,D245,decoy,로그인,홈,0.2,로그인,1,5.1,110.0,486.0,ok,"```json {""x"": 125, ""y"": 810} ```",2026-10-08T12:12:12
d5_L12_login_D245_N.png,12,0,D245,decoy,로그인,홈,0.15,로그인,1,5.7,110.0,485.4,ok,"```json {""x"": 125, ""y"": 809} ```",2026-10-08T12:12:19
d5_L07_login_D245_N.png,7,0,D245,decoy,로그인,취소,0.2,로그인,1,5.0,582.6,183.0,ok,"```json {""x"": 662, ""y"": 305} ```",2026-10-08T12:12:25
d5_L07_login_D245_N.png,7,0,D245,decoy,로그인,취소,0.15,로그인,1,5.0,582.6,183.0,ok,"{""x"": 662, ""y"": 305}",2026-10-08T12:12:30
d5_L17_login_D245_M.png,17,1,D245,decoy,로그인,도움말,0.2,로그인,1,1.7,348.5,452.4,ok,"```json {""x"": 396, ""y"": 754} ```",2026-10-08T12:12:36
d5_L17_login_D245_M.png,17,1,D245,decoy,로그인,도움말,0.15,로그인,1,5.0,347.6,459.0,ok,"```json {""x"": 395, ""y"": 765} ```",2026-10-08T12:12:42
d5_L16_login_D65_M.png,16,1,D65,decoy,로그인,취소,0.2,로그인,1,1.6,547.4,56.4,ok,"```json {""x"": 622, ""y"": 94} ```",2026-10-08T12:12:48
d5_L16_login_D65_M.png,16,1,D65,decoy,로그인,취소,0.15,로그인,1,1.6,547.4,56.4,ok,"```json {""x"": 622, ""y"": 94} ```",2026-10-08T12:12:55
d5_L03_login_D245_M.png,3,1,D245,decoy,로그인,삭제,0.2,로그인,1,1.6,614.2,195.6,ok,"```json {""x"": 698, ""y"": 326} ```",2026-10-08T12:13:03
d5_L03_login_D245_M.png,3,1,D245,decoy,로그인,삭제,0.15,로그인,1,0.8,614.2,196.8,ok,"```json {""x"": 698, ""y"": 328} ```",2026-10-08T12:13:08
d5_L06_login_D65_N.png,6,0,D65,decoy,로그인,홈,0.2,로그인,1,0.5,592.2,315.6,ok,"```json {""x"": 673, ""y"": 526} ```",2026-10-08T12:13:16
d5_L06_login_D65_N.png,6,0,D65,decoy,로그인,홈,0.15,로그인,1,2.2,592.2,313.8,ok,"```json {""x"": 673, ""y"": 523} ```",2026-10-08T12:13:23
d5_L16_login_D245_N.png,16,0,D245,decoy,로그인,취소,0.2,로그인,1,1.1,333.5,57.0,ok,"```json {""x"": 379, ""y"": 95} ```",2026-10-08T12:13:29
d5_L16_login_D245_N.png,16,0,D245,decoy,로그인,취소,0.15,로그인,1,2.3,333.5,55.8,ok,"```json {""x"": 379, ""y"": 93} ```",2026-10-08T12:13:37
d5_L00_login_D65_M.png,0,1,D65,decoy,로그인,취소,0.2,로그인,1,4.4,315.0,517.8,ok,"```json {""x"": 358, ""y"": 863} ```",2026-10-08T12:13:43
d5_L00_login_D65_M.png,0,1,D65,decoy,로그인,취소,0.15,로그인,1,6.8,317.7,514.2,ok,"{""x"": 361, ""y"": 857}",2026-10-08T12:13:49
d5_L09_login_D65_N.png,9,0,D65,decoy,로그인,취소,0.2,로그인,1,7.0,513.0,256.2,ok,"{""x"": 583, ""y"": 427}",2026-10-08T12:13:55
d5_L09_login_D65_N.png,9,0,D65,decoy,로그인,취소,0.15,로그인,1,0.8,520.1,256.2,ok,"```json {""x"": 591, ""y"": 427} ```",2026-10-08T12:14:19
d5_L16_login_D245_M.png,16,1,D245,decoy,로그인,취소,0.2,로그인,1,1.4,547.4,59.4,ok,"```json {""x"": 622, ""y"": 99} ```",2026-10-08T12:14:26
d5_L16_login_D245_M.png,16,1,D245,decoy,로그인,취소,0.15,로그인,1,1.6,547.4,56.4,ok,"```json {""x"": 622, ""y"": 94} ```",2026-10-08T12:14:33
d5_L19_login_D245_N.png,19,0,D245,decoy,로그인,설정,0.2,로그인,1,6.8,707.5,487.2,ok,"```json {""x"": 804, ""y"": 812} ```",2026-10-08T12:14:40
d5_L19_login_D245_N.png,19,0,D245,decoy,로그인,설정,0.15,로그인,1,6.2,707.5,487.8,ok,"```json {""x"": 804, ""y"": 813} ```",2026-10-08T12:14:46
d5_L01_login_D65_M.png,1,1,D65,decoy,로그인,홈,0.2,로그인,1,0.6,136.4,330.6,ok,"```json {""x"": 155, ""y"": 551} ```",2026-10-08T12:14:52
d5_L01_login_D65_M.png,1,1,D65,decoy,로그인,홈,0.15,로그인,1,1.3,137.3,330.6,ok,"```json {""x"": 156, ""y"": 551} ```",2026-10-08T12:14:58
d5_L09_login_D245_N.png,9,0,D245,decoy,로그인,취소,0.2,로그인,1,0.8,520.1,256.2,ok,"```json {""x"": 591, ""y"": 427} ```",2026-10-08T12:15:06
d5_L09_login_D245_N.png,9,0,D245,decoy,로그인,취소,0.15,로그인,1,2.0,521.8,256.2,ok,"```json {""x"": 593, ""y"": 427} ```",2026-10-08T12:15:13
d5_L07_login_D65_M.png,7,1,D65,decoy,로그인,취소,0.2,로그인,1,3.5,298.3,184.8,ok,"```json {""x"": 339, ""y"": 308} ```",2026-10-08T12:15:19
d5_L07_login_D65_M.png,7,1,D65,decoy,로그인,취소,0.15,로그인,1,3.5,298.3,184.8,ok,"```json {""x"": 339, ""y"": 308} ```",2026-10-08T12:15:26
d5_L17_login_D65_N.png,17,0,D65,decoy,로그인,도움말,0.2,로그인,1,2.0,532.4,456.0,ok,"```json {""x"": 605, ""y"": 760} ```",2026-10-08T12:15:31
d5_L17_login_D65_N.png,17,0,D65,decoy,로그인,도움말,0.15,로그인,1,0.4,532.4,454.2,ok,"```json {""x"": 605, ""y"": 757} ```",2026-10-08T12:15:37
d5_L03_login_D245_N.png,3,0,D245,decoy,로그인,삭제,0.2,로그인,1,0.2,264.9,196.8,ok,"```json {""x"": 301, ""y"": 328} ```",2026-10-08T12:20:56
d5_L03_login_D245_N.png,3,0,D245,decoy,로그인,삭제,0.15,로그인,1,2.2,266.6,195.6,ok,"```json {""x"": 303, ""y"": 326} ```",2026-10-08T12:21:02
d5_L04_login_D245_N.png,4,0,D245,decoy,로그인,삭제,0.2,로그인,1,8.5,565.0,408.6,ok,"```json {""x"": 642, ""y"": 681} ```",2026-10-08T12:21:08
d5_L04_login_D245_N.png,4,0,D245,decoy,로그인,삭제,0.15,로그인,1,2.5,562.3,415.2,ok,"```json {""x"": 639, ""y"": 692} ```",2026-10-08T12:21:13
d5_L12_login_D65_M.png,12,1,D65,decoy,로그인,홈,0.2,로그인,1,5.7,770.0,485.4,ok,"```json {""x"": 875, ""y"": 809} ```",2026-10-08T12:21:19
d5_L12_login_D65_M.png,12,1,D65,decoy,로그인,홈,0.15,로그인,1,5.6,770.9,485.4,ok,"{""x"": 876, ""y"": 809}",2026-10-08T12:21:25
d5_L15_login_D245_M.png,15,1,D245,decoy,로그인,삭제,0.2,로그인,1,2.2,623.9,321.0,ok,"```json {""x"": 709, ""y"": 535} ```",2026-10-08T12:21:33
d5_L15_login_D245_M.png,15,1,D245,decoy,로그인,삭제,0.15,로그인,1,3.7,623.9,325.2,ok,"```json {""x"": 709, ""y"": 542} ```",2026-10-08T12:21:39
d5_L19_login_D245_M.png,19,1,D245,decoy,로그인,설정,0.2,로그인,1,5.0,172.5,489.0,ok,"```json {""x"": 196, ""y"": 815} ```",2026-10-08T12:21:45
d5_L19_login_D245_M.png,19,1,D245,decoy,로그인,설정,0.15,로그인,1,6.2,172.5,487.8,ok,"```json {""x"": 196, ""y"": 813} ```",2026-10-08T12:21:50
d5_L17_login_D65_M.png,17,1,D65,decoy,로그인,도움말,0.2,로그인,1,0.4,347.6,454.2,ok,"```json {""x"": 395, ""y"": 757} ```",2026-10-08T12:21:56
d5_L17_login_D65_M.png,17,1,D65,decoy,로그인,도움말,0.15,로그인,1,5.8,347.6,448.2,ok,"```json {""x"": 395, ""y"": 747} ```",2026-10-08T12:22:03
d5_L17_login_D245_N.png,17,0,D245,decoy,로그인,도움말,0.2,로그인,1,1.3,533.3,454.2,ok,"```json {""x"": 606, ""y"": 757} ```",2026-10-08T12:22:10
d5_L17_login_D245_N.png,17,0,D245,decoy,로그인,도움말,0.15,로그인,1,5.2,533.3,459.0,ok,"```json {""x"": 606, ""y"": 765} ```",2026-10-08T12:22:17
d5_L01_login_D245_M.png,1,1,D245,decoy,로그인,홈,0.2,로그인,1,1.1,136.4,330.0,ok,"```json {""x"": 155, ""y"": 550} ```",2026-10-08T12:22:23
d5_L01_login_D245_M.png,1,1,D245,decoy,로그인,홈,0.15,로그인,1,1.3,137.3,330.6,ok,"```json {""x"": 156, ""y"": 551} ```",2026-10-08T12:22:29
d5_L05_login_D65_N.png,5,0,D65,decoy,로그인,삭제,0.2,로그인,1,0.9,243.8,305.4,ok,"```json {""x"": 277, ""y"": 509} ```",2026-10-08T12:22:36
d5_L05_login_D65_N.png,5,0,D65,decoy,로그인,삭제,0.15,로그인,1,2.8,240.2,305.4,ok,"```json {""x"": 273, ""y"": 509} ```",2026-10-08T12:22:44
d5_L14_login_D245_N.png,14,0,D245,decoy,로그인,취소,0.2,로그인,1,3.9,454.1,150.6,ok,"{""x"": 516, ""y"": 251}",2026-10-08T12:22:50
d5_L14_login_D245_N.png,14,0,D245,decoy,로그인,취소,0.15,로그인,1,0.7,456.7,154.2,ok,"```json {""x"": 519, ""y"": 257} ```",2026-10-08T12:22:57
d5_L19_login_D65_M.png,19,1,D65,decoy,로그인,설정,0.2,로그인,1,7.4,172.5,486.6,ok,"```json {""x"": 196, ""y"": 811} ```",2026-10-08T12:23:03
d5_L19_login_D65_M.png,19,1,D65,decoy,로그인,설정,0.15,로그인,1,6.4,171.6,487.8,ok,"```json {""x"": 195, ""y"": 813} ```",2026-10-08T12:23:11
d5_L04_login_D65_M.png,4,1,D65,decoy,로그인,삭제,0.2,로그인,1,5.5,315.0,411.6,ok,"```json {""x"": 358, ""y"": 686} ```",2026-10-08T12:23:17
d5_L04_login_D65_M.png,4,1,D65,decoy,로그인,삭제,0.15,로그인,1,5.5,315.0,411.6,ok,"```json {""x"": 358, ""y"": 686} ```",2026-10-08T12:23:22
d5_L10_login_D65_M.png,10,1,D65,decoy,로그인,저장,0.2,로그인,1,1.0,226.2,333.0,ok,"```json {""x"": 257, ""y"": 555} ```",2026-10-08T12:23:30
d5_L10_login_D65_M.png,10,1,D65,decoy,로그인,저장,0.15,로그인,1,2.3,227.0,336.0,ok,"```json {""x"": 258, ""y"": 560} ```",2026-10-08T12:23:38
d5_L08_login_D245_N.png,8,0,D245,decoy,로그인,저장,0.2,로그인,1,5.4,644.2,465.6,ok,"```json {""x"": 732, ""y"": 776} ```",2026-10-08T12:23:46
d5_L08_login_D245_N.png,8,0,D245,decoy,로그인,저장,0.15,로그인,1,0.6,644.2,471.6,ok,"```json {""x"": 732, ""y"": 786} ```",2026-10-08T12:23:54
d5_L01_login_D65_N.png,1,0,D65,decoy,로그인,홈,0.2,로그인,1,1.1,744.5,330.0,ok,"```json {""x"": 846, ""y"": 550} ```",2026-10-08T12:23:59
d5_L01_login_D65_N.png,1,0,D65,decoy,로그인,홈,0.15,로그인,1,3.2,743.6,334.2,ok,"```json {""x"": 845, ""y"": 557} ```",2026-10-08T12:24:05
d5_L10_login_D245_N.png,10,0,D245,decoy,로그인,저장,0.2,로그인,1,2.3,655.6,332.4,ok,"```json {""x"": 745, ""y"": 554} ```",2026-10-08T12:24:13
d5_L10_login_D245_N.png,10,0,D245,decoy,로그인,저장,0.15,로그인,1,2.6,655.6,336.0,ok,"```json {""x"": 745, ""y"": 560} ```",2026-10-08T12:24:18
d5_L13_login_D65_N.png,13,0,D65,decoy,로그인,저장,0.2,로그인,1,3.8,106.5,247.2,ok,"{""x"": 121, ""y"": 412}",2026-10-08T12:24:25
d5_L13_login_D65_N.png,13,0,D65,decoy,로그인,저장,0.15,로그인,1,3.8,106.5,247.2,ok,"```json {""x"": 121, ""y"": 412} ```",2026-10-08T12:24:32
d5_L06_login_D245_M.png,6,1,D245,decoy,로그인,홈,0.2,로그인,1,1.6,289.5,315.6,ok,"```json {""x"": 329, ""y"": 526} ```",2026-10-08T12:24:38
d5_L06_login_D245_M.png,6,1,D245,decoy,로그인,홈,0.15,로그인,1,1.2,286.9,315.6,ok,"{""x"": 326, ""y"": 526}}",2026-10-08T12:24:45
d5_L15_login_D245_N.png,15,0,D245,decoy,로그인,삭제,0.2,로그인,1,3.0,260.5,320.4,ok,"```json {""x"": 296, ""y"": 534} ```",2026-10-08T12:24:51
d5_L15_login_D245_N.png,15,0,D245,decoy,로그인,삭제,0.15,로그인,1,5.2,260.5,317.4,ok,"```json {""x"": 296, ""y"": 529} ```",2026-10-08T12:24:57
d5_L07_login_D65_N.png,7,0,D65,decoy,로그인,취소,0.2,로그인,1,3.2,582.6,184.8,ok,"```json {""x"": 662, ""y"": 308} ```",2026-10-08T12:25:04
d5_L07_login_D65_N.png,7,0,D65,decoy,로그인,취소,0.15,로그인,1,5.2,582.6,193.2,ok,"```json {""x"": 662, ""y"": 322} ```",2026-10-08T12:25:10
d5_L14_login_D65_M.png,14,1,D65,decoy,로그인,취소,0.2,로그인,1,0.3,424.2,154.2,ok,"```json {""x"": 482, ""y"": 257} ```",2026-10-08T12:25:16
d5_L14_login_D65_M.png,14,1,D65,decoy,로그인,취소,0.15,로그인,1,0.3,424.2,154.2,ok,"```json {""x"": 482, ""y"": 257} ```",2026-10-08T12:25:21
d5_L12_login_D245_M.png,12,1,D245,decoy,로그인,홈,0.2,로그인,1,9.0,768.2,482.4,ok,"```json {""x"": 873, ""y"": 804} ```",2026-10-08T12:25:27
d5_L12_login_D245_M.png,12,1,D245,decoy,로그인,홈,0.15,로그인,1,6.9,770.0,484.2,ok,"```json {""x"": 875, ""y"": 807} ```",2026-10-08T12:25:35
d5_L02_login_D245_M.png,2,1,D245,decoy,로그인,검색,0.2,로그인,1,2.6,271.9,411.6,ok,"```json {""x"": 309, ""y"": 686} ```",2026-10-08T12:25:40
d5_L02_login_D245_M.png,2,1,D245,decoy,로그인,검색,0.15,로그인,1,2.6,271.9,411.6,ok,"```json {""x"": 309, ""y"": 686} ```",2026-10-08T12:25:46
d5_L04_login_D245_M.png,4,1,D245,decoy,로그인,삭제,0.2,로그인,1,6.1,315.0,411.0,ok,"```json {""x"": 358, ""y"": 685} ```",2026-10-08T12:25:52
d5_L04_login_D245_M.png,4,1,D245,decoy,로그인,삭제,0.15,로그인,1,5.5,315.0,411.6,ok,"```json {""x"": 358, ""y"": 686} ```",2026-10-08T12:25:59
d5_L00_login_D245_M.png,0,1,D245,decoy,로그인,취소,0.2,로그인,1,3.2,317.7,517.8,ok,"```json {""x"": 361, ""y"": 863} ```",2026-10-08T12:26:05
d5_L00_login_D245_M.png,0,1,D245,decoy,로그인,취소,0.15,로그인,1,10.8,315.0,510.6,ok,"```json {""x"": 358, ""y"": 851} ```",2026-10-08T12:26:11
d5_L18_login_D245_N.png,18,0,D245,decoy,로그인,삭제,0.2,로그인,1,2.5,470.8,407.4,ok,"```json {""x"": 535, ""y"": 679} ```",2026-10-08T12:26:17
d5_L18_login_D245_N.png,18,0,D245,decoy,로그인,삭제,0.15,로그인,1,4.3,470.8,400.8,ok,"```json {""x"": 535, ""y"": 668} ```",2026-10-08T12:26:24
d5_L11_login_D245_M.png,11,1,D245,decoy,로그인,삭제,0.2,로그인,1,4.4,679.4,501.6,ok,"```json {""x"": 772, ""y"": 836} ```",2026-10-08T12:26:30
d5_L11_login_D245_M.png,11,1,D245,decoy,로그인,삭제,0.15,로그인,1,1.4,679.4,504.6,ok,"```json {""x"": 772, ""y"": 841} ```",2026-10-08T12:26:37
d5_L10_login_D65_N.png,10,0,D65,decoy,로그인,저장,0.2,로그인,1,0.3,653.8,334.2,ok,"```json {""x"": 743, ""y"": 557} ```",2026-10-08T12:26:42
d5_L10_login_D65_N.png,10,0,D65,decoy,로그인,저장,0.15,로그인,1,2.0,653.8,336.0,ok,"```json {""x"": 743, ""y"": 560} ```",2026-10-08T12:26:49
d5_L02_login_D65_N.png,2,0,D65,decoy,로그인,검색,0.2,로그인,1,5.9,604.6,408.6,ok,"```json {""x"": 687, ""y"": 681} ```",2026-10-08T12:26:55
d5_L02_login_D65_N.png,2,0,D65,decoy,로그인,검색,0.15,로그인,1,3.0,604.6,412.2,ok,"```json {""x"": 687, ""y"": 687} ```",2026-10-08T12:27:01
d5_L01_login_D245_N.png,1,0,D245,decoy,로그인,홈,0.2,로그인,1,1.1,744.5,330.0,ok,"```json {""x"": 846, ""y"": 550} ```",2026-10-08T12:27:07
d5_L01_login_D245_N.png,1,0,D245,decoy,로그인,홈,0.15,로그인,1,1.4,745.4,330.6,ok,"```json {""x"": 847, ""y"": 551} ```",2026-10-08T12:27:13
d5_L06_login_D245_N.png,6,0,D245,decoy,로그인,홈,0.2,로그인,1,4.6,592.2,311.4,ok,"```json {""x"": 673, ""y"": 519} ```",2026-10-08T12:27:18
d5_L06_login_D245_N.png,6,0,D245,decoy,로그인,홈,0.15,로그인,1,0.5,592.2,315.6,ok,"```json {""x"": 673, ""y"": 526} ```",2026-10-08T12:27:24
d5_L11_login_D65_N.png,11,0,D65,decoy,로그인,삭제,0.2,로그인,1,11.0,200.6,495.0,ok,"```json {""x"": 228, ""y"": 825} ```",2026-10-08T12:27:31
d5_L11_login_D65_N.png,11,0,D65,decoy,로그인,삭제,0.15,로그인,1,12.9,202.4,493.2,ok,"```json {""x"": 230, ""y"": 822} ```",2026-10-08T12:27:37
d5_L04_login_D65_N.png,4,0,D65,decoy,로그인,삭제,0.2,로그인,1,8.5,565.0,408.6,ok,"```json {""x"": 642, ""y"": 681} ```",2026-10-08T12:27:43
d5_L04_login_D65_N.png,4,0,D65,decoy,로그인,삭제,0.15,로그인,1,2.1,562.3,415.8,ok,"```json {""x"": 639, ""y"": 693} ```",2026-10-08T12:27:49
d5_L19_login_D65_N.png,19,0,D65,decoy,로그인,설정,0.2,로그인,1,6.2,707.5,487.8,ok,"```json {""x"": 804, ""y"": 813} ```",2026-10-08T12:27:55
d5_L19_login_D65_N.png,19,0,D65,decoy,로그인,설정,0.15,로그인,1,5.0,707.5,489.0,ok,"```json {""x"": 804, ""y"": 815} ```",2026-10-08T12:28:04
d5_L18_login_D65_N.png,18,0,D65,decoy,로그인,삭제,0.2,로그인,1,3.0,469.9,408.0,ok,"```json {""x"": 534, ""y"": 680} ```",2026-10-08T12:28:10
d5_L18_login_D65_N.png,18,0,D65,decoy,로그인,삭제,0.15,로그인,1,4.3,470.8,400.8,ok,"```json {""x"": 535, ""y"": 668} ```",2026-10-08T12:28:17
d5_L18_login_D245_M.png,18,1,D245,decoy,로그인,삭제,0.2,로그인,1,4.3,409.2,400.8,ok,"```json {""x"": 465, ""y"": 668} ```",2026-10-08T12:28:23
d5_L18_login_D245_M.png,18,1,D245,decoy,로그인,삭제,0.15,로그인,1,4.3,409.2,400.8,ok,"```json {""x"": 465, ""y"": 668} ```",2026-10-08T12:28:31
d5_L05_login_D245_N.png,5,0,D245,decoy,로그인,삭제,0.2,로그인,1,2.1,243.8,303.0,ok,"```json {""x"": 277, ""y"": 505} ```",2026-10-08T12:28:41
d5_L05_login_D245_N.png,5,0,D245,decoy,로그인,삭제,0.15,로그인,1,0.9,243.8,305.4,ok,"```json {""x"": 277, ""y"": 509} ```",2026-10-08T12:28:46
d5_L02_login_D65_M.png,2,1,D65,decoy,로그인,검색,0.2,로그인,1,2.6,271.9,411.6,ok,"```json {""x"": 309, ""y"": 686} ```",2026-10-08T12:28:54
d5_L02_login_D65_M.png,2,1,D65,decoy,로그인,검색,0.15,로그인,1,2.6,271.9,411.6,ok,"```json {""x"": 309, ""y"": 686} ```",2026-10-08T12:28:59
d5_L00_login_D65_N.png,0,0,D65,decoy,로그인,취소,0.2,로그인,1,8.0,561.4,513.0,ok,"```json {""x"": 638, ""y"": 855} ```",2026-10-08T12:29:05
d5_L00_login_D65_N.png,0,0,D65,decoy,로그인,취소,0.15,로그인,1,3.2,561.4,517.8,ok,"```json {""x"": 638, ""y"": 863} ```",2026-10-08T12:29:12
d5_L15_login_D65_M.png,15,1,D65,decoy,로그인,삭제,0.2,로그인,1,2.0,623.9,321.6,ok,"```json {""x"": 709, ""y"": 536} ```",2026-10-08T12:29:19
d5_L15_login_D65_M.png,15,1,D65,decoy,로그인,삭제,0.15,로그인,1,2.9,623.9,319.8,ok,"{""x"": 709, ""y"": 533}",2026-10-08T12:29:27
d5_L13_login_D245_M.png,13,1,D245,decoy,로그인,저장,0.2,로그인,1,1.1,774.4,252.0,ok,"```json {""x"": 880, ""y"": 420} ```",2026-10-08T12:29:32
d5_L13_login_D245_M.png,13,1,D245,decoy,로그인,저장,0.15,로그인,1,1.1,774.4,252.0,ok,"```json {""x"": 880, ""y"": 420} ```",2026-10-08T12:29:39
d5_L08_login_D65_M.png,8,1,D65,decoy,로그인,저장,0.2,로그인,1,5.4,236.7,465.6,ok,"```json {""x"": 269, ""y"": 776} ```",2026-10-08T12:29:45
d5_L08_login_D65_M.png,8,1,D65,decoy,로그인,저장,0.15,로그인,1,12.0,235.8,459.0,ok,"```json {""x"": 268, ""y"": 765} ```",2026-10-08T12:29:51
d5_L11_login_D65_M.png,11,1,D65,decoy,로그인,삭제,0.2,로그인,1,2.6,679.4,503.4,ok,"```json {""x"": 772, ""y"": 839} ```",2026-10-08T12:30:00
d5_L11_login_D65_M.png,11,1,D65,decoy,로그인,삭제,0.15,로그인,1,5.6,679.4,500.4,ok,"{""x"": 772, ""y"": 834}",2026-10-08T12:30:06
d5_L13_login_D245_N.png,13,0,D245,decoy,로그인,저장,0.2,로그인,1,0.5,106.5,250.8,ok,"```json {""x"": 121, ""y"": 418} ```",2026-10-08T12:30:14
d5_L13_login_D245_N.png,13,0,D245,decoy,로그인,저장,0.15,로그인,1,1.1,106.5,252.0,ok,"```json {""x"": 121, ""y"": 420} ```",2026-10-08T12:30:20
d5_L05_login_D65_M.png,5,1,D65,decoy,로그인,삭제,0.2,로그인,1,0.4,637.1,305.4,ok,"```json {""x"": 724, ""y"": 509} ```",2026-10-08T12:30:26
d5_L05_login_D65_M.png,5,1,D65,decoy,로그인,삭제,0.15,로그인,1,1.1,638.0,305.4,ok,"```json {""x"": 725, ""y"": 509} ```",2026-10-08T12:30:32
d5_L16_login_D65_N.png,16,0,D65,decoy,로그인,취소,0.2,로그인,1,5.2,333.5,52.8,ok,"{""x"": 379, ""y"": 88}",2026-10-08T12:30:37
d5_L16_login_D65_N.png,16,0,D65,decoy,로그인,취소,0.15,로그인,1,5.2,333.5,52.8,ok,"```json {""x"": 379, ""y"": 88} ```",2026-10-08T12:30:43
d5_L05_login_D245_M.png,5,1,D245,decoy,로그인,삭제,0.2,로그인,1,0.4,637.1,305.4,ok,"```json {""x"": 724, ""y"": 509} ```",2026-10-08T12:30:52
d5_L05_login_D245_M.png,5,1,D245,decoy,로그인,삭제,0.15,로그인,1,0.4,637.1,305.4,ok,"```json {""x"": 724, ""y"": 509} ```",2026-10-08T12:30:58
d5_L11_login_D245_N.png,11,0,D245,decoy,로그인,삭제,0.2,로그인,1,5.6,200.6,500.4,ok,"```json {""x"": 228, ""y"": 834} ```",2026-10-08T12:31:04
d5_L11_login_D245_N.png,11,0,D245,decoy,로그인,삭제,0.15,로그인,1,13.2,204.2,493.2,ok,"{""x"": 232, ""y"": 822}",2026-10-08T12:31:10
d5_L03_login_D65_M.png,3,1,D65,decoy,로그인,삭제,0.2,로그인,1,7.3,621.3,193.2,ok,"```json {""x"": 706, ""y"": 322} ```",2026-10-08T12:31:16
d5_L03_login_D65_M.png,3,1,D65,decoy,로그인,삭제,0.15,로그인,1,3.8,615.1,193.2,ok,"```json {""x"": 699, ""y"": 322} ```",2026-10-08T12:31:23
d5_L12_login_D65_N.png,12,0,D65,decoy,로그인,홈,0.2,로그인,1,4.5,110.0,486.6,ok,"```json {""x"": 125, ""y"": 811} ```",2026-10-08T12:31:29
d5_L12_login_D65_N.png,12,0,D65,decoy,로그인,홈,0.15,로그인,1,5.8,107.4,485.4,ok,"```json {""x"": 122, ""y"": 809} ```",2026-10-08T12:31:36
d5_L18_login_D65_M.png,18,1,D65,decoy,로그인,삭제,0.2,로그인,1,3.5,411.8,408.0,ok,"```json {""x"": 468, ""y"": 680} ```",2026-10-08T12:31:42
d5_L18_login_D65_M.png,18,1,D65,decoy,로그인,삭제,0.15,로그인,1,4.5,408.3,400.8,ok,"```json {""x"": 464, ""y"": 668} ```",2026-10-08T12:31:48
d5_L14_login_D245_M.png,14,1,D245,decoy,로그인,취소,0.2,로그인,1,2.5,421.5,154.2,ok,"```json {""x"": 479, ""y"": 257} ```",2026-10-08T12:31:53
d5_L14_login_D245_M.png,14,1,D245,decoy,로그인,취소,0.15,로그인,1,3.7,421.5,151.2,ok,"```json {""x"": 479, ""y"": 252} ```",2026-10-08T12:32:00
d5_L09_login_D65_M.png,9,1,D65,decoy,로그인,취소,0.2,로그인,1,0.8,359.9,256.2,ok,"```json {""x"": 409, ""y"": 427} ```",2026-10-08T12:32:05
d5_L09_login_D65_M.png,9,1,D65,decoy,로그인,취소,0.15,로그인,1,0.8,359.9,256.2,ok,"```json {""x"": 409, ""y"": 427} ```",2026-10-08T12:32:11
d5_L10_login_D245_M.png,10,1,D245,decoy,로그인,저장,0.2,로그인,1,2.3,227.0,336.0,ok,"```json {""x"": 258, ""y"": 560} ```",2026-10-08T12:32:17
d5_L10_login_D245_M.png,10,1,D245,decoy,로그인,저장,0.15,로그인,1,0.8,226.2,334.8,ok,"```json {""x"": 257, ""y"": 558} ```",2026-10-08T12:32:22
d5_L08_login_D65_N.png,8,0,D65,decoy,로그인,저장,0.2,로그인,1,5.4,644.2,465.6,ok,"```json {""x"": 732, ""y"": 776} ```",2026-10-08T12:32:28
d5_L08_login_D65_N.png,8,0,D65,decoy,로그인,저장,0.15,로그인,1,10.2,644.2,460.8,ok,"```json {""x"": 732, ""y"": 768} ```",2026-10-08T12:32:34
d5_L02_login_D245_N.png,2,0,D245,decoy,로그인,검색,0.2,로그인,1,10.3,605.4,403.8,ok,"{""x"": 688, ""y"": 673}",2026-10-08T12:32:40
d5_L02_login_D245_N.png,2,0,D245,decoy,로그인,검색,0.15,로그인,1,3.1,609.0,411.6,ok,"```json {""x"": 692, ""y"": 686} ```",2026-10-08T12:32:46
d5_L00_login_D245_N.png,0,0,D245,decoy,로그인,취소,0.2,로그인,1,7.0,560.6,514.2,ok,"```json {""x"": 637, ""y"": 857} ```",2026-10-08T12:32:52
d5_L00_login_D245_N.png,0,0,D245,decoy,로그인,취소,0.15,로그인,1,3.5,560.6,517.8,ok,"```json {""x"": 637, ""y"": 863} ```",2026-10-08T12:32:57
d5_L06_login_D65_M.png,6,1,D65,decoy,로그인,홈,0.2,로그인,1,5.2,288.6,310.8,ok,"```json {""x"": 328, ""y"": 518} ```",2026-10-08T12:33:03
d5_L06_login_D65_M.png,6,1,D65,decoy,로그인,홈,0.15,로그인,1,6.6,289.5,309.6,ok,"```json {""x"": 329, ""y"": 516} ```",2026-10-08T12:33:11
d5_L15_login_D65_N.png,15,0,D65,decoy,로그인,삭제,0.2,로그인,1,6.3,260.5,316.2,ok,"```json {""x"": 296, ""y"": 527} ```",2026-10-08T12:33:17
d5_L15_login_D65_N.png,15,0,D65,decoy,로그인,삭제,0.15,로그인,1,1.0,257.8,321.0,ok,"```json {""x"": 293, ""y"": 535} ```",2026-10-08T12:33:23
d5_L14_login_D65_N.png,14,0,D65,decoy,로그인,취소,0.2,로그인,1,0.7,456.7,154.2,ok,"```json {""x"": 519, ""y"": 257} ```",2026-10-08T12:33:29
d5_L14_login_D65_N.png,14,0,D65,decoy,로그인,취소,0.15,로그인,1,2.5,458.5,154.2,ok,"{""x"": 521, ""y"": 257}",2026-10-08T12:33:35
d5_L13_login_D65_M.png,13,1,D65,decoy,로그인,저장,0.2,로그인,1,0.4,774.4,250.8,ok,"```json {""x"": 880, ""y"": 418} ```",2026-10-08T12:33:41
d5_L13_login_D65_M.png,13,1,D65,decoy,로그인,저장,0.15,로그인,1,1.1,773.5,252.0,ok,"```json {""x"": 879, ""y"": 420} ```",2026-10-08T12:33:47
d5_L08_login_D245_M.png,8,1,D245,decoy,로그인,저장,0.2,로그인,1,5.5,235.0,465.6,ok,"```json {""x"": 267, ""y"": 776} ```",2026-10-08T12:33:53
d5_L08_login_D245_M.png,8,1,D245,decoy,로그인,저장,0.15,로그인,1,12.0,235.8,459.0,ok,"```json {""x"": 268, ""y"": 765} ```",2026-10-08T12:33:59
d5_L03_login_D65_N.png,3,0,D65,decoy,로그인,삭제,0.2,로그인,1,1.7,266.6,196.8,ok,"```json {""x"": 303, ""y"": 328} ```",2026-10-08T12:34:05
d5_L03_login_D65_N.png,3,0,D65,decoy,로그인,삭제,0.15,로그인,1,1.6,265.8,195.6,ok,"```json {""x"": 302, ""y"": 326} ```",2026-10-08T12:34:11
d5_L18_login_gray_N.png,18,0,gray,gray,로그인,,0.2,로그인,1,7.2,470.8,397.8,ok,"```json {""x"": 535, ""y"": 663} ```",2026-10-08T12:34:16
d5_L18_login_gray_N.png,18,0,gray,gray,로그인,,0.15,로그인,1,7.8,470.8,397.2,ok,"```json {""x"": 535, ""y"": 662} ```",2026-10-08T12:34:23
d5_L06_login_gray_N.png,6,0,gray,gray,로그인,,0.2,로그인,1,2.2,592.2,313.8,ok,"```json {""x"": 673, ""y"": 523} ```",2026-10-08T12:34:29
d5_L06_login_gray_N.png,6,0,gray,gray,로그인,,0.15,로그인,1,0.5,592.2,315.6,ok,"```json {""x"": 673, ""y"": 526} ```",2026-10-08T12:34:35
d5_L02_login_gray_N.png,2,0,gray,gray,로그인,,0.2,로그인,1,4.5,603.7,411.0,ok,"```json {""x"": 686, ""y"": 685} ```",2026-10-08T12:34:41
d5_L02_login_gray_N.png,2,0,gray,gray,로그인,,0.15,로그인,1,2.7,604.6,412.8,ok,"```json {""x"": 687, ""y"": 688} ```",2026-10-08T12:34:47
d5_L12_login_gray_N.png,12,0,gray,gray,로그인,,0.2,로그인,1,4.5,110.0,486.6,ok,"```json {""x"": 125, ""y"": 811} ```",2026-10-08T12:34:53
d5_L12_login_gray_N.png,12,0,gray,gray,로그인,,0.15,로그인,1,10.6,110.9,480.6,ok,"```json {""x"": 126, ""y"": 801} ```",2026-10-08T12:34:58
d5_L00_login_gray_M.png,0,1,gray,gray,로그인,,0.2,로그인,1,3.2,317.7,517.8,ok,"```json {""x"": 361, ""y"": 863} ```",2026-10-08T12:35:04
d5_L00_login_gray_M.png,0,1,gray,gray,로그인,,0.15,로그인,1,4.4,315.0,517.8,ok,"```json {""x"": 358, ""y"": 863} ```",2026-10-08T12:35:10
d5_L03_login_gray_M.png,3,1,gray,gray,로그인,,0.2,로그인,1,3.8,615.1,193.2,ok,"```json {""x"": 699, ""y"": 322} ```",2026-10-08T12:35:16
d5_L03_login_gray_M.png,3,1,gray,gray,로그인,,0.15,로그인,1,0.2,615.1,196.8,ok,"```json {""x"": 699, ""y"": 328} ```",2026-10-08T12:35:22
d5_L07_login_gray_N.png,7,0,gray,gray,로그인,,0.2,로그인,1,3.2,582.6,184.8,ok,"```json {""x"": 662, ""y"": 308} ```",2026-10-08T12:35:28
d5_L07_login_gray_N.png,7,0,gray,gray,로그인,,0.15,로그인,1,3.2,582.6,184.8,ok,"```json {""x"": 662, ""y"": 308} ```",2026-10-08T12:35:36
d5_L19_login_gray_M.png,19,1,gray,gray,로그인,,0.2,로그인,1,5.0,172.5,489.0,ok,"```json {""x"": 196, ""y"": 815} ```",2026-10-08T12:35:41
d5_L19_login_gray_M.png,19,1,gray,gray,로그인,,0.15,로그인,1,8.6,172.5,485.4,ok,"```json {""x"": 196, ""y"": 809} ```",2026-10-08T12:35:47
d5_L07_login_gray_M.png,7,1,gray,gray,로그인,,0.2,로그인,1,4.2,298.3,192.0,ok,"```json {""x"": 339, ""y"": 320} ```",2026-10-08T12:35:53
d5_L07_login_gray_M.png,7,1,gray,gray,로그인,,0.15,로그인,1,3.5,298.3,184.8,ok,"```json {""x"": 339, ""y"": 308} ```",2026-10-08T12:35:59
d5_L11_login_gray_N.png,11,0,gray,gray,로그인,,0.2,로그인,1,11.0,200.6,495.0,ok,"```json {""x"": 228, ""y"": 825} ```",2026-10-08T12:36:05
d5_L11_login_gray_N.png,11,0,gray,gray,로그인,,0.15,로그인,1,6.0,203.3,500.4,ok,"```json {""x"": 231, ""y"": 834} ```",2026-10-08T12:36:10
d5_L14_login_gray_N.png,14,0,gray,gray,로그인,,0.2,로그인,1,1.2,456.7,153.0,ok,"```json {""x"": 519, ""y"": 255} ```",2026-10-08T12:36:17
d5_L14_login_gray_N.png,14,0,gray,gray,로그인,,0.15,로그인,1,1.1,455.0,154.2,ok,"```json {""x"": 517, ""y"": 257} ```",2026-10-08T12:36:23
d5_L15_login_gray_N.png,15,0,gray,gray,로그인,,0.2,로그인,1,1.2,258.7,321.0,ok,"```json {""x"": 294, ""y"": 535} ```",2026-10-08T12:36:29
d5_L15_login_gray_N.png,15,0,gray,gray,로그인,,0.15,로그인,1,1.0,257.8,321.0,ok,"```json {""x"": 293, ""y"": 535} ```",2026-10-08T12:36:34
d5_L09_login_gray_N.png,9,0,gray,gray,로그인,,0.2,로그인,1,0.8,520.1,256.2,ok,"```json {""x"": 591, ""y"": 427} ```",2026-10-08T12:36:40
d5_L09_login_gray_N.png,9,0,gray,gray,로그인,,0.15,로그인,1,2.0,521.8,256.2,ok,"```json {""x"": 593, ""y"": 427} ```",2026-10-08T12:36:46
d5_L01_login_gray_M.png,1,1,gray,gray,로그인,,0.2,로그인,1,1.9,137.3,332.4,ok,"```json {""x"": 156, ""y"": 554} ```",2026-10-08T12:36:52
d5_L01_login_gray_M.png,1,1,gray,gray,로그인,,0.15,로그인,1,1.9,137.3,332.4,ok,"```json {""x"": 156, ""y"": 554} ```",2026-10-08T12:36:58
d5_L08_login_gray_N.png,8,0,gray,gray,로그인,,0.2,로그인,1,4.2,644.2,475.2,ok,"```json {""x"": 732, ""y"": 792} ```",2026-10-08T12:37:03
d5_L08_login_gray_N.png,8,0,gray,gray,로그인,,0.15,로그인,1,3.0,644.2,468.0,ok,"```json {""x"": 732, ""y"": 780} ```",2026-10-08T12:37:08
d5_L06_login_gray_M.png,6,1,gray,gray,로그인,,0.2,로그인,1,4.8,289.5,311.4,ok,"```json {""x"": 329, ""y"": 519} ```",2026-10-08T12:37:15
d5_L06_login_gray_M.png,6,1,gray,gray,로그인,,0.15,로그인,1,0.8,288.6,315.6,ok,"```json {""x"": 328, ""y"": 526} ```",2026-10-08T12:37:20
d5_L08_login_gray_M.png,8,1,gray,gray,로그인,,0.2,로그인,1,3.1,236.7,468.0,ok,"```json {""x"": 269, ""y"": 780} ```",2026-10-08T12:37:26
d5_L08_login_gray_M.png,8,1,gray,gray,로그인,,0.15,로그인,1,4.2,235.8,475.2,ok,"```json {""x"": 268, ""y"": 792} ```",2026-10-08T12:37:32
d5_L13_login_gray_M.png,13,1,gray,gray,로그인,,0.2,로그인,1,1.1,773.5,252.0,ok,"```json {""x"": 879, ""y"": 420} ```",2026-10-08T12:37:38
d5_L13_login_gray_M.png,13,1,gray,gray,로그인,,0.15,로그인,1,3.8,774.4,247.2,ok,"```json {""x"": 880, ""y"": 412} ```",2026-10-08T12:37:43
d5_L11_login_gray_M.png,11,1,gray,gray,로그인,,0.2,로그인,1,5.6,679.4,500.4,ok,"```json {""x"": 772, ""y"": 834} ```",2026-10-08T12:37:51
d5_L11_login_gray_M.png,11,1,gray,gray,로그인,,0.15,로그인,1,5.6,679.4,500.4,ok,"```json {""x"": 772, ""y"": 834} ```",2026-10-08T12:37:57
d5_L13_login_gray_N.png,13,0,gray,gray,로그인,,0.2,로그인,1,3.8,106.5,247.2,ok,"{""x"": 121, ""y"": 412}",2026-10-08T12:38:03
d5_L13_login_gray_N.png,13,0,gray,gray,로그인,,0.15,로그인,1,3.8,106.5,247.2,ok,"```json {""x"": 121, ""y"": 412} ```",2026-10-08T12:38:09
d5_L05_login_gray_N.png,5,0,gray,gray,로그인,,0.2,로그인,1,2.1,243.8,303.0,ok,"```json {""x"": 277, ""y"": 505} ```",2026-10-08T12:38:15
d5_L05_login_gray_N.png,5,0,gray,gray,로그인,,0.15,로그인,1,0.8,243.8,304.8,ok,"{""x"": 277, ""y"": 508}",2026-10-08T12:38:21
d5_L16_login_gray_N.png,16,0,gray,gray,로그인,,0.2,로그인,1,2.7,335.3,59.4,ok,"```json {""x"": 381, ""y"": 99} ```",2026-10-08T12:38:27
d5_L16_login_gray_N.png,16,0,gray,gray,로그인,,0.15,로그인,1,10.8,335.3,47.4,ok,"```json {""x"": 381, ""y"": 79} ```",2026-10-08T12:38:33
d5_L17_login_gray_M.png,17,1,gray,gray,로그인,,0.2,로그인,1,4.0,352.0,454.2,ok,"{""x"": 400, ""y"": 757}",2026-10-08T12:38:39
d5_L17_login_gray_M.png,17,1,gray,gray,로그인,,0.15,로그인,1,0.4,347.6,454.2,ok,"```json {""x"": 395, ""y"": 757} ```",2026-10-08T12:38:46
d5_L01_login_gray_N.png,1,0,gray,gray,로그인,,0.2,로그인,1,0.6,744.5,330.6,ok,"```json {""x"": 846, ""y"": 551} ```",2026-10-08T12:38:51
d5_L01_login_gray_N.png,1,0,gray,gray,로그인,,0.15,로그인,1,0.6,743.6,330.6,ok,"```json {""x"": 845, ""y"": 551} ```",2026-10-08T12:38:57
d5_L19_login_gray_N.png,19,0,gray,gray,로그인,,0.2,로그인,1,2.1,707.5,492.0,ok,"```json {""x"": 804, ""y"": 820} ```",2026-10-08T12:39:02
d5_L19_login_gray_N.png,19,0,gray,gray,로그인,,0.15,로그인,1,2.1,707.5,492.0,ok,"```json {""x"": 804, ""y"": 820} ```",2026-10-08T12:39:08
d5_L10_login_gray_M.png,10,1,gray,gray,로그인,,0.2,로그인,1,1.3,227.0,334.8,ok,"```json {""x"": 258, ""y"": 558} ```",2026-10-08T12:40:03
d5_L10_login_gray_M.png,10,1,gray,gray,로그인,,0.15,로그인,1,0.3,226.2,334.2,ok,"```json {""x"": 257, ""y"": 557} ```",2026-10-08T12:40:12
d5_L04_login_gray_M.png,4,1,gray,gray,로그인,,0.2,로그인,1,5.5,315.0,411.6,ok,"```json {""x"": 358, ""y"": 686} ```",2026-10-08T12:40:18
d5_L04_login_gray_M.png,4,1,gray,gray,로그인,,0.15,로그인,1,1.5,315.0,415.8,ok,"```json {""x"": 358, ""y"": 693} ```",2026-10-08T12:40:24
d5_L04_login_gray_N.png,4,0,gray,gray,로그인,,0.15,로그인,1,2.6,565.8,415.2,ok,"```json {""x"": 643, ""y"": 692} ```",2026-10-08T12:40:35
d5_L18_login_gray_M.png,18,1,gray,gray,로그인,,0.2,로그인,1,4.5,408.3,400.8,ok,"```json {""x"": 464, ""y"": 668} ```",2026-10-08T12:40:40
d5_L18_login_gray_M.png,18,1,gray,gray,로그인,,0.15,로그인,1,2.0,409.2,403.2,ok,"```json {""x"": 465, ""y"": 672} ```",2026-10-08T12:40:47
d5_L09_login_gray_M.png,9,1,gray,gray,로그인,,0.2,로그인,1,0.8,359.9,256.2,ok,"```json {""x"": 409, ""y"": 427} ```",2026-10-08T12:40:53
d5_L09_login_gray_M.png,9,1,gray,gray,로그인,,0.15,로그인,1,2.2,360.8,255.0,ok,"```json {""x"": 410, ""y"": 425} ```",2026-10-08T12:40:59
d5_L15_login_gray_M.png,15,1,gray,gray,로그인,,0.2,로그인,1,2.5,623.9,320.4,ok,"```json {""x"": 709, ""y"": 534} ```",2026-10-08T12:41:05
d5_L15_login_gray_M.png,15,1,gray,gray,로그인,,0.15,로그인,1,2.2,623.9,321.0,ok,"```json {""x"": 709, ""y"": 535} ```",2026-10-08T12:41:12
d5_L16_login_gray_M.png,16,1,gray,gray,로그인,,0.2,로그인,1,1.4,547.4,59.4,ok,"```json {""x"": 622, ""y"": 99} ```",2026-10-08T12:41:17
d5_L16_login_gray_M.png,16,1,gray,gray,로그인,,0.15,로그인,1,1.4,547.4,59.4,ok,"```json {""x"": 622, ""y"": 99} ```",2026-10-08T12:41:28
d5_L17_login_gray_N.png,17,0,gray,gray,로그인,,0.2,로그인,1,3.4,533.3,457.2,ok,"```json {""x"": 606, ""y"": 762} ```",2026-10-08T12:41:37
d5_L17_login_gray_N.png,17,0,gray,gray,로그인,,0.15,로그인,1,3.8,532.4,457.8,ok,"```json {""x"": 605, ""y"": 763} ```",2026-10-08T12:41:42
d5_L05_login_gray_M.png,5,1,gray,gray,로그인,,0.2,로그인,1,0.8,637.1,304.2,ok,"{""x"": 724, ""y"": 507}",2026-10-08T12:42:15
d5_L05_login_gray_M.png,5,1,gray,gray,로그인,,0.15,로그인,1,1.1,638.0,305.4,ok,"```json {""x"": 725, ""y"": 509} ```",2026-10-08T12:42:21
d5_L12_login_gray_M.png,12,1,gray,gray,로그인,,0.2,로그인,1,5.7,770.0,485.4,ok,"```json {""x"": 875, ""y"": 809} ```",2026-10-08T12:42:27
d5_L12_login_gray_M.png,12,1,gray,gray,로그인,,0.15,로그인,1,8.7,770.0,482.4,ok,"```json {""x"": 875, ""y"": 804} ```",2026-10-08T12:42:33
d5_L10_login_gray_N.png,10,0,gray,gray,로그인,,0.2,로그인,1,3.7,657.4,332.4,ok,"{""x"": 747, ""y"": 554}",2026-10-08T12:42:39
d5_L10_login_gray_N.png,10,0,gray,gray,로그인,,0.15,로그인,1,4.4,653.8,338.4,ok,"```json {""x"": 743, ""y"": 564} ```",2026-10-08T12:42:45
d5_L00_login_gray_N.png,0,0,gray,gray,로그인,,0.2,로그인,1,3.5,560.6,517.8,ok,"```json {""x"": 637, ""y"": 863} ```",2026-10-08T12:42:51
d5_L00_login_gray_N.png,0,0,gray,gray,로그인,,0.15,로그인,1,7.0,560.6,514.2,ok,"```json {""x"": 637, ""y"": 857} ```",2026-10-08T12:42:57
d5_L02_login_gray_M.png,2,1,gray,gray,로그인,,0.2,로그인,1,2.4,272.8,411.6,ok,"```json {""x"": 310, ""y"": 686} ```",2026-10-08T12:43:03
d5_L02_login_gray_M.png,2,1,gray,gray,로그인,,0.15,로그인,1,13.2,271.9,400.8,ok,"```json {""x"": 309, ""y"": 668} ```",2026-10-08T12:43:09
d5_L14_login_gray_M.png,14,1,gray,gray,로그인,,0.2,로그인,1,0.3,424.2,154.2,ok,"```json {""x"": 482, ""y"": 257} ```",2026-10-08T12:43:14
d5_L14_login_gray_M.png,14,1,gray,gray,로그인,,0.15,로그인,1,0.7,423.3,154.2,ok,"{""x"": 481, ""y"": 257}",2026-10-08T12:43:21
d5_L03_login_gray_N.png,3,0,gray,gray,로그인,,0.2,로그인,1,1.7,266.6,196.8,ok,"```json {""x"": 303, ""y"": 328} ```",2026-10-08T12:43:27
d5_L03_login_gray_N.png,3,0,gray,gray,로그인,,0.15,로그인,1,1.4,264.9,195.6,ok,"```json {""x"": 301, ""y"": 326} ```",2026-10-08T12:43:34
